"mean","lower","upper","ESS","Rhat","var","ivar","converged","ess.thres"
38.2630231344324,32.4193835559223,45.4371560731886,6456.91237628458,0.999760146202803,"rmse",1,TRUE,300
-1954.34092248835,-1972.8916343012,-1938.29397436402,5514.23890436484,1.00020804308864,"log_lik_sum",1,TRUE,300
