"mean","lower","upper","ESS","Rhat","var","ivar","converged","ess.thres"
12.1131139327138,10.5759173505921,14.3128479611208,6185.40356862589,0.999957838810678,"rmse",1,TRUE,300
-1615.80352202832,-1633.13875161109,-1600.72913307874,5946.39814450163,1.00025093447903,"log_lik_sum",1,TRUE,300
