"mean","lower","upper","ESS","Rhat","var","ivar","converged","ess.thres"
29.2861086787922,23.008312593183,37.252289668008,5991.589681611,0.99981506223571,"rmse",1,TRUE,300
-1677.65491952705,-1696.16282037167,-1661.50959114528,5264.17470171396,1.00023196926469,"log_lik_sum",1,TRUE,300
