"mean","lower","upper","ESS","Rhat","var","ivar","converged","ess.thres"
8.03861574003943,6.59538798717178,10.2503679302897,6200.94788975378,0.999963939274018,"rmse",1,TRUE,300
-1250.91751469217,-1269.20158333901,-1233.94513332541,4952.56783310624,0.99991905579055,"log_lik_sum",1,TRUE,300
