"mean","lower","upper","ESS","Rhat","var","ivar","converged","ess.thres"
11.0562309018034,9.12694685197932,13.6548267258294,6409.07859211781,0.999938431691054,"rmse",1,TRUE,300
-1511.48790041855,-1527.99619413179,-1496.19331732627,5632.37789952289,0.999651622677038,"log_lik_sum",1,TRUE,300
