"mean","lower","upper","ESS","Rhat","var","ivar","converged","ess.thres"
22.9145008176091,18.9571963129607,27.470619309125,6940.78752889655,0.999898361009865,"rmse",1,TRUE,300
-1640.68831650759,-1657.9329065522,-1625.49431166945,6046.33993328392,1.00052817301801,"log_lik_sum",1,TRUE,300
