"mean","lower","upper","ESS","Rhat","var","ivar","converged","ess.thres"
20.8701983481814,17.7875168114234,25.3321757462048,6746.75275369543,0.999751859480745,"rmse",1,TRUE,300
-1800.92267903778,-1818.14726954498,-1785.63058912907,5791.04897500331,0.999743735990373,"log_lik_sum",1,TRUE,300
