"mean","lower","upper","ESS","Rhat","var","ivar","converged","ess.thres"
13.1136912799732,9.81107778947666,16.7339027003729,1522.40927357132,1.00368021145009,"rmse",1,TRUE,300
-1291.44382992379,-1310.36484225576,-1275.38978811996,1568.86726679508,1.00076526079464,"log_lik_sum",1,TRUE,300
