"mean","lower","upper","ESS","Rhat","var","ivar","converged","ess.thres"
17.7269045916797,14.636816731688,21.6577617025121,5215.38669088761,0.999727577257693,"rmse",1,TRUE,300
-1525.79296688475,-1542.54822683493,-1510.88633045519,4783.13359520302,1.00011389096195,"log_lik_sum",1,TRUE,300
