"mean","lower","upper","ESS","Rhat","var","ivar","converged","ess.thres"
12.4015189467508,10.9455732788111,14.4765586534809,5362.17416809418,1.00001257408003,"rmse",1,TRUE,300
-1597.81499164302,-1614.65572818189,-1583.26056437143,5338.53555638752,1.0001286765474,"log_lik_sum",1,TRUE,300
