"mean","lower","upper","ESS","Rhat","var","ivar","converged","ess.thres"
26.4567271617668,21.8658484268739,34.0235028655963,6776.43926664134,1.0001032041039,"rmse",1,TRUE,300
-1643.72155206265,-1661.18331379406,-1628.39800756078,5519.00486875075,1.00035286746684,"log_lik_sum",1,TRUE,300
