"mean","lower","upper","ESS","Rhat","var","ivar","converged","ess.thres"
18.3949229903143,14.7105403591259,23.1501529526921,6170.12718525918,1.0005754613395,"rmse",1,TRUE,300
-1608.51496177595,-1626.55569510699,-1592.79454998651,5725.73656690654,0.999815327898257,"log_lik_sum",1,TRUE,300
