"mean","lower","upper","ESS","Rhat","var","ivar","converged","ess.thres"
3.6768059294698,3.07376414440983,4.57425275451978,5914.70478647653,0.999935891515029,"rmse",1,TRUE,300
-925.994436468388,-944.541711791076,-909.228005139376,3575.56042318082,0.999988474664878,"log_lik_sum",1,TRUE,300
