"mean","lower","upper","ESS","Rhat","var","ivar","converged","ess.thres"
32.6652471629513,26.9901763164709,41.2110031879183,5952.41569868436,0.999785093281983,"rmse",1,TRUE,300
-1835.48168044442,-1854.19694697387,-1819.46069701421,5271.05549666358,1.00004139558775,"log_lik_sum",1,TRUE,300
