"mean","lower","upper","ESS","Rhat","var","ivar","converged","ess.thres"
53.675747460878,43.9659165591566,66.1648723505492,5917.10011659602,0.999991200238569,"rmse",1,TRUE,300
-2061.62804961615,-2079.69696749475,-2045.09999344143,4615.79601903985,1.00001675968003,"log_lik_sum",1,TRUE,300
