"mean","lower","upper","ESS","Rhat","var","ivar","converged","ess.thres"
17.3317227835919,13.6491353881908,22.3609430468169,5658.42664182596,1.00029135237017,"rmse",1,TRUE,300
-1504.2719851537,-1522.39958596492,-1488.59080413677,5084.42188289075,1.0011458441225,"log_lik_sum",1,TRUE,300
