"mean","lower","upper","ESS","Rhat","var","ivar","converged","ess.thres"
18.0274624499082,15.4547405160304,21.5924404096234,6276.22773156606,0.999826900975727,"rmse",1,TRUE,300
-1795.35352268041,-1811.75172920844,-1781.36870385003,6180.19250999784,0.999979359915601,"log_lik_sum",1,TRUE,300
