"mean","lower","upper","ESS","Rhat","var","ivar","converged","ess.thres"
11.3397312260224,9.38880972842196,13.9552569736253,6544.27753546478,1.00011254543512,"rmse",1,TRUE,300
-1535.76768443321,-1552.95156201808,-1521.00027906039,6022.29095024873,1.00064517122984,"log_lik_sum",1,TRUE,300
