"mean","lower","upper","ESS","Rhat","var","ivar","converged","ess.thres"
12.7423560226966,10.7391695511364,15.4216861148999,5337.86857784097,1.00039805960623,"rmse",1,TRUE,300
-1464.63206447557,-1482.3081122311,-1449.25596445853,5703.61670354412,1.00062894796585,"log_lik_sum",1,TRUE,300
