"mean","lower","upper","ESS","Rhat","var","ivar","converged","ess.thres"
15.2297006583451,12.3806319647896,19.1576475074204,6318.64513238554,1.00003452664969,"rmse",1,TRUE,300
-1423.70658770321,-1440.24597887574,-1409.28062647988,4760.22897903126,0.999870764215763,"log_lik_sum",1,TRUE,300
