"mean","lower","upper","ESS","Rhat","var","ivar","converged","ess.thres"
11.7587562154583,9.65672346631004,14.5977509107916,5769.81540700065,0.999908736512284,"rmse",1,TRUE,300
-1434.8364870363,-1452.78092000468,-1418.32626326955,4089.0322665366,1.00080599289526,"log_lik_sum",1,TRUE,300
