"mean","lower","upper","ESS","Rhat","var","ivar","converged","ess.thres"
15.2534083967666,11.9756623073248,19.9675326125183,6377.1963138142,0.999813146485343,"rmse",1,TRUE,300
-1501.37993955797,-1517.85357267201,-1486.44415697132,6211.93970396751,1.00007297563508,"log_lik_sum",1,TRUE,300
