"mean","lower","upper","ESS","Rhat","var","ivar","converged","ess.thres"
18.2210064669654,14.4586061925417,23.5206237295878,5636.66269318814,1.00032407411423,"rmse",1,TRUE,300
-1595.88995855898,-1613.42970084599,-1580.82403155662,5745.09926831758,1.00019982193139,"log_lik_sum",1,TRUE,300
