"mean","lower","upper","ESS","Rhat","var","ivar","converged","ess.thres"
12.9270352657405,10.6320480491147,16.3617724345003,6706.47391545228,0.999642949176556,"rmse",1,TRUE,300
-1215.20283417439,-1231.95246150126,-1200.78716643483,6077.49909068204,0.999773988444907,"log_lik_sum",1,TRUE,300
