"mean","lower","upper","ESS","Rhat","var","ivar","converged","ess.thres"
14.1288235056294,11.7727802430295,17.3674218034924,5859.68841995223,0.99968229091496,"rmse",1,TRUE,300
-1607.79149076618,-1625.91455579414,-1592.03359452637,4952.37429160904,0.999643495668366,"log_lik_sum",1,TRUE,300
