"mean","lower","upper","ESS","Rhat","var","ivar","converged","ess.thres"
9.40351470561992,8.27915448171016,11.0178188055867,5630.69647629605,1.00010041327122,"rmse",1,TRUE,300
-1428.80069696987,-1447.2100971495,-1413.02913745888,4725.67428064008,0.99985110709064,"log_lik_sum",1,TRUE,300
