"mean","lower","upper","ESS","Rhat","var","ivar","converged","ess.thres"
13.8440182828849,11.2892657995529,17.1238692304965,6753.21753452909,0.999820780378054,"rmse",1,TRUE,300
-1579.70645141559,-1595.88312447671,-1565.29983763954,6503.74774800794,0.99975964784084,"log_lik_sum",1,TRUE,300
