"mean","lower","upper","ESS","Rhat","var","ivar","converged","ess.thres"
20.1829144142556,17.2806551002284,24.4781760895297,6697.54995654625,0.999970520486992,"rmse",1,TRUE,300
-1718.48798739999,-1734.34110976161,-1704.83139192664,6553.00294605473,0.999900373601964,"log_lik_sum",1,TRUE,300
