"mean","lower","upper","ESS","Rhat","var","ivar","converged","ess.thres"
16.2191291352019,14.0070695859371,19.0245856016575,6481.36076682696,1.00043845219437,"rmse",1,TRUE,300
-1656.52075762311,-1673.24483044741,-1641.72396099751,5533.10944748184,1.0006062950221,"log_lik_sum",1,TRUE,300
