"mean","lower","upper","ESS","Rhat","var","ivar","converged","ess.thres"
63.4648001056286,45.0193281694273,88.8284185919734,4910.02037617927,1.00007140832512,"rmse",1,TRUE,300
-1769.98715856027,-1788.93914930541,-1752.71466158117,4336.95763622328,1.00039760058543,"log_lik_sum",1,TRUE,300
