"mean","lower","upper","ESS","Rhat","var","ivar","converged","ess.thres"
29.6395583269726,22.4119066820361,39.0140334607323,5533.9108378273,1.00007959679717,"rmse",1,TRUE,300
-1433.07840115324,-1450.05064228517,-1418.30586048859,6377.83018012158,0.999854023524479,"log_lik_sum",1,TRUE,300
