"mean","lower","upper","ESS","Rhat","var","ivar","converged","ess.thres"
11.2903468532018,9.38427251705893,13.8655408138578,3000.45017465111,1.00108102032837,"rmse",1,TRUE,300
-1507.1120594992,-1524.35061803465,-1491.9734555683,4913.26068196206,1.00003090618597,"log_lik_sum",1,TRUE,300
