"mean","lower","upper","ESS","Rhat","var","ivar","converged","ess.thres"
13.1499420336371,10.9497371152731,15.8910713172109,5767.57051768759,1.00024106409831,"rmse",1,TRUE,300
-1481.1100049664,-1501.44462967883,-1462.7249724351,2283.81644731328,0.999804303660612,"log_lik_sum",1,TRUE,300
