"mean","lower","upper","ESS","Rhat","var","ivar","converged","ess.thres"
4.13938901617094,3.44463963108493,5.21698903834512,4771.43541187995,0.999793211767814,"rmse",1,TRUE,300
-936.292443005537,-954.456797653794,-920.057346513473,4515.05233104623,0.999857618105069,"log_lik_sum",1,TRUE,300
