"mean","lower","upper","ESS","Rhat","var","ivar","converged","ess.thres"
5.45450788338431,4.16447499679283,7.97106449782335,6151.96532887454,0.999856725016621,"rmse",1,TRUE,300
-990.540074285225,-1008.3471107371,-975.214207496843,5728.80255892144,0.999718087743154,"log_lik_sum",1,TRUE,300
