"mean","lower","upper","ESS","Rhat","var","ivar","converged","ess.thres"
39.6045486555653,33.8121060137431,47.3461148052131,6319.69457176895,0.999907278773841,"rmse",1,TRUE,300
-2048.79741983186,-2067.86367842348,-2032.50111684476,4791.32195573516,1.00003800205335,"log_lik_sum",1,TRUE,300
