"mean","lower","upper","ESS","Rhat","var","ivar","converged","ess.thres"
11.5822234241985,9.7491274227991,14.0463461766311,6424.35696357297,1.00011683008838,"rmse",1,TRUE,300
-1361.50711540005,-1378.50376547231,-1346.76931028131,6046.41730329964,1.00004269695873,"log_lik_sum",1,TRUE,300
