"mean","lower","upper","ESS","Rhat","var","ivar","converged","ess.thres"
12.8799801116079,11.0581656808686,15.2923965245886,5796.0685377257,1.0000337750588,"rmse",1,TRUE,300
-1616.92702683509,-1634.5948774452,-1601.13832595921,5176.91950096841,0.999742238887298,"log_lik_sum",1,TRUE,300
