"mean","lower","upper","ESS","Rhat","var","ivar","converged","ess.thres"
23.1813750088954,18.6200333611923,29.4143979650663,3952.00045299745,1.00033501148976,"rmse",1,TRUE,300
-1649.13267591416,-1666.9945528562,-1633.2328528574,3118.97394543812,1.00020802672606,"log_lik_sum",1,TRUE,300
