"mean","lower","upper","ESS","Rhat","var","ivar","converged","ess.thres"
7.08730737833257,5.98126736038633,8.66737119852016,2226.64615510199,1.00053940934802,"rmse",1,TRUE,300
-1266.9650980579,-1283.39893815881,-1250.37635813751,1953.47963326037,1.00219642456312,"log_lik_sum",1,TRUE,300
