"mean","lower","upper","ESS","Rhat","var","ivar","converged","ess.thres"
44.0863514164355,35.3600205345483,58.2995871986442,3328.0677910557,1.00060216773321,"rmse",1,TRUE,300
-1804.67240228771,-1822.219308107,-1789.62124993732,4573.00481371787,1.00002856747978,"log_lik_sum",1,TRUE,300
