"mean","lower","upper","ESS","Rhat","var","ivar","converged","ess.thres"
9.11609056897113,7.43195401220754,11.8590436994748,6649.23901523125,1.00021634829575,"rmse",1,TRUE,300
-1336.25187490989,-1354.56177507273,-1320.22654337478,4817.98473757112,1.00003955010893,"log_lik_sum",1,TRUE,300
