"mean","lower","upper","ESS","Rhat","var","ivar","converged","ess.thres"
18.0030588342685,14.5168005689865,22.6608452557429,5777.67194110424,1.00024521665824,"rmse",1,TRUE,300
-1298.65317564795,-1318.21664653277,-1281.06646374057,2128.92728105677,1.0000737445255,"log_lik_sum",1,TRUE,300
