"mean","lower","mid","upper","ESS","Rhat","var","ivar","converged","ess.thres"
22.6929463048866,21.1322565738034,22.5869220836671,24.8410693681259,6626.06732429507,0.99991162437116,"rmse",1,TRUE,300
-1524.56588904908,-1534.10220083224,-1524.25449342151,-1516.97804044247,6799.14567248073,0.999920587024773,"log_lik_sum",1,TRUE,300
