"mean","lower","mid","upper","ESS","Rhat","var","ivar","converged","ess.thres"
162.087585091417,150.552046918505,161.403527025672,177.82595003085,6389.58587413085,0.999775630060583,"rmse",1,TRUE,300
-2429.57546887493,-2439.2378399284,-2429.23336046044,-2421.81359413763,6563.40565338496,1.00000719511529,"log_lik_sum",1,TRUE,300
