"mean","lower","mid","upper","ESS","Rhat","var","ivar","converged","ess.thres"
47.2394991651417,43.7791143483234,46.9990666287472,52.0660749418706,7373.54067339791,1.00027100816858,"rmse",1,TRUE,300
-1978.09819920134,-1987.93523908922,-1977.7829605009,-1970.21918054175,6339.69363799172,1.00059236061677,"log_lik_sum",1,TRUE,300
