"mean","lower","mid","upper","ESS","Rhat","var","ivar","converged","ess.thres"
108.220706473465,102.750073369837,108.020543609708,114.917955366507,7010.78446377145,1.00004558264569,"rmse",1,TRUE,300
-2089.2089302812,-2099.10499664645,-2088.87490369675,-2081.26836569423,6332.10407669238,0.999660602036612,"log_lik_sum",1,TRUE,300
