"mean","lower","mid","upper","ESS","Rhat","var","ivar","converged","ess.thres"
27.3018636605882,25.6871067105676,27.2342817852658,29.2424013382753,6942.78493904297,0.999826501581352,"rmse",1,TRUE,300
-1530.04396122584,-1539.4767142779,-1529.74638997534,-1522.11849397111,6732.19365317368,1.00022707717217,"log_lik_sum",1,TRUE,300
