"mean","lower","mid","upper","ESS","Rhat","var","ivar","converged","ess.thres"
42.0770401125324,38.4440557640716,41.795853756853,47.4188182033548,6505.37983375553,0.999873507411459,"rmse",1,TRUE,300
-1839.18495551089,-1849.38896630121,-1838.8279955461,-1831.0803558994,5723.11111234451,1.0003469343328,"log_lik_sum",1,TRUE,300
