"mean","lower","mid","upper","ESS","Rhat","var","ivar","converged","ess.thres"
78.2243723300942,71.3381803115058,76.9523414088963,92.4493248449338,6448.50393090851,1.00007031460769,"rmse",1,TRUE,300
-2096.0964518528,-2105.79535169897,-2095.84568636819,-2087.82382242186,3306.51595693629,1.0004271601247,"log_lik_sum",1,TRUE,300
