"mean","lower","mid","upper","ESS","Rhat","var","ivar","converged","ess.thres"
102.312890127217,98.1878751799298,101.66149646591,110.158845040088,5182.38444600395,0.999842469697332,"rmse",1,TRUE,300
-2267.87636793364,-2277.95237028669,-2267.56615901464,-2259.56468564474,3152.6829787713,1.00057500597311,"log_lik_sum",1,TRUE,300
