"mean","lower","mid","upper","ESS","Rhat","var","ivar","converged","ess.thres"
103.893465266301,92.5334184680039,103.04438798758,119.941212192718,6784.5462127274,0.999875724590328,"rmse",1,TRUE,300
-2281.73663180243,-2291.46139118318,-2281.39893502864,-2273.95657770358,6699.51811326069,1.00000834592363,"log_lik_sum",1,TRUE,300
