"mean","lower","mid","upper","ESS","Rhat","var","ivar","converged","ess.thres"
38.6803409724595,36.6045600822459,38.4323735741446,42.1404079312908,6886.78878418081,1.00032508949613,"rmse",1,TRUE,300
-1663.26350842502,-1673.14888553087,-1662.82284361879,-1655.55159034613,6325.40115916085,0.999838120925781,"log_lik_sum",1,TRUE,300
