"mean","lower","mid","upper","ESS","Rhat","var","ivar","converged","ess.thres"
61.917639631842,58.4046556663529,61.6460191134377,67.0658234624618,7053.38570563706,0.999894901711832,"rmse",1,TRUE,300
-1896.7337081468,-1906.39077824442,-1896.4893805404,-1888.76686156743,6590.97607390239,1.00054517675307,"log_lik_sum",1,TRUE,300
