"mean","lower","mid","upper","ESS","Rhat","var","ivar","converged","ess.thres"
44.1791238410925,39.8576798621044,43.7852556987885,50.8717760474521,6446.02944586691,1.00021626820445,"rmse",1,TRUE,300
-1983.06676728089,-1992.66067842947,-1982.71029024691,-1975.40669594182,5583.87154369172,1.0002430565825,"log_lik_sum",1,TRUE,300
