"mean","lower","mid","upper","ESS","Rhat","var","ivar","converged","ess.thres"
22.2437288619955,19.9600848767307,21.7928703718159,27.2223455856301,4845.57600501927,1.00030359188332,"rmse",1,TRUE,300
-1466.36131648561,-1476.31054948235,-1466.06028383673,-1457.8921192468,4347.34864516789,1.00049943230944,"log_lik_sum",1,TRUE,300
