"mean","lower","mid","upper","ESS","Rhat","var","ivar","converged","ess.thres"
11.1625283935199,9.40396536441025,11.0106164336673,13.743596350605,7343.57987026148,0.999704294700512,"rmse",1,TRUE,300
-1136.35100773957,-1147.43810966674,-1136.00767011575,-1127.10908207519,6491.47037578295,1.00045095360641,"log_lik_sum",1,TRUE,300
