"mean","lower","mid","upper","ESS","Rhat","var","ivar","converged","ess.thres"
89.542519901023,83.7601606585501,89.269899654699,96.9267833676425,6831.93367151257,1.000140109402,"rmse",1,TRUE,300
-1902.33666231942,-1912.07555516719,-1902.12227371559,-1894.12950655989,5790.32299125005,1.00047182070089,"log_lik_sum",1,TRUE,300
