"mean","lower","mid","upper","ESS","Rhat","var","ivar","converged","ess.thres"
245.146753240011,220.245086547875,244.023600395001,276.197972811357,7330.29735093158,0.999969780791807,"rmse",1,TRUE,300
-2569.99746359092,-2579.62443672366,-2569.64590535703,-2562.14715008661,6916.50185231748,0.999850752450035,"log_lik_sum",1,TRUE,300
