"mean","lower","mid","upper","ESS","Rhat","var","ivar","converged","ess.thres"
18.6926263320751,17.6521498182917,18.599348835237,20.3373822666725,7307.80049594399,0.999863645410647,"rmse",1,TRUE,300
-1350.23432400522,-1359.58665297735,-1349.89875062192,-1342.95138908922,6689.18247961714,0.999823730744035,"log_lik_sum",1,TRUE,300
