"mean","lower","mid","upper","ESS","Rhat","var","ivar","converged","ess.thres"
83.6986383145411,78.7870186423324,83.5307704250373,89.3918455361615,7243.5138033448,0.999904904072558,"rmse",1,TRUE,300
-1961.95718659151,-1971.39426635076,-1961.68535000334,-1954.08040845318,6729.54041041036,1.0000343182471,"log_lik_sum",1,TRUE,300
