"mean","lower","mid","upper","ESS","Rhat","var","ivar","converged","ess.thres"
195.840576919031,187.882256130239,195.219883765888,208.383701552555,7182.52984284679,0.999970717557575,"rmse",1,TRUE,300
-2491.33596892663,-2501.02025065417,-2491.0424740001,-2483.42321476841,6982.98591717479,0.999976217842276,"log_lik_sum",1,TRUE,300
