"mean","lower","mid","upper","ESS","Rhat","var","ivar","converged","ess.thres"
39.6333499741243,33.7695684760351,39.0778180089637,48.807576676514,6887.28318614318,0.99966525095675,"rmse",1,TRUE,300
-1778.77911112871,-1788.96327293769,-1778.45087196972,-1770.56205036089,6401.47680042612,1.00000083715041,"log_lik_sum",1,TRUE,300
