"mean","lower","mid","upper","ESS","Rhat","var","ivar","converged","ess.thres"
51.8553954721192,46.2649705514332,51.5095490355502,59.4372995725934,7127.76002166482,0.99982614207807,"rmse",1,TRUE,300
-2101.72085692651,-2111.08257000613,-2101.45167415447,-2094.07600381502,6734.52287416018,1.00039866058065,"log_lik_sum",1,TRUE,300
