"mean","lower","mid","upper","ESS","Rhat","var","ivar","converged","ess.thres"
37.4009505902686,35.1183455849359,37.2006139584928,40.7936707018287,6984.90016860723,1.00004915761434,"rmse",1,TRUE,300
-1841.53006588936,-1850.89566866598,-1841.25760239731,-1833.89049341748,6760.91592233523,1.00000404178296,"log_lik_sum",1,TRUE,300
