"mean","lower","mid","upper","ESS","Rhat","var","ivar","converged","ess.thres"
47.7285393136501,38.4247785717801,47.043556506455,61.7203892872242,7176.74450216827,0.999948436935632,"rmse",1,TRUE,300
-1799.0252307712,-1808.76900739636,-1798.71061331105,-1791.11052826193,6499.90244632226,0.999835727394809,"log_lik_sum",1,TRUE,300
