"mean","lower","mid","upper","ESS","Rhat","var","ivar","converged","ess.thres"
36.8404593544307,33.594186520738,36.2952906840589,43.5489751083555,1768.65804983338,1.00006043700486,"rmse",1,TRUE,300
-1720.14253146619,-1730.01075406711,-1719.76716311022,-1712.07306477036,4312.27135594917,0.999816537293852,"log_lik_sum",1,TRUE,300
