"mean","lower","mid","upper","ESS","Rhat","var","ivar","converged","ess.thres"
122.222952122083,112.978849089676,121.713528157661,134.357787075164,7020.44058728253,0.999783322928809,"rmse",1,TRUE,300
-2186.51599262643,-2195.71782735623,-2186.23802016437,-2178.77947251848,7069.49491606623,0.999792990392773,"log_lik_sum",1,TRUE,300
