"mean","lower","mid","upper","ESS","Rhat","var","ivar","converged","ess.thres"
62.4835016472634,59.4659013053088,62.3449398204746,66.4090518323815,7250.97309941998,0.999842014869487,"rmse",1,TRUE,300
-1856.92431641635,-1866.73743992743,-1856.51599666906,-1848.99780588404,6733.0248875821,1.00005192277807,"log_lik_sum",1,TRUE,300
