"mean","lower","mid","upper","ESS","Rhat","var","ivar","converged","ess.thres"
78.9762282834944,74.9570269695716,78.7339400194045,84.6970427514448,6686.56922477451,1.00010635616905,"rmse",1,TRUE,300
-1969.01497422497,-1978.7957709802,-1968.7742413585,-1960.88536666943,6259.50561813638,0.999739241419457,"log_lik_sum",1,TRUE,300
