"mean","lower","mid","upper","ESS","Rhat","var","ivar","converged","ess.thres"
46.7971492225268,42.9436041379559,46.5994635658721,51.921811353659,7064.98863254935,1.00005305019515,"rmse",1,TRUE,300
-1925.63450618477,-1935.06489806604,-1925.33579345863,-1917.75609032049,6412.78968513679,0.999895652936478,"log_lik_sum",1,TRUE,300
