"mean","lower","mid","upper","ESS","Rhat","var","ivar","converged","ess.thres"
11.061571285772,10.2980174365279,10.9999511673095,12.1679494021565,6793.16721778843,0.999937905158505,"rmse",1,TRUE,300
-1189.12628496954,-1198.48825028455,-1188.77592588608,-1181.55268895913,6869.5184796551,0.999884740695974,"log_lik_sum",1,TRUE,300
