"mean","lower","mid","upper","ESS","Rhat","var","ivar","converged","ess.thres"
72.9730155704885,67.438520609349,72.7230869958135,80.0845933393236,6811.1602885973,1.00004137663171,"rmse",1,TRUE,300
-2156.72543228685,-2166.30714254346,-2156.39885232757,-2148.80182877342,6689.69742825551,0.999768279708443,"log_lik_sum",1,TRUE,300
