"mean","lower","mid","upper","ESS","Rhat","var","ivar","converged","ess.thres"
167.515312500416,155.923063223302,167.218616254786,181.04246765979,6737.0733437039,0.999743904617056,"rmse",1,TRUE,300
-2191.9601730054,-2201.93094943818,-2191.60271292039,-2183.79267305442,6087.29261971641,0.999685542649783,"log_lik_sum",1,TRUE,300
