"mean","lower","mid","upper","ESS","Rhat","var","ivar","converged","ess.thres"
101.444038869757,93.4404340875368,101.631022562673,108.426855066589,6239.80142474418,1.00043142157809,"rmse",1,TRUE,300
-1796.13040258628,-1805.47941820368,-1795.86682075948,-1788.41281896186,6489.86262105724,1.00037340950178,"log_lik_sum",1,TRUE,300
