"mean","lower","mid","upper","ESS","Rhat","var","ivar","converged","ess.thres"
29.4482211100353,25.4227215206777,29.1674360178018,34.9982809599036,6797.05583627409,0.999981261938422,"rmse",1,TRUE,300
-1796.26686815796,-1805.91078927642,-1795.87313370314,-1788.70365319933,6578.24703169644,0.99975751344094,"log_lik_sum",1,TRUE,300
