"mean","lower","mid","upper","ESS","Rhat","var","ivar","converged","ess.thres"
54.939135459939,48.1482338522985,54.5743791188926,63.5376785945216,6654.16562100175,1.00010263674289,"rmse",1,TRUE,300
-2138.83380276224,-2148.51572997754,-2138.49198800161,-2130.97196228088,7095.65562877296,0.999712419346424,"log_lik_sum",1,TRUE,300
