"mean","lower","mid","upper","ESS","Rhat","var","ivar","converged","ess.thres"
23.2568445877785,22.1544694456852,23.154848583298,24.9494898722684,7187.98585708788,1.00047855338965,"rmse",1,TRUE,300
-1229.34847112115,-1238.53858601923,-1229.08427422879,-1221.88604024457,6788.11253281754,0.999871970779096,"log_lik_sum",1,TRUE,300
