"mean","lower","mid","upper","ESS","Rhat","var","ivar","converged","ess.thres"
71.7960873947285,67.9661579628366,71.1085175326266,80.217670327587,7056.46947699921,0.999713853111385,"rmse",1,TRUE,300
-2004.36474108483,-2013.74339695854,-2004.01047688466,-1996.88498501387,6473.07013359367,0.999980045296172,"log_lik_sum",1,TRUE,300
