"mean","lower","mid","upper","ESS","Rhat","var","ivar","converged","ess.thres"
52.2542289721172,48.8594616168873,52.0790592320066,56.651517155479,6947.8379495041,0.999841073170666,"rmse",1,TRUE,300
-2013.69992062243,-2023.39565671628,-2013.37279370894,-2005.9144482423,6161.184424535,0.999820496660715,"log_lik_sum",1,TRUE,300
