"mean","lower","mid","upper","ESS","Rhat","var","ivar","converged","ess.thres"
55.7055176741389,51.8910029402183,55.1820438375939,62.1713529573715,5794.35311514386,0.999670068979607,"rmse",1,TRUE,300
-1902.92810722518,-1912.5166719341,-1902.61715912601,-1895.16801865339,6042.38732317412,0.999790175805509,"log_lik_sum",1,TRUE,300
