"mean","lower","mid","upper","ESS","Rhat","var","ivar","converged","ess.thres"
142.485413896457,131.231991134444,141.062292485527,162.092273491278,6817.24863121216,1.00021235686707,"rmse",1,TRUE,300
-2429.36391464936,-2439.12470567135,-2429.02274506337,-2421.44726372056,6900.43558612495,0.999873876313886,"log_lik_sum",1,TRUE,300
