"mean","lower","mid","upper","ESS","Rhat","var","ivar","converged","ess.thres"
38.5825860506406,36.9711045878226,38.5533349869716,40.3805550988424,6435.139613574,0.999992800060529,"rmse",1,TRUE,300
-1566.33437873687,-1575.94702611248,-1566.01828605956,-1558.49670730433,5399.3741376164,0.999754412153682,"log_lik_sum",1,TRUE,300
