"mean","lower","mid","upper","ESS","Rhat","var","ivar","converged","ess.thres"
25.6222190044399,19.2682279337466,24.5999609535554,37.8842774440075,7119.30888174631,0.999835486939328,"rmse",1,TRUE,300
-1576.72458351215,-1586.50049682799,-1576.35849913239,-1568.93335854081,6599.92083691943,0.999971658846942,"log_lik_sum",1,TRUE,300
