"mean","lower","upper","ESS","Rhat","var","ivar","converged","ess.thres"
13.9908291782378,12.6971751047988,15.646272206185,6880.21905613391,0.99992666830511,"rmse",1,TRUE,300
-1345.59383567364,-1359.3278315462,-1333.60882716225,6545.33285713218,1.00041907340445,"log_lik_sum",1,TRUE,300
