"mean","lower","upper","ESS","Rhat","var","ivar","converged","ess.thres"
16.873396083062,15.0810197577127,18.950789134698,6792.54103804532,1.00034497873428,"rmse",1,TRUE,300
-1360.53393263599,-1375.01407036547,-1348.17286057804,6645.25195747216,0.99976621617537,"log_lik_sum",1,TRUE,300
