"mean","lower","upper","ESS","Rhat","var","ivar","converged","ess.thres"
37.2369141372721,32.8098736261791,43.4800315435486,6608.60289042221,1.00013030267688,"rmse",1,TRUE,300
-1892.77148578375,-1907.76433976884,-1879.89179555711,6706.52874325131,1.00022602179784,"log_lik_sum",1,TRUE,300
