"mean","lower","upper","ESS","Rhat","var","ivar","converged","ess.thres"
61.6726721475094,56.0727123224297,67.6692112810036,4251.62314717712,1.00039291655538,"rmse",1,TRUE,300
-1762.47789379737,-1777.29416324897,-1749.70828188992,3292.0925203554,1.00082065232198,"log_lik_sum",1,TRUE,300
