"mean","lower","upper","ESS","Rhat","var","ivar","converged","ess.thres"
132.264386272946,118.414234872417,146.391580633475,6788.66682640679,0.999768851609706,"rmse",1,TRUE,300
-2168.04792315175,-2181.92564322905,-2156.28696442947,6645.08748106008,0.99970522686166,"log_lik_sum",1,TRUE,300
