"mean","lower","upper","ESS","Rhat","var","ivar","converged","ess.thres"
18.5053348416218,16.7992868196705,20.8635590218981,6232.05348902689,0.999744863337207,"rmse",1,TRUE,300
-1687.55480275245,-1701.67091413651,-1675.68061979594,7101.13682369823,1.00001244821184,"log_lik_sum",1,TRUE,300
