"mean","lower","upper","ESS","Rhat","var","ivar","converged","ess.thres"
242.574308176112,200.182932259232,301.758443184393,7233.72958191538,1.00009607195034,"rmse",1,TRUE,300
-2899.44045839269,-2913.86738274612,-2887.17225114169,6622.51830966157,1.00019336039862,"log_lik_sum",1,TRUE,300
