"mean","lower","upper","ESS","Rhat","var","ivar","converged","ess.thres"
42.5523130852826,36.8547894815086,51.6546838563835,6989.56936819944,0.999766964470296,"rmse",1,TRUE,300
-1698.45666132288,-1712.9151997106,-1686.03097337186,6942.36208136333,1.00026380660884,"log_lik_sum",1,TRUE,300
