"mean","lower","upper","ESS","Rhat","var","ivar","converged","ess.thres"
48.2069803844193,42.5562880197795,56.4478607317711,5312.56995692652,1.00006501942202,"rmse",1,TRUE,300
-1606.54303277111,-1620.38566619303,-1594.50935765922,3959.87247857044,1.00013467805675,"log_lik_sum",1,TRUE,300
