"mean","lower","upper","ESS","Rhat","var","ivar","converged","ess.thres"
63.9715593147628,58.1246424175937,70.2016214547157,6882.73842394804,1.00029856978437,"rmse",1,TRUE,300
-1760.41719355616,-1775.72030266139,-1747.10912586411,5367.15962720236,1.00049565596301,"log_lik_sum",1,TRUE,300
