"mean","lower","upper","ESS","Rhat","var","ivar","converged","ess.thres"
68.4666352073199,62.5952314781709,75.7098610505105,6988.78365923801,0.999755105336265,"rmse",1,TRUE,300
-2017.43106735206,-2031.31800783382,-2005.80538268994,6512.29307887467,0.999974385358635,"log_lik_sum",1,TRUE,300
