"mean","lower","upper","ESS","Rhat","var","ivar","converged","ess.thres"
32.9032076021812,29.9082624542207,37.5284787122833,7028.08632340319,0.999900437806796,"rmse",1,TRUE,300
-1894.38955046953,-1907.68008915819,-1883.17792586748,6745.92602621664,1.00018013348795,"log_lik_sum",1,TRUE,300
