"mean","lower","upper","ESS","Rhat","var","ivar","converged","ess.thres"
83.8981964567913,73.5598329719909,98.1215450645301,7122.59618220419,1.00047608810279,"rmse",1,TRUE,300
-2173.87100788772,-2187.77373024797,-2161.88966672198,6979.67422493712,0.999933985229798,"log_lik_sum",1,TRUE,300
