"mean","lower","upper","ESS","Rhat","var","ivar","converged","ess.thres"
46.9105850988343,41.5284546030437,52.7343509763269,6562.1893506064,1.0000322957761,"rmse",1,TRUE,300
-1746.20200251815,-1759.62522655822,-1734.51701572379,6695.6046500865,0.999793084608247,"log_lik_sum",1,TRUE,300
