"mean","lower","upper","ESS","Rhat","var","ivar","converged","ess.thres"
34.422608473562,30.6351275997094,39.3060229272944,6785.24450468519,0.999750855251765,"rmse",1,TRUE,300
-1524.42351606577,-1538.18192663879,-1512.58769384416,6227.84867807997,0.999818476072307,"log_lik_sum",1,TRUE,300
