"mean","lower","upper","ESS","Rhat","var","ivar","converged","ess.thres"
22.8022235237536,20.009300038219,25.878841693591,6151.99814688855,0.999917956958643,"rmse",1,TRUE,300
-1586.18647643277,-1599.80004921897,-1574.80638907348,6611.89847415466,0.999738530373898,"log_lik_sum",1,TRUE,300
