"mean","lower","upper","ESS","Rhat","var","ivar","converged","ess.thres"
39.9926826624565,35.4055097332281,44.6088552636477,6934.32595794913,1.00081250106774,"rmse",1,TRUE,300
-1701.1316552267,-1714.88796948045,-1689.25455051723,6575.49315799733,1.00037717890105,"log_lik_sum",1,TRUE,300
