"mean","lower","upper","ESS","Rhat","var","ivar","converged","ess.thres"
48.6511075321099,44.1368555127858,55.1719947062162,6217.03074531465,1.000018737793,"rmse",1,TRUE,300
-1761.91572733505,-1776.33893734068,-1749.79944430174,4665.95824509679,0.99976213438329,"log_lik_sum",1,TRUE,300
