"mean","lower","upper","ESS","Rhat","var","ivar","converged","ess.thres"
21.9418121780326,18.8034640661684,26.8975651212261,6959.82741066619,0.999918345725027,"rmse",1,TRUE,300
-1307.37160995298,-1322.53325538326,-1294.46209110602,6559.26976001947,0.999893117253348,"log_lik_sum",1,TRUE,300
