"mean","lower","upper","ESS","Rhat","var","ivar","converged","ess.thres"
6.47522332119271,5.71319894143164,7.65772065398223,7050.21896878968,1.00003854177216,"rmse",1,TRUE,300
-1329.82938056735,-1344.40398257339,-1316.86405813844,6912.51133381647,0.999615980511716,"log_lik_sum",1,TRUE,300
