"mean","lower","upper","ESS","Rhat","var","ivar","converged","ess.thres"
19.9052773251387,18.2661828164707,21.9970240800635,7199.50008269894,0.999770227599499,"rmse",1,TRUE,300
-1579.51448365195,-1593.4768880776,-1567.79515525385,6571.09956618065,0.999642143001627,"log_lik_sum",1,TRUE,300
