"mean","lower","upper","ESS","Rhat","var","ivar","converged","ess.thres"
14.3073370001566,12.2056132014455,16.6285334478032,7042.73449370148,0.999860901665566,"rmse",1,TRUE,300
-1155.1483793844,-1168.99428178318,-1143.53154511417,6032.3686415859,0.999929499520696,"log_lik_sum",1,TRUE,300
