"mean","lower","upper","ESS","Rhat","var","ivar","converged","ess.thres"
27.5622586352693,24.1432738367806,32.9662248850032,6991.60325206269,0.999670281391427,"rmse",1,TRUE,300
-1909.13376490434,-1922.78460922977,-1897.80435337779,6195.98441012021,1.00016532946269,"log_lik_sum",1,TRUE,300
