"mean","lower","upper","ESS","Rhat","var","ivar","converged","ess.thres"
14.4878744697544,12.8819191178994,16.8127920287414,7385.35005165805,0.999722398425929,"rmse",1,TRUE,300
-1551.59512244038,-1565.11140887736,-1540.55639941674,6963.20715738806,0.999894158557009,"log_lik_sum",1,TRUE,300
