"mean","lower","upper","ESS","Rhat","var","ivar","converged","ess.thres"
14.8698717156083,12.4350782343977,19.7358793702751,7062.9067532729,1.00002135765298,"rmse",1,TRUE,300
-1104.20560703184,-1121.6379690185,-1090.12305716763,5709.58162805149,0.999769788068264,"log_lik_sum",1,TRUE,300
