"mean","lower","upper","ESS","Rhat","var","ivar","converged","ess.thres"
63.1336244299833,58.2542953619227,69.0683220304022,6901.81674559671,0.999865860135081,"rmse",1,TRUE,300
-2016.20332926806,-2030.83710909409,-2003.8757780044,6219.78611373022,1.00023569084466,"log_lik_sum",1,TRUE,300
