"mean","lower","upper","ESS","Rhat","var","ivar","converged","ess.thres"
63.8268110140227,56.0990770783605,74.527397407349,7024.56653405655,1.00008065104857,"rmse",1,TRUE,300
-2150.52864443272,-2163.85919328527,-2138.98035381842,6667.65707496859,0.999923217424541,"log_lik_sum",1,TRUE,300
