"mean","lower","upper","ESS","Rhat","var","ivar","converged","ess.thres"
31.0558777759449,28.0393693600841,34.3605739716589,6858.59750510777,1.00018573617416,"rmse",1,TRUE,300
-1540.12252885837,-1554.32167341666,-1528.33192333967,6425.1504743601,1.00021295477302,"log_lik_sum",1,TRUE,300
