"mean","lower","upper","ESS","Rhat","var","ivar","converged","ess.thres"
30.6748059134833,28.3609801397056,33.3180657263651,6794.59948175637,0.999981785916943,"rmse",1,TRUE,300
-1771.65931508198,-1785.11671333646,-1760.15333658963,6807.33561125118,0.99983164844775,"log_lik_sum",1,TRUE,300
