"mean","lower","upper","ESS","Rhat","var","ivar","converged","ess.thres"
74.9331018944197,68.3897364901538,82.0890247906791,7238.24029856757,0.999673405319435,"rmse",1,TRUE,300
-2089.07547697508,-2103.63930276926,-2076.84683096582,6544.89567817373,1.0002987325546,"log_lik_sum",1,TRUE,300
