"mean","lower","upper","ESS","Rhat","var","ivar","converged","ess.thres"
25.0322758321479,22.9648779079105,27.9869346494211,7083.28586911934,1.0006165948204,"rmse",1,TRUE,300
-1770.80419231353,-1785.4287636318,-1758.56761005226,6707.78193396469,0.999831020247317,"log_lik_sum",1,TRUE,300
