"mean","lower","upper","ESS","Rhat","var","ivar","converged","ess.thres"
19.1309221830747,17.2715587672253,21.8196595432152,6711.96101484032,1.00001818761453,"rmse",1,TRUE,300
-1582.88639544836,-1597.25576751823,-1570.43845735385,6506.82011308968,1.00066606209217,"log_lik_sum",1,TRUE,300
