"mean","lower","upper","ESS","Rhat","var","ivar","converged","ess.thres"
99.9585273181159,92.7091962835334,108.112743427931,6051.84974760181,0.999843641049813,"rmse",1,TRUE,300
-2207.76460023159,-2222.63445839935,-2195.2639204698,4405.92652287715,1.0002963249516,"log_lik_sum",1,TRUE,300
