"mean","lower","upper","ESS","Rhat","var","ivar","converged","ess.thres"
133.602314763901,119.389124958817,152.214748412867,6988.24860616483,0.999889314702985,"rmse",1,TRUE,300
-2094.11471160711,-2108.25806725811,-2082.26007210369,6141.00496466829,0.999977900161785,"log_lik_sum",1,TRUE,300
