"mean","lower","upper","ESS","Rhat","var","ivar","converged","ess.thres"
26.4527444496653,24.3350850553298,29.0171113164137,6445.5955125466,0.99996583345183,"rmse",1,TRUE,300
-1426.5519340623,-1440.68332809059,-1414.4542035976,5838.94007699724,0.999821062139489,"log_lik_sum",1,TRUE,300
