"mean","lower","upper","ESS","Rhat","var","ivar","converged","ess.thres"
13.4420368415921,10.2912167389335,19.8872856714977,6705.08314217177,0.999761101588721,"rmse",1,TRUE,300
-1406.02181774715,-1420.95070158879,-1393.40865708686,6989.19183981342,0.999860675184176,"log_lik_sum",1,TRUE,300
