"mean","lower","mid","upper","ESS","Rhat","var","ivar","converged","ess.thres"
78.9000059216362,75.492854856062,78.2166572015182,86.4888817449944,4502.41078854972,0.999747157831767,"rmse",1,TRUE,300
-2163.39419295415,-2172.95113627603,-2163.00469986145,-2155.75917835182,4556.64613834778,0.999788561645479,"log_lik_sum",1,TRUE,300
