"mean","lower","mid","upper","ESS","Rhat","var","ivar","converged","ess.thres"
93.407426520905,90.3609914127297,92.9291462397562,99.4088059687092,3085,1.00020645267671,"rmse",1,TRUE,300
-2299.84942474948,-2309.60033947468,-2299.46123397373,-2291.98949895344,3118,0.999852385734789,"log_lik_sum",1,TRUE,300
