"mean","lower","mid","upper","ESS","Rhat","var","ivar","converged","ess.thres"
347.226331922487,315.689020609482,342.885249988293,403.938610190553,3987.1651537293,0.999914430015821,"rmse",1,TRUE,300
-3156.11553949505,-3167.54803691024,-3155.79436011983,-3146.63791661228,4444.73489603702,1.00015142682029,"log_lik_sum",1,TRUE,300
