"mean","lower","mid","upper","ESS","Rhat","var","ivar","converged","ess.thres"
22.5293708151596,20.5109374386331,22.0243620647452,27.3020462309709,4261.15832133942,1.00136911299025,"rmse",1,TRUE,300
-1496.48460300062,-1506.08491048748,-1496.09742382706,-1489.1281987017,4796.24641771589,1.00042751486179,"log_lik_sum",1,TRUE,300
