"mean","lower","mid","upper","ESS","Rhat","var","ivar","converged","ess.thres"
65.9646678959039,62.0106239689061,64.916943119002,75.8889484536941,6570.43339308879,1.00022021465624,"rmse",1,TRUE,300
-1970.52666758958,-1980.12497187938,-1970.18818124903,-1962.80697743526,6522.25795402314,0.999767686655183,"log_lik_sum",1,TRUE,300
