"mean","lower","mid","upper","ESS","Rhat","var","ivar","converged","ess.thres"
81.1495072658751,72.0880046427509,79.0991287604617,102.842803174431,5840.8087091224,1.00007140072835,"rmse",1,TRUE,300
-2112.59069481783,-2122.99366736627,-2112.27116335214,-2103.94630551217,6988.41870700308,0.999642338081055,"log_lik_sum",1,TRUE,300
