"mean","lower","mid","upper","ESS","Rhat","var","ivar","converged","ess.thres"
79.2397293923072,74.852693059771,78.2504337914824,89.306639812485,6654.08418989243,1.00030042591883,"rmse",1,TRUE,300
-1842.24853747836,-1852.45707140576,-1841.85378060518,-1834.03080531389,6522.57101557385,0.999900350172931,"log_lik_sum",1,TRUE,300
