"mean","lower","mid","upper","ESS","Rhat","var","ivar","converged","ess.thres"
61.3872607101847,57.486215466552,60.8685208376968,68.0727616839675,6052.06540440027,0.99981745445482,"rmse",1,TRUE,300
-2144.94701985034,-2156.36499381959,-2144.56183270558,-2135.28651790558,6543.53425053111,0.999911233915883,"log_lik_sum",1,TRUE,300
