"mean","lower","mid","upper","ESS","Rhat","var","ivar","converged","ess.thres"
80.2595021639665,76.5866829120254,79.5623451809835,88.5204235801091,6611.45250075998,1.00066125840472,"rmse",1,TRUE,300
-1994.8351983419,-2004.55216012016,-1994.53472080852,-1987.12177828114,6914.23195982261,1.00001916274149,"log_lik_sum",1,TRUE,300
