"mean","lower","mid","upper","ESS","Rhat","var","ivar","converged","ess.thres"
28.8244841260574,27.4143296886556,28.5108729798139,32.0152013471454,3285.18173731477,1.0001524895139,"rmse",1,TRUE,300
-1535.77318559401,-1545.585174406,-1535.45086137833,-1527.8229320711,3265.5427132464,1.00114486080684,"log_lik_sum",1,TRUE,300
