"mean","lower","mid","upper","ESS","Rhat","var","ivar","converged","ess.thres"
42.7535761194738,41.0524136718019,42.5165668622385,45.8130751551052,6754.38603061808,1.00048987333349,"rmse",1,TRUE,300
-1845.94444564456,-1856.67431982472,-1845.6806462484,-1836.94990451076,6332.97987501513,0.999901123803101,"log_lik_sum",1,TRUE,300
