"mean","lower","mid","upper","ESS","Rhat","var","ivar","converged","ess.thres"
52.8757214700286,50.8980291753482,52.6584091372844,56.2284460709665,5458.02757495331,1.0002393889154,"rmse",1,TRUE,300
-2110.82128079683,-2121.62044636095,-2110.49122051772,-2101.74793581397,6722.85675771054,0.999953827953956,"log_lik_sum",1,TRUE,300
