"mean","lower","mid","upper","ESS","Rhat","var","ivar","converged","ess.thres"
69.9947240083626,66.8854370214541,69.3716283194407,77.008005957941,6158.21321854251,1.00104759537401,"rmse",1,TRUE,300
-1847.04548858621,-1857.17205700412,-1846.74866890863,-1838.84623894054,5775.41372304901,0.999783704846211,"log_lik_sum",1,TRUE,300
