"mean","lower","mid","upper","ESS","Rhat","var","ivar","converged","ess.thres"
42.39299341972,38.9068300254557,41.6851320510002,49.8288989904303,5538.12140542044,1.00028102436361,"rmse",1,TRUE,300
-1769.37842687451,-1779.08158709259,-1768.94610085283,-1762.0567923857,5451.71096929581,1.00065708829888,"log_lik_sum",1,TRUE,300
