"mean","lower","mid","upper","ESS","Rhat","var","ivar","converged","ess.thres"
105.015268526207,101.380653529195,104.145883873338,113.987995215339,2312.20586299734,1.00016599390477,"rmse",1,TRUE,300
-2114.21333523623,-2124.42122672044,-2113.90315745431,-2105.96844164962,3492.72033108496,1.00118168158637,"log_lik_sum",1,TRUE,300
