"mean","lower","mid","upper","ESS","Rhat","var","ivar","converged","ess.thres"
11.6578550224557,11.257464297286,11.6129180734799,12.3329082765745,5425.78770199203,1.00131541071742,"rmse",1,TRUE,300
-1178.50433034016,-1188.5662081587,-1178.09188451342,-1170.35999442472,4149.62262277122,0.999772048173309,"log_lik_sum",1,TRUE,300
