"mean","lower","mid","upper","ESS","Rhat","var","ivar","converged","ess.thres"
142.725824778321,132.834322336138,140.605548782494,164.912436550571,6557.43400318792,0.999732521790191,"rmse",1,TRUE,300
-2112.5565839069,-2123.09061564932,-2112.19386436546,-2104.18159905227,7035.29719128297,1.00031254460648,"log_lik_sum",1,TRUE,300
