"mean","lower","mid","upper","ESS","Rhat","var","ivar","converged","ess.thres"
28.6856311323344,27.0198737646542,28.5059600387436,31.4362392707706,6500.48344245749,1.0004135040372,"rmse",1,TRUE,300
-1812.68994751828,-1823.54426661895,-1812.32278420404,-1803.89505406914,6398.7093318332,0.999746505999024,"log_lik_sum",1,TRUE,300
