"mean","lower","mid","upper","ESS","Rhat","var","ivar","converged","ess.thres"
141.44395574344,137.3753992478,140.903973878464,148.724322153708,6837.89933621591,0.999645589047779,"rmse",1,TRUE,300
-2513.27810672131,-2523.95745078258,-2512.9075688892,-2504.57410138498,6635.99629077601,0.999671570632047,"log_lik_sum",1,TRUE,300
