"mean","lower","mid","upper","ESS","Rhat","var","ivar","converged","ess.thres"
46.3876291069431,44.6277600380607,46.088536969683,50.0061141665738,6177.98647884094,1.00077909358932,"rmse",1,TRUE,300
-1698.08917073117,-1708.03055091105,-1697.75838627513,-1690.2279375041,6724.47245364577,1.00031847507352,"log_lik_sum",1,TRUE,300
