"mean","lower","mid","upper","ESS","Rhat","var","ivar","converged","ess.thres"
42.5041720856793,41.0190018215598,42.2693768360059,45.3022828746422,5706.05532306711,0.999891105581473,"rmse",1,TRUE,300
-1909.17002774202,-1919.49577161489,-1908.89254771694,-1900.87581386068,6953.5665972343,0.999807696714519,"log_lik_sum",1,TRUE,300
