"mean","lower","mid","upper","ESS","Rhat","var","ivar","converged","ess.thres"
89.878642773927,86.5457691656173,89.4821040278454,95.5374350038168,5888.31107485909,1.00065328201779,"rmse",1,TRUE,300
-2048.78800264118,-2059.05492937911,-2048.39734065781,-2040.86175115023,5836.67212406677,0.999722605368551,"log_lik_sum",1,TRUE,300
