"mean","lower","mid","upper","ESS","Rhat","var","ivar","converged","ess.thres"
109.144214008501,102.9536664793,107.711151040578,123.420625825608,6807.33689131211,0.999913419748573,"rmse",1,TRUE,300
-2228.41323241731,-2238.42845834553,-2228.06036334017,-2220.24099874552,6525.2907371058,0.999739804279331,"log_lik_sum",1,TRUE,300
