"mean","lower","mid","upper","ESS","Rhat","var","ivar","converged","ess.thres"
68.0129786413933,62.936741214872,66.8911312323634,79.3304325090316,4098.52713136135,1.00045232587835,"rmse",1,TRUE,300
-1990.1959583387,-2000.01630965883,-1989.87121261395,-1982.01800651049,2851.77925559603,1.00020974080392,"log_lik_sum",1,TRUE,300
