"mean","lower","mid","upper","ESS","Rhat","var","ivar","converged","ess.thres"
165.607798382098,156.155370194453,163.914819624894,184.562954522017,6478.26348428217,1.00032771409887,"rmse",1,TRUE,300
-2243.38732859403,-2253.18002999768,-2243.05021134999,-2235.71340146705,6542.82902454918,1.00002219331244,"log_lik_sum",1,TRUE,300
