"mean","lower","mid","upper","ESS","Rhat","var","ivar","converged","ess.thres"
36.8433730713188,34.9605380137874,36.69329161239,39.723399447429,6068.42067808456,0.999984646516271,"rmse",1,TRUE,300
-1635.39693511603,-1645.44670495045,-1635.14980016274,-1626.90841128672,6693.02591700584,1.00054616782415,"log_lik_sum",1,TRUE,300
