"mean","lower","mid","upper","ESS","Rhat","var","ivar","converged","ess.thres"
123.792569516772,105.333565369779,121.780270398186,154.483445856447,7240.2458201013,0.999938374751842,"rmse",1,TRUE,300
-2020.38600415215,-2033.21456530301,-2019.99921407561,-2009.55600865004,6560.13697079963,0.999684254617415,"log_lik_sum",1,TRUE,300
