"mean","lower","mid","upper","ESS","Rhat","var","ivar","converged","ess.thres"
104.078996812396,93.2317167347142,103.123140494824,120.237090053611,6755.05578963077,1.00032633969029,"rmse",1,TRUE,300
-2215.37710210054,-2230.64596045807,-2214.97527192155,-2202.51819390762,7142.06758548842,1.00005050435036,"log_lik_sum",1,TRUE,300
