"mean","lower","mid","upper","ESS","Rhat","var","ivar","converged","ess.thres"
52.7123492902197,47.5186346857101,52.0620322678107,61.6330402395077,6941.0207870342,0.999844121826209,"rmse",1,TRUE,300
-2045.7778466632,-2058.08226583909,-2045.3959953859,-2035.31053850653,6537.7417906386,0.999781952111914,"log_lik_sum",1,TRUE,300
