"mean","lower","mid","upper","ESS","Rhat","var","ivar","converged","ess.thres"
213.49850253847,196.802756859308,211.602109663267,241.094075477349,6508.49711003594,0.999932101236791,"rmse",1,TRUE,300
-2548.46379185525,-2562.54944644011,-2548.21507419122,-2535.55833861488,6283.23322955271,1.00008790040261,"log_lik_sum",1,TRUE,300
