"mean","lower","mid","upper","ESS","Rhat","var","ivar","converged","ess.thres"
49.382968811995,45.9453410471335,49.1410519333341,54.3878531735029,6851.27536740446,1.00022430513318,"rmse",1,TRUE,300
-1861.85420637053,-1873.82201800247,-1861.50247964415,-1851.92004924775,6914.76899510222,1.00013316121899,"log_lik_sum",1,TRUE,300
