"mean","lower","mid","upper","ESS","Rhat","var","ivar","converged","ess.thres"
68.7000726647289,58.7288634964253,67.5126449368501,85.3159796209066,7132.19434313442,1.00011974765819,"rmse",1,TRUE,300
-1817.39269521098,-1829.99156972373,-1817.1252611205,-1806.45711301526,6811.65658957942,0.999892916160988,"log_lik_sum",1,TRUE,300
