"mean","lower","mid","upper","ESS","Rhat","var","ivar","converged","ess.thres"
22.8358373673494,20.7226532325018,22.6540830342631,25.9433034111168,6309.90827716081,0.999820377181939,"rmse",1,TRUE,300
-1657.09944393823,-1669.01230538995,-1656.9726597318,-1646.28047596721,6388.37688468699,0.999634887101844,"log_lik_sum",1,TRUE,300
