"mean","lower","mid","upper","ESS","Rhat","var","ivar","converged","ess.thres"
43.2622495266633,36.661986352785,42.6891329316723,53.4379388752887,6637.89277135934,1.0004129552697,"rmse",1,TRUE,300
-1719.64858515718,-1731.04227679482,-1719.25496661213,-1710.11760964757,7031.70289936703,1.00011295233161,"log_lik_sum",1,TRUE,300
