"mean","lower","mid","upper","ESS","Rhat","var","ivar","converged","ess.thres"
62.5899136612074,56.4472737643806,61.9821203331868,72.3251682644432,7282.81380109289,0.999913290496467,"rmse",1,TRUE,300
-2021.46084385034,-2033.36812726155,-2021.16474586202,-2011.25962951419,6644.57760703485,0.999932744080868,"log_lik_sum",1,TRUE,300
