"mean","lower","mid","upper","ESS","Rhat","var","ivar","converged","ess.thres"
36.3318512314771,31.7575002889994,35.9940290278051,42.9600662563773,5404.30146982491,1.00048955430641,"rmse",1,TRUE,300
-1806.87932578824,-1818.15210979497,-1806.6560671606,-1797.01013765914,5510.7554372011,0.999834700606638,"log_lik_sum",1,TRUE,300
