"mean","lower","mid","upper","ESS","Rhat","var","ivar","converged","ess.thres"
67.2778903614197,60.2263181288541,66.8731886487246,76.659574943536,7056.75273508296,1.00040448276255,"rmse",1,TRUE,300
-2107.30153177412,-2119.81211691743,-2107.17891347092,-2095.5369759489,6948.28155990215,1.0000222884401,"log_lik_sum",1,TRUE,300
