"mean","lower","mid","upper","ESS","Rhat","var","ivar","converged","ess.thres"
14.2483591083901,10.9790818779134,13.7563193470624,20.3863591696034,3309,0.999998868951696,"rmse",1,TRUE,300
-1198.31575108812,-1210.58833262196,-1198.07121943545,-1186.83011545053,2975,1.00037933765766,"log_lik_sum",1,TRUE,300
