"mean","lower","mid","upper","ESS","Rhat","var","ivar","converged","ess.thres"
95.3032716700349,85.8525622917395,94.4705052319561,109.963194847917,5017.3702687987,1.00005440553632,"rmse",1,TRUE,300
-2022.01737799925,-2033.65003016889,-2021.67620601649,-2012.23662149267,3994.76663108714,1.00025057998524,"log_lik_sum",1,TRUE,300
