"mean","lower","mid","upper","ESS","Rhat","var","ivar","converged","ess.thres"
53.1831175193307,47.1006411330094,52.4065960484117,63.5231874161361,6884.2948430023,1.00000858422632,"rmse",1,TRUE,300
-2005.46471321263,-2016.00544038077,-2005.10427691319,-1996.67910196413,5929.31611373005,1.00037310907455,"log_lik_sum",1,TRUE,300
