"mean","lower","mid","upper","ESS","Rhat","var","ivar","converged","ess.thres"
61.8433982017393,56.6470699184894,61.0974523170337,71.1246305997532,7282.224253916,0.999859171221121,"rmse",1,TRUE,300
-1941.81165455514,-1956.55354827775,-1941.62002296149,-1928.53883127655,7143.74314005827,1.00015629877826,"log_lik_sum",1,TRUE,300
