"mean","lower","mid","upper","ESS","Rhat","var","ivar","converged","ess.thres"
41.058361748776,34.2373215892763,40.0933098434595,52.7444256611621,5591.26403819028,0.999796823995445,"rmse",1,TRUE,300
-1539.92807448392,-1551.58449574703,-1539.53851123395,-1530.26146142317,4377.21331033197,0.999838372734046,"log_lik_sum",1,TRUE,300
