"mean","lower","mid","upper","ESS","Rhat","var","ivar","converged","ess.thres"
33.5593889280968,31.2623563856777,33.4107388467467,36.6660621418757,6836.44527205616,1.00031340424134,"rmse",1,TRUE,300
-1599.55322759272,-1614.37211460026,-1599.77989864587,-1584.79226928597,6643.82662653519,0.999912081006026,"log_lik_sum",1,TRUE,300
