"mean","lower","upper","ESS","Rhat","var","ivar","converged","ess.thres"
14.9654969552196,13.7054678666038,16.4546534455112,7108.27796680863,0.999871713398504,"rmse",1,TRUE,300
-1451.66828378836,-1462.86404570084,-1442.4136275318,6694.34924926375,0.999705060953199,"log_lik_sum",1,TRUE,300
