"mean","lower","upper","ESS","Rhat","var","ivar","converged","ess.thres"
30.0595178282123,26.7854990175937,34.9936927999396,5638.00132760111,1.0005717978292,"rmse",1,TRUE,300
-1907.18418927313,-1919.02849140305,-1898.10221340192,7028.93813940942,1.00019447805372,"log_lik_sum",1,TRUE,300
