"mean","lower","upper","ESS","Rhat","var","ivar","converged","ess.thres"
17.7419053620308,16.1945221233554,19.7251013831238,6717.5240348104,0.999827850730033,"rmse",1,TRUE,300
-1460.42096333161,-1471.80952295143,-1451.31393999786,6759.74965989413,0.999876626145773,"log_lik_sum",1,TRUE,300
