"mean","lower","upper","ESS","Rhat","var","ivar","converged","ess.thres"
26.9805587437444,24.1249585173331,31.2726622608562,6453.33245440409,0.999940346032814,"rmse",1,TRUE,300
-1774.70518043277,-1785.87344675337,-1765.42837722819,5870.00395489505,0.99986523911654,"log_lik_sum",1,TRUE,300
