"mean","lower","upper","ESS","Rhat","var","ivar","converged","ess.thres"
50.3517956405736,43.6893557470375,59.8545303518313,5860.07597008661,1.00041157301493,"rmse",1,TRUE,300
-1976.96351947108,-1988.02120088456,-1967.83601668309,6744.53333595856,1.00016618553586,"log_lik_sum",1,TRUE,300
