"mean","lower","upper","ESS","Rhat","var","ivar","converged","ess.thres"
56.8680683974151,51.0535414820463,64.7890268176458,7007.73273874666,0.99983132779609,"rmse",1,TRUE,300
-2170.09178166687,-2181.24640316571,-2160.92808121936,6499.48577737208,1.00021157719654,"log_lik_sum",1,TRUE,300
