"mean","lower","upper","ESS","Rhat","var","ivar","converged","ess.thres"
60.1140031214433,54.7378854986309,67.256248813866,7296.15925979694,0.999834344551742,"rmse",1,TRUE,300
-1855.53891966139,-1866.73218065781,-1846.19096489777,6856.0103457466,1.00068750360289,"log_lik_sum",1,TRUE,300
