"mean","lower","upper","ESS","Rhat","var","ivar","converged","ess.thres"
46.1003635468982,42.3954348270929,50.7064390606728,7110.24393786201,0.999751451183107,"rmse",1,TRUE,300
-1867.98686775527,-1879.1353158829,-1859.00667373886,6504.712435386,0.999818310159542,"log_lik_sum",1,TRUE,300
