"mean","lower","upper","ESS","Rhat","var","ivar","converged","ess.thres"
130.438419306055,117.031922421108,148.30245604822,7207.92728994894,1.00002678869931,"rmse",1,TRUE,300
-2243.2615716528,-2254.93325542442,-2234.02323197741,6560.212519902,1.00005448582532,"log_lik_sum",1,TRUE,300
