"mean","lower","upper","ESS","Rhat","var","ivar","converged","ess.thres"
31.7323174006156,28.1999141561178,36.549534484094,6650.00466674245,0.99991916811198,"rmse",1,TRUE,300
-1824.77866967036,-1836.08254568303,-1815.5983053175,7190.4640888585,0.999999898141939,"log_lik_sum",1,TRUE,300
