"mean","lower","upper","ESS","Rhat","var","ivar","converged","ess.thres"
45.3218297612227,40.0950891232354,54.9514864906867,6905.15539886497,1.00029059217,"rmse",1,TRUE,300
-1769.45787730281,-1780.6641976526,-1760.38634494696,7122.05772595915,1.00007076082429,"log_lik_sum",1,TRUE,300
