"mean","lower","upper","ESS","Rhat","var","ivar","converged","ess.thres"
14.2042596386509,12.825903431563,16.2279452182603,6025.36178011937,0.999669026569734,"rmse",1,TRUE,300
-1256.631116379,-1268.0761301707,-1247.4169704818,6451.93841603394,0.999753476717217,"log_lik_sum",1,TRUE,300
