"mean","lower","upper","ESS","Rhat","var","ivar","converged","ess.thres"
45.200209731393,39.6512057538737,53.2031958403292,6478.08810849299,1.00013399389621,"rmse",1,TRUE,300
-2053.03355743798,-2064.10821332031,-2044.12768564576,6544.14590464494,1.00040319547809,"log_lik_sum",1,TRUE,300
