"mean","lower","upper","ESS","Rhat","var","ivar","converged","ess.thres"
71.5076345909045,64.9367420763522,80.3195495350115,6898.26508247843,0.999917194137567,"rmse",1,TRUE,300
-2237.02496235309,-2248.32536964908,-2227.76832533066,6734.15119612022,1.00144263983323,"log_lik_sum",1,TRUE,300
