"mean","lower","upper","ESS","Rhat","var","ivar","converged","ess.thres"
158.60812054073,146.062138636161,174.299568962735,6862.4639553951,0.999626096968604,"rmse",1,TRUE,300
-2506.28311198922,-2517.60624432319,-2496.92503615177,6726.55706774885,0.999823530380092,"log_lik_sum",1,TRUE,300
