"mean","lower","upper","ESS","Rhat","var","ivar","converged","ess.thres"
14.5178471217074,12.6510277781768,18.2983543125807,3595.75771553549,1.00052776168495,"rmse",1,TRUE,300
-1322.77624485796,-1333.63922962237,-1313.77858765171,3872.49671320056,1.00011152088318,"log_lik_sum",1,TRUE,300
