"mean","lower","upper","ESS","Rhat","var","ivar","converged","ess.thres"
34.3126058580018,30.7732832656835,39.2135219278723,6106.9769310193,1.00066772643666,"rmse",1,TRUE,300
-2054.87541440671,-2066.3117570859,-2045.67285779637,6832.70199214529,1.00027337692164,"log_lik_sum",1,TRUE,300
