"mean","lower","upper","ESS","Rhat","var","ivar","converged","ess.thres"
36.2654512957647,33.7307758528297,40.8242465907129,6273.74787289728,0.99984361440169,"rmse",1,TRUE,300
-1719.50777777156,-1731.82304524462,-1709.31255701985,6853.04080570986,0.999682037531958,"log_lik_sum",1,TRUE,300
