"mean","lower","upper","ESS","Rhat","var","ivar","converged","ess.thres"
23.9572372968014,21.5923605630069,27.0515519485768,7004.41705586347,0.999627733779699,"rmse",1,TRUE,300
-1712.91848260143,-1723.80554508261,-1703.78344209937,6561.63971849888,1.00027463773479,"log_lik_sum",1,TRUE,300
