"mean","lower","upper","ESS","Rhat","var","ivar","converged","ess.thres"
74.734818766021,68.597098267407,83.3865661185479,6667.66102186514,1.00005711301904,"rmse",1,TRUE,300
-2094.2448735785,-2105.64690898843,-2085.10595337874,7012.54607821139,1.00003453339459,"log_lik_sum",1,TRUE,300
