"mean","lower","upper","ESS","Rhat","var","ivar","converged","ess.thres"
29.5515475929657,24.8459078536921,37.3479233664901,6630.06197455524,0.999838110772444,"rmse",1,TRUE,300
-1380.14988116906,-1391.45615713642,-1370.81494092907,6651.6318333957,1.00034826279931,"log_lik_sum",1,TRUE,300
