"mean","lower","upper","ESS","Rhat","var","ivar","converged","ess.thres"
27.6157859992723,24.9280603273044,31.102587170628,6416.45666599973,0.999934557534348,"rmse",1,TRUE,300
-1873.58812227795,-1884.42389270914,-1864.4973119215,6989.09072303023,1.00021176488103,"log_lik_sum",1,TRUE,300
