"mean","lower","upper","ESS","Rhat","var","ivar","converged","ess.thres"
7.80387122465497,7.15282644456712,8.60387745804996,7194.10886308781,0.99979809702109,"rmse",1,TRUE,300
-1100.33048734708,-1112.06083768446,-1091.01676972944,6828.11360178143,0.999823102007973,"log_lik_sum",1,TRUE,300
