"mean","lower","upper","ESS","Rhat","var","ivar","converged","ess.thres"
116.147560896753,104.214519183232,136.689334103531,7133.45676878028,1.00063421949204,"rmse",1,TRUE,300
-2133.95716515947,-2145.46752649605,-2124.47524161024,7017.4627462729,1.00024236590082,"log_lik_sum",1,TRUE,300
