"mean","lower","upper","ESS","Rhat","var","ivar","converged","ess.thres"
40.1285449344819,36.0245383890709,45.9584935859275,5540.94958612922,0.999805229128409,"rmse",1,TRUE,300
-2140.64628202288,-2152.24279296366,-2131.36782435245,6279.08732946481,1.00056709820697,"log_lik_sum",1,TRUE,300
