"mean","lower","upper","ESS","Rhat","var","ivar","converged","ess.thres"
18.6304000605662,16.8051295869526,21.2051550192324,5794.53773378968,0.999741149274778,"rmse",1,TRUE,300
-1679.31169606964,-1690.59237235069,-1670.11084092071,6205.54012960739,1.00061503859582,"log_lik_sum",1,TRUE,300
