"mean","lower","upper","ESS","Rhat","var","ivar","converged","ess.thres"
29.7125014729695,26.8371798589364,33.2115497847999,7065.57514994574,0.999879658834083,"rmse",1,TRUE,300
-1764.69689889448,-1775.91650809101,-1755.60250288963,7044.33734475371,1.000324787358,"log_lik_sum",1,TRUE,300
