"mean","lower","upper","ESS","Rhat","var","ivar","converged","ess.thres"
8.89825809851833,8.03981660511321,10.2504407957413,5998.42199409505,1.00005428602876,"rmse",1,TRUE,300
-1081.54625559707,-1093.05378858767,-1072.30606721289,6741.45677667277,0.999846791097391,"log_lik_sum",1,TRUE,300
