"mean","lower","upper","ESS","Rhat","var","ivar","converged","ess.thres"
34.0250667538633,31.2215926795216,37.9855206956337,7301.86923053211,0.999881562082002,"rmse",1,TRUE,300
-1602.91414837218,-1613.89759876514,-1594.13505714217,5700.55004596303,1.0004003644726,"log_lik_sum",1,TRUE,300
