"mean","lower","upper","ESS","Rhat","var","ivar","converged","ess.thres"
84.0025513473353,78.0186065743696,92.5312374303762,7188.66178903369,1.0004456261302,"rmse",1,TRUE,300
-2192.44707820111,-2204.15940828558,-2183.1620678164,6706.66128677373,1.00006140318919,"log_lik_sum",1,TRUE,300
