"mean","lower","upper","ESS","Rhat","var","ivar","converged","ess.thres"
11.1572963505792,9.97075860059059,12.7592680211915,7219.67775745296,0.999919813258443,"rmse",1,TRUE,300
-1434.47869399229,-1446.20309115372,-1424.98324640671,6892.97982770828,0.999875772495336,"log_lik_sum",1,TRUE,300
