"mean","lower","upper","ESS","Rhat","var","ivar","converged","ess.thres"
28.6070153994915,26.4617283464379,30.9463662287273,7251.28228300065,0.999665830734725,"rmse",1,TRUE,300
-1485.7740930826,-1496.84895593706,-1476.851150716,6726.42190119852,1.00050863205073,"log_lik_sum",1,TRUE,300
