"mean","lower","upper","ESS","Rhat","var","ivar","converged","ess.thres"
7.58446325934458,6.38542674236689,9.06325754679941,5689.67166087636,1.00025519419279,"rmse",1,TRUE,300
-1248.79952973892,-1265.97656763777,-1233.03131091747,5340.77614728835,1.00005354224254,"log_lik_sum",1,TRUE,300
