"mean","lower","upper","ESS","Rhat","var","ivar","converged","ess.thres"
8.16284979288304,6.96318455806016,10.1883717300897,6767.19976834313,0.999836278045898,"rmse",1,TRUE,300
-1247.39566691009,-1262.92828013925,-1233.94899755311,6026.30745697237,0.9999210954683,"log_lik_sum",1,TRUE,300
