"mean","lower","upper","ESS","Rhat","var","ivar","converged","ess.thres"
12.0334559546721,10.2742644627082,14.2330552536991,6281.11651598867,1.00016304425606,"rmse",1,TRUE,300
-1519.14093497635,-1534.74806412271,-1505.05868741739,6570.87407716589,1.0004034560456,"log_lik_sum",1,TRUE,300
