"mean","lower","upper","ESS","Rhat","var","ivar","converged","ess.thres"
39.1792617870588,33.4966892255461,44.7310798187912,4170.22779647386,1.00007431314961,"rmse",1,TRUE,300
-1857.54374774544,-1873.00490649376,-1844.29850914287,6657.33489984817,1.00006713262408,"log_lik_sum",1,TRUE,300
