"mean","lower","upper","ESS","Rhat","var","ivar","converged","ess.thres"
24.9338962313163,21.348464592193,28.9830386219944,6331.69302672038,0.999723194010133,"rmse",1,TRUE,300
-1666.35987755034,-1682.1046319908,-1652.25175169016,6166.86117869592,0.999902090688657,"log_lik_sum",1,TRUE,300
