"mean","lower","upper","ESS","Rhat","var","ivar","converged","ess.thres"
23.6666734626036,20.2415085910518,27.8580969577299,6596.83624823285,0.999958099757201,"rmse",1,TRUE,300
-1804.94357472603,-1820.32250447528,-1791.2093422472,6907.84453032944,0.999617579818429,"log_lik_sum",1,TRUE,300
