"mean","lower","upper","ESS","Rhat","var","ivar","converged","ess.thres"
20.4684302483131,15.9699405746663,26.6922679456704,6593.44441385427,0.999730185425434,"rmse",1,TRUE,300
-1489.74753193725,-1506.89080921144,-1474.48453747707,6087.81631009864,1.00003689937218,"log_lik_sum",1,TRUE,300
