"mean","lower","upper","ESS","Rhat","var","ivar","converged","ess.thres"
12.6886621947261,11.0465797406545,14.8808881604871,6793.7257165473,0.999764208152125,"rmse",1,TRUE,300
-1607.89933760576,-1624.23535606532,-1593.49516955197,6485.67538985386,0.999794388254232,"log_lik_sum",1,TRUE,300
