"mean","lower","upper","ESS","Rhat","var","ivar","converged","ess.thres"
16.5780738854242,14.1005609348064,20.0551923489791,6886.1112053447,1.00024233688838,"rmse",1,TRUE,300
-1670.55641207073,-1687.30242296682,-1656.1393377699,5737.58594796155,0.999894048346574,"log_lik_sum",1,TRUE,300
