"mean","lower","upper","ESS","Rhat","var","ivar","converged","ess.thres"
7.80789890961594,6.8680138683893,9.08658978722315,6481.46804654989,0.999648908360819,"rmse",1,TRUE,300
-1167.55317654637,-1182.34293108118,-1154.61438101169,6222.79307098801,0.999940337558594,"log_lik_sum",1,TRUE,300
