"mean","lower","upper","ESS","Rhat","var","ivar","converged","ess.thres"
3.80949703465741,3.32957728698061,4.46194960388207,6555.90243790062,0.999800548657225,"rmse",1,TRUE,300
-930.836787755926,-945.652710806618,-917.557963493811,6335.61643920386,0.999848166071976,"log_lik_sum",1,TRUE,300
