"mean","lower","upper","ESS","Rhat","var","ivar","converged","ess.thres"
70.877524628856,56.4769934666583,86.2527244593956,6805.57719654665,0.999780181551869,"rmse",1,TRUE,300
-2072.14680328251,-2088.53208362845,-2057.78521564402,6154.25611644237,0.999913123432455,"log_lik_sum",1,TRUE,300
