"mean","lower","upper","ESS","Rhat","var","ivar","converged","ess.thres"
35.1988509391778,29.9138013173587,42.9343898418402,6287.9444940941,1.00009931384109,"rmse",1,TRUE,300
-1865.31085059171,-1882.3771090137,-1848.21672127657,4973.3750870286,0.999923633902143,"log_lik_sum",1,TRUE,300
