"mean","lower","upper","ESS","Rhat","var","ivar","converged","ess.thres"
32.8117219410402,26.4329219394846,40.6256503947312,5579.85153421553,1.00007283697835,"rmse",1,TRUE,300
-1833.74179798389,-1851.68058896532,-1816.68112130022,5333.477176266,1.00016646495596,"log_lik_sum",1,TRUE,300
