"mean","lower","upper","ESS","Rhat","var","ivar","converged","ess.thres"
7.76481813702539,6.71848328002063,9.00192284321318,5210.93242843138,1.00003203488092,"rmse",1,TRUE,300
-1130.00503835661,-1145.16194675155,-1116.43292931843,5159.66193160161,0.999844099984879,"log_lik_sum",1,TRUE,300
