"mean","lower","upper","ESS","Rhat","var","ivar","converged","ess.thres"
13.6478685143853,11.0353746807799,17.0292633899178,6643.9833435791,0.999697027755784,"rmse",1,TRUE,300
-1533.41418865661,-1549.15215117361,-1519.32922518621,6029.57446225332,1.00069050455356,"log_lik_sum",1,TRUE,300
