"mean","lower","upper","ESS","Rhat","var","ivar","converged","ess.thres"
19.377409059188,16.8160917402611,22.3350941249013,6467.65634960039,1.00009048809084,"rmse",1,TRUE,300
-1812.99979618182,-1828.9687052161,-1798.86188886393,6283.38768477082,1.00014156060188,"log_lik_sum",1,TRUE,300
