"mean","lower","upper","ESS","Rhat","var","ivar","converged","ess.thres"
12.3740469357651,10.2674327267787,15.2049574638952,6922.37462506636,1.00014520282443,"rmse",1,TRUE,300
-1554.2251525158,-1571.98170885108,-1538.57394447708,5567.2554560946,0.999856501226502,"log_lik_sum",1,TRUE,300
