"mean","lower","upper","ESS","Rhat","var","ivar","converged","ess.thres"
15.3423417900955,13.6202042056713,17.6720021807356,6749.89802345482,1.00055585892958,"rmse",1,TRUE,300
-1501.5822088424,-1516.75225260823,-1488.04175663991,6226.20889431558,1.00045717247994,"log_lik_sum",1,TRUE,300
