"mean","lower","upper","ESS","Rhat","var","ivar","converged","ess.thres"
18.9945443312251,15.0626880841936,24.1429129042701,5475.7331751605,0.999791230997077,"rmse",1,TRUE,300
-1431.39076741085,-1447.19778996909,-1416.68162793777,4004.70070760791,1.00021755509957,"log_lik_sum",1,TRUE,300
