"mean","lower","upper","ESS","Rhat","var","ivar","converged","ess.thres"
11.8693156921164,9.96255852227572,14.3101214751846,5676.67175180253,1.00065621132332,"rmse",1,TRUE,300
-1440.34874850022,-1456.55875203799,-1426.54309274434,6247.97758742822,1.00020983525488,"log_lik_sum",1,TRUE,300
