"mean","lower","upper","ESS","Rhat","var","ivar","converged","ess.thres"
14.413598131321,11.4519576846028,18.4035443611552,5958.8279395446,1.00006972572575,"rmse",1,TRUE,300
-1239.66121284439,-1255.8217634143,-1226.07608941933,5348.95322398526,1.00008327252005,"log_lik_sum",1,TRUE,300
