"mean","lower","upper","ESS","Rhat","var","ivar","converged","ess.thres"
10.1582180191188,8.87640692840931,11.8834302167407,6599.61454371615,0.999783620757628,"rmse",1,TRUE,300
-1440.51715449569,-1456.27661126989,-1426.8986195151,6598.36858368765,0.999815061716429,"log_lik_sum",1,TRUE,300
