"mean","lower","upper","ESS","Rhat","var","ivar","converged","ess.thres"
14.3142533651827,11.9912209853316,17.3238700482818,6613.20502588816,0.999702056989915,"rmse",1,TRUE,300
-1582.36610156738,-1597.7040700375,-1568.67319123373,6217.39248291938,1.00059933193047,"log_lik_sum",1,TRUE,300
