"mean","lower","upper","ESS","Rhat","var","ivar","converged","ess.thres"
22.2100654232594,19.3439268073624,26.2249160849387,6674.02492400056,0.999805366683055,"rmse",1,TRUE,300
-1742.13527420628,-1760.48879428975,-1725.46803748824,5942.1175900016,1.00029564806036,"log_lik_sum",1,TRUE,300
