"mean","lower","upper","ESS","Rhat","var","ivar","converged","ess.thres"
25.5172116332356,20.2012257452872,32.377081132781,5490.24959479903,1.00011180334665,"rmse",1,TRUE,300
-1428.28491453315,-1443.04094145438,-1415.08908648469,6058.04341730269,0.999982990183556,"log_lik_sum",1,TRUE,300
