"mean","lower","upper","ESS","Rhat","var","ivar","converged","ess.thres"
17.9562546738278,16.1162741581742,20.3574737834972,6295.29336039175,0.999880720681229,"rmse",1,TRUE,300
-1807.26920627986,-1821.94318038554,-1794.3603746786,6437.67211421396,0.999756883352,"log_lik_sum",1,TRUE,300
