"mean","lower","upper","ESS","Rhat","var","ivar","converged","ess.thres"
10.3973590265021,9.13159583824239,12.0791715363787,6797.7074600506,1.0004919736636,"rmse",1,TRUE,300
-1506.60832442774,-1522.41869708717,-1492.44317879866,6218.71271916273,1.00023398995402,"log_lik_sum",1,TRUE,300
