"mean","lower","upper","ESS","Rhat","var","ivar","converged","ess.thres"
8.08429246410549,6.80152759604176,9.9332997231367,5500.17660656454,0.999738715704719,"rmse",1,TRUE,300
-1072.65731144093,-1088.0509369182,-1059.31057285926,6352.26676295643,0.999944715498036,"log_lik_sum",1,TRUE,300
