"mean","lower","upper","ESS","Rhat","var","ivar","converged","ess.thres"
13.333892076296,11.3927042360481,15.7175883344975,5240.3773777657,1.00061997528429,"rmse",1,TRUE,300
-1491.76413082994,-1508.02781670928,-1477.31324412676,6369.58376102708,1.00015639401648,"log_lik_sum",1,TRUE,300
