"mean","lower","upper","ESS","Rhat","var","ivar","converged","ess.thres"
4.85839278334456,4.04209281956549,5.91694119728253,4588.50382941728,0.999763004210993,"rmse",1,TRUE,300
-950.367751241683,-965.370336811306,-937.651317597847,5353.01743626211,0.999918584999118,"log_lik_sum",1,TRUE,300
