"mean","lower","upper","ESS","Rhat","var","ivar","converged","ess.thres"
4.87757001729,4.03032914985064,6.38995962197119,6673.00046885892,0.999794623612499,"rmse",1,TRUE,300
-988.402099636207,-1003.32907897377,-975.297915789962,6798.82802669709,0.999796781298346,"log_lik_sum",1,TRUE,300
