"mean","lower","upper","ESS","Rhat","var","ivar","converged","ess.thres"
26.6627280006648,22.8238899328567,31.5893414696386,6066.77259636344,1.00025757896303,"rmse",1,TRUE,300
-1720.08760299202,-1736.97711710579,-1705.4082737743,5997.52632240133,0.999769674757785,"log_lik_sum",1,TRUE,300
