"mean","lower","upper","ESS","Rhat","var","ivar","converged","ess.thres"
49.5880667157707,42.2276329115782,57.731109011716,6438.99720844191,1.00011580792982,"rmse",1,TRUE,300
-2077.94115036211,-2095.01519706177,-2062.54383087574,5624.04213246695,0.999884529443259,"log_lik_sum",1,TRUE,300
