"mean","lower","upper","ESS","Rhat","var","ivar","converged","ess.thres"
13.3660406114043,11.2821762620093,16.093540779913,6280.37489762264,0.999789494688592,"rmse",1,TRUE,300
-1625.9739962009,-1643.00780223989,-1611.10020873819,5899.72134319715,0.999948722506316,"log_lik_sum",1,TRUE,300
