"mean","lower","upper","ESS","Rhat","var","ivar","converged","ess.thres"
27.4918177856632,21.2923022095387,34.5341875035823,6497.99478360833,0.999914393667733,"rmse",1,TRUE,300
-1665.00786344217,-1681.81428281326,-1650.24201624805,5871.1832881128,1.00020604994554,"log_lik_sum",1,TRUE,300
