"mean","lower","upper","ESS","Rhat","var","ivar","converged","ess.thres"
19.3372673531594,16.2216446475136,23.4907361570142,6622.79439065255,1.00017036156201,"rmse",1,TRUE,300
-1566.93585736407,-1584.13341368948,-1552.22450902752,6062.13882055026,1.00033297477443,"log_lik_sum",1,TRUE,300
