"mean","lower","upper","ESS","Rhat","var","ivar","converged","ess.thres"
46.4281598667735,38.148419329013,56.970608065929,6698.18817943225,0.999755087833708,"rmse",1,TRUE,300
-1944.32450313517,-1960.05304140235,-1930.26950589204,6685.15315818282,0.999903438263881,"log_lik_sum",1,TRUE,300
