"mean","lower","upper","ESS","Rhat","var","ivar","converged","ess.thres"
11.4355944519294,9.46050303662908,13.7690705830858,6514.4303548556,0.999878708103929,"rmse",1,TRUE,300
-1294.1033446098,-1310.34738614706,-1279.86043879761,6335.92347964326,0.999970923154162,"log_lik_sum",1,TRUE,300
