"mean","lower","upper","ESS","Rhat","var","ivar","converged","ess.thres"
16.4368163164755,13.530891517659,19.8714273532985,5627.5967600976,1.00079995111389,"rmse",1,TRUE,300
-1332.09895925106,-1348.90118453062,-1316.55436171735,5293.44671842444,1.0005124671496,"log_lik_sum",1,TRUE,300
