"mean","lower","upper","ESS","Rhat","var","ivar","converged","ess.thres"
48.2139099518678,40.6590273504496,57.1871595920796,5228.70085544517,0.999981639720135,"rmse",1,TRUE,300
-2036.47991080088,-2053.82773112306,-2021.50442753892,4753.92451942878,1.00024974837494,"log_lik_sum",1,TRUE,300
