"mean","lower","upper","ESS","Rhat","var","ivar","converged","ess.thres"
14.556818710259,12.8865199104619,16.6232339874884,6910.5359342572,1.00023450707919,"rmse",1,TRUE,300
-1654.52137413497,-1671.07041243646,-1639.41449110646,6191.46979171423,1.00074091049412,"log_lik_sum",1,TRUE,300
