"mean","lower","upper","ESS","Rhat","var","ivar","converged","ess.thres"
37.3418044346254,30.5699709485685,45.8841495867999,6945.11922668611,0.999911574783744,"rmse",1,TRUE,300
-1728.86310441791,-1744.16412906701,-1715.49501877988,5242.75886465942,1.00063630018422,"log_lik_sum",1,TRUE,300
