"mean","lower","upper","ESS","Rhat","var","ivar","converged","ess.thres"
11.903728702577,10.3987793917331,13.8237648673647,6565.543833812,0.999603315924526,"rmse",1,TRUE,300
-1525.14655634784,-1540.31686767494,-1512.30424715094,5850.69407372857,0.99980933313675,"log_lik_sum",1,TRUE,300
