"mean","lower","upper","ESS","Rhat","var","ivar","converged","ess.thres"
26.1678861347838,23.2574856261797,29.4120430742967,6870.36742634105,1.00018714969876,"rmse",1,TRUE,300
-1681.68464358468,-1696.94283669745,-1667.80044696193,5222.64628600968,0.999970295582636,"log_lik_sum",1,TRUE,300
