"mean","lower","upper","ESS","Rhat","var","ivar","converged","ess.thres"
12.3131834323651,10.2125902822972,15.0011246499986,4882.93439420255,0.999970446677379,"rmse",1,TRUE,300
-1313.94059269492,-1331.93966807184,-1298.79861934323,3777.05047281982,1.00022585232467,"log_lik_sum",1,TRUE,300
