"mean","lower","upper","ESS","Rhat","var","ivar","converged","ess.thres"
24.743403846802,20.2530283897595,31.8466899481812,5904.05432268312,1.00024686709616,"rmse",1,TRUE,300
-1562.67101184038,-1578.77654855427,-1548.20799895701,3719.32974778539,0.999788171891245,"log_lik_sum",1,TRUE,300
