"mean","lower","upper","ESS","Rhat","var","ivar","converged","ess.thres"
22.8754304007782,19.1312417530782,27.5550650726085,4181.51509044402,1.00053862506866,"rmse",1,TRUE,300
-1609.29081037181,-1626.75333365186,-1593.58739506398,2954.72141083558,0.99988948009202,"log_lik_sum",1,TRUE,300
