"mean","lower","upper","ESS","Rhat","var","ivar","converged","ess.thres"
57.3976170236367,46.8244429257451,71.659457643527,6841.37978606163,1.00028673764286,"rmse",1,TRUE,300
-1928.42857419761,-1944.31430980448,-1914.14018009108,6462.52943060295,1.00034160237583,"log_lik_sum",1,TRUE,300
