"mean","lower","upper","ESS","Rhat","var","ivar","converged","ess.thres"
20.7705106641727,17.6957577362627,24.9790014804158,5232.86891027386,1.00024822087839,"rmse",1,TRUE,300
-1699.37828934176,-1715.77054807866,-1685.10388715334,4442.36037647442,1.00004886959793,"log_lik_sum",1,TRUE,300
