"mean","lower","upper","ESS","Rhat","var","ivar","converged","ess.thres"
25.2579078119327,21.6997095727394,31.3672967711786,6883.83971245354,0.999902683432108,"rmse",1,TRUE,300
-1651.43052861084,-1665.6077233549,-1639.05156384752,5776.38588317328,1.00030256864074,"log_lik_sum",1,TRUE,300
