"mean","lower","upper","ESS","Rhat","var","ivar","converged","ess.thres"
27.8418151244732,22.0002001470251,35.5552439930942,6271.5765621611,1.00012139942728,"rmse",1,TRUE,300
-1507.15212408589,-1521.28140262544,-1494.779941723,4675.36737053825,0.999826814012133,"log_lik_sum",1,TRUE,300
