"mean","lower","upper","ESS","Rhat","var","ivar","converged","ess.thres"
21.7507308633025,18.2783182132947,26.0285615767322,7049.91505992731,1.00123498661733,"rmse",1,TRUE,300
-1650.34323342144,-1665.90247340681,-1636.96246419532,5273.81149772633,1.00048412757845,"log_lik_sum",1,TRUE,300
