"mean","lower","upper","ESS","Rhat","var","ivar","converged","ess.thres"
3.84719750932061,3.42006688662641,4.44115302466933,6726.24937957574,1.00033487206206,"rmse",1,TRUE,300
-937.004214812393,-952.351039022634,-924.039773467886,5878.95307674157,1.00033631701544,"log_lik_sum",1,TRUE,300
