"mean","lower","upper","ESS","Rhat","var","ivar","converged","ess.thres"
65.419300565402,52.0175918300883,80.1354187985294,6214.47804647004,0.999850799589004,"rmse",1,TRUE,300
-2096.36013218102,-2113.15454006761,-2082.15745452068,5325.27341371034,1.0001076762514,"log_lik_sum",1,TRUE,300
