"mean","lower","upper","ESS","Rhat","var","ivar","converged","ess.thres"
24.4680163035722,19.514341066445,30.9074115008904,5331.11656996401,0.999651578503325,"rmse",1,TRUE,300
-1595.29783425413,-1612.99607218967,-1579.00538909656,3522.84698671992,0.999939968350164,"log_lik_sum",1,TRUE,300
