"mean","lower","upper","ESS","Rhat","var","ivar","converged","ess.thres"
64.6636397684291,52.887374787327,77.9830666685724,5291.91185081698,1.00009548735886,"rmse",1,TRUE,300
-2125.05803938804,-2142.6603884063,-2109.28226038937,4616.05134614878,0.999873353049245,"log_lik_sum",1,TRUE,300
