"mean","lower","upper","ESS","Rhat","var","ivar","converged","ess.thres"
7.533624789781,6.64996997987507,8.64264576354274,6382.5246599945,0.999670809186121,"rmse",1,TRUE,300
-1135.05568433549,-1150.00456221234,-1122.06731171473,5228.39938877226,0.999748174845341,"log_lik_sum",1,TRUE,300
