"mean","lower","upper","ESS","Rhat","var","ivar","converged","ess.thres"
19.9044615428287,15.9753133718193,25.8157258507095,5587.45283524933,0.99968508180955,"rmse",1,TRUE,300
-1548.46789483377,-1566.19997310564,-1531.46552486688,4209.9060479923,0.999855985918425,"log_lik_sum",1,TRUE,300
