"mean","lower","upper","ESS","Rhat","var","ivar","converged","ess.thres"
15.4370445241031,13.3874741343003,18.0301339593657,6329.92865127665,0.999867123604462,"rmse",1,TRUE,300
-1500.50182974408,-1519.01440055725,-1483.98435787888,5249.35796563666,0.999809692037286,"log_lik_sum",1,TRUE,300
