"mean","lower","upper","ESS","Rhat","var","ivar","converged","ess.thres"
7.31758073709198,6.31772763214332,8.74190372617217,6636.31829360762,1.00042730372711,"rmse",1,TRUE,300
-1352.70517904579,-1370.57834911224,-1336.61870800561,6264.21458793265,1.00010794597541,"log_lik_sum",1,TRUE,300
