"mean","lower","upper","ESS","Rhat","var","ivar","converged","ess.thres"
25.7022617599928,21.1390916451957,30.757713030499,6197.0704748964,1.00054342482905,"rmse",1,TRUE,300
-1488.89915082799,-1506.85298001592,-1473.74321621576,4296.23124935808,1.00004378950909,"log_lik_sum",1,TRUE,300
