"mean","lower","upper","ESS","Rhat","var","ivar","converged","ess.thres"
33.9826680749994,28.6792763188392,40.8133416982586,6377.95026755327,1.00006303855521,"rmse",1,TRUE,300
-1777.16673736293,-1794.28554267948,-1761.67368884464,3601.57988585691,1.00042179143425,"log_lik_sum",1,TRUE,300
