"mean","lower","upper","ESS","Rhat","var","ivar","converged","ess.thres"
21.2757509274587,17.2456007987538,26.2278683768867,6095.22431992422,1.00022933481207,"rmse",1,TRUE,300
-1581.22985591634,-1597.1082072247,-1567.16365518619,5405.48968734517,1.00023560583885,"log_lik_sum",1,TRUE,300
