"mean","lower","upper","ESS","Rhat","var","ivar","converged","ess.thres"
21.0066093906375,16.9915098525701,26.0634120104543,6299.16455579981,0.999773733762754,"rmse",1,TRUE,300
-1634.6276519639,-1649.68210270232,-1620.82306143811,4603.10072728256,1.0004754743372,"log_lik_sum",1,TRUE,300
