"mean","lower","upper","ESS","Rhat","var","ivar","converged","ess.thres"
15.0215016860964,13.194730653643,17.3298197938586,7054.10503871697,1.00004474957839,"rmse",1,TRUE,300
-1629.81270027221,-1644.94026275802,-1616.76153366047,5959.4529575426,0.999919606965784,"log_lik_sum",1,TRUE,300
