"mean","lower","upper","ESS","Rhat","var","ivar","converged","ess.thres"
7.61019375226778,6.72022986128613,8.80782745069573,6420.11720444232,0.999925970345077,"rmse",1,TRUE,300
-1361.34543538176,-1376.87332230311,-1347.80478028323,6081.95303764728,1.00023412237852,"log_lik_sum",1,TRUE,300
