"mean","lower","upper","ESS","Rhat","var","ivar","converged","ess.thres"
9.6136295702238,8.62085673977849,10.9427552044624,6357.90318012956,1.00038229122228,"rmse",1,TRUE,300
-1451.75445141753,-1466.91577810577,-1438.27240798883,5335.96887218633,1.0003802008376,"log_lik_sum",1,TRUE,300
