"mean","lower","upper","ESS","Rhat","var","ivar","converged","ess.thres"
4.19687497686954,3.40083371062172,5.25311827061145,5848.5602496505,0.999793888036818,"rmse",1,TRUE,300
-984.588620574859,-1002.03329103874,-968.796775875351,5038.07495980032,1.00078201768116,"log_lik_sum",1,TRUE,300
