"mean","lower","upper","ESS","Rhat","var","ivar","converged","ess.thres"
18.7224568136788,16.6332548063945,21.1974982414176,5842.43599557895,1.00004472759411,"rmse",1,TRUE,300
-1722.69297469057,-1739.23462177406,-1707.77946624573,4169.65255135266,1.00190236025392,"log_lik_sum",1,TRUE,300
