"mean","lower","upper","ESS","Rhat","var","ivar","converged","ess.thres"
59.0392332340783,47.696148074999,75.3686290789306,6932.36109172764,0.999978174702997,"rmse",1,TRUE,300
-1834.23598051348,-1849.63875190501,-1820.35519219169,5781.54802143479,0.999774213338454,"log_lik_sum",1,TRUE,300
