"mean","lower","upper","ESS","Rhat","var","ivar","converged","ess.thres"
21.5413743804714,19.3136077257456,24.4544975544075,7030.83774480319,0.999709874239603,"rmse",1,TRUE,300
-1856.27323450797,-1872.19017449293,-1842.61746054458,5875.65743190125,1.00020170479719,"log_lik_sum",1,TRUE,300
