"mean","lower","upper","ESS","Rhat","var","ivar","converged","ess.thres"
14.6052445358454,12.7076636109134,16.8530013183544,6846.04005721697,1.00002796797452,"rmse",1,TRUE,300
-1525.28831767796,-1540.62279683325,-1511.81025677648,5856.94065814076,1.00052131162611,"log_lik_sum",1,TRUE,300
