"mean","lower","upper","ESS","Rhat","var","ivar","converged","ess.thres"
5.96916604370127,4.84712787934012,7.5508576284665,6604.50182887343,1.00001654105297,"rmse",1,TRUE,300
-1011.05625448167,-1026.65010790312,-997.954928306756,5871.34125778168,0.999944666376024,"log_lik_sum",1,TRUE,300
