"mean","lower","upper","ESS","Rhat","var","ivar","converged","ess.thres"
30.598487662716,25.3964106778752,37.9976459410349,4740.94687491817,0.999827462301341,"rmse",1,TRUE,300
-1787.65271742864,-1805.0418943715,-1772.16026536742,4396.19796751156,1.00050079625557,"log_lik_sum",1,TRUE,300
