"mean","lower","upper","ESS","Rhat","var","ivar","converged","ess.thres"
45.238164541825,38.9486630723474,52.8593493315013,5787.54843394297,0.999895679024125,"rmse",1,TRUE,300
-2088.17738911313,-2104.1774385307,-2073.88467057713,5133.17676656891,1.0000981497345,"log_lik_sum",1,TRUE,300
