"mean","lower","upper","ESS","Rhat","var","ivar","converged","ess.thres"
15.3640599060643,13.5130667077007,17.9317905069372,6286.63295760596,1.00026266750326,"rmse",1,TRUE,300
-1642.0440449525,-1657.89438896948,-1627.75002287062,5189.60160247034,1.00011780198864,"log_lik_sum",1,TRUE,300
