"mean","lower","upper","ESS","Rhat","var","ivar","converged","ess.thres"
27.1632195483108,23.3036353769233,32.2777431484213,5137.17441412385,0.999754984023693,"rmse",1,TRUE,300
-1841.0393387745,-1858.19158416402,-1826.06688515753,4776.68762191544,1.00007500945651,"log_lik_sum",1,TRUE,300
