"mean","lower","upper","ESS","Rhat","var","ivar","converged","ess.thres"
18.5798676214131,15.8603469359487,22.4130861230098,5045.8324602219,0.999885812166482,"rmse",1,TRUE,300
-1674.04583396808,-1689.29270053352,-1659.95813545922,4989.85307674914,0.999675809851449,"log_lik_sum",1,TRUE,300
