"mean","lower","upper","ESS","Rhat","var","ivar","converged","ess.thres"
7.36410398196949,6.41061787108996,8.50947350733076,5421.38195175865,1.00006465290742,"rmse",1,TRUE,300
-1267.1956248442,-1282.16283009561,-1254.03086845655,5090.61453663193,0.99984375965249,"log_lik_sum",1,TRUE,300
