"mean","lower","upper","ESS","Rhat","var","ivar","converged","ess.thres"
50.4986266669542,41.2456319308415,64.4169036130106,6291.28994808089,1.0004364310832,"rmse",1,TRUE,300
-1849.63213377568,-1863.66548570265,-1837.49087193583,6140.91047793664,1.00020809110512,"log_lik_sum",1,TRUE,300
