"mean","lower","upper","ESS","Rhat","var","ivar","converged","ess.thres"
10.9260990496287,9.31315913675218,13.0342992470647,7029.80073215391,0.999900511314975,"rmse",1,TRUE,300
-1304.70417306342,-1319.58661547313,-1291.71364046831,6132.84903344296,1.00045775801265,"log_lik_sum",1,TRUE,300
