"mean","lower","upper","ESS","Rhat","var","ivar","converged","ess.thres"
9.92849359274863,8.01212954946891,12.8350533261935,6070.02732825344,0.999741861539126,"rmse",1,TRUE,300
-1368.55831153963,-1384.74438101263,-1354.50739529566,5253.56885002146,0.999829442593323,"log_lik_sum",1,TRUE,300
