"mean","lower","upper","ESS","Rhat","var","ivar","converged","ess.thres"
16.3204505982342,13.56876758989,20.6188356823491,7014.01768867983,1.00016450977442,"rmse",1,TRUE,300
-1339.1468477848,-1354.19489812554,-1325.95766618438,5547.19241792673,1.000306232855,"log_lik_sum",1,TRUE,300
