"mean","lower","upper","ESS","Rhat","var","ivar","converged","ess.thres"
42.994308976569,37.1481739917256,50.2219074065292,6270.31875775923,0.999873882157289,"rmse",1,TRUE,300
-1970.31301736669,-1987.53410800164,-1954.55527197661,6082.97092333612,0.999845072725898,"log_lik_sum",1,TRUE,300
