"mean","lower","upper","ESS","Rhat","var","ivar","converged","ess.thres"
13.0333390116638,11.0634079286568,15.5909683514407,6395.39802183918,1.00049874520765,"rmse",1,TRUE,300
-1629.06119380045,-1650.30324028067,-1610.92355770139,4290.52537253111,1.00051047754394,"log_lik_sum",1,TRUE,300
