"mean","lower","upper","ESS","Rhat","var","ivar","converged","ess.thres"
34.7664138703267,27.5531027577893,43.7636433275115,7278.1478288536,0.999913765161253,"rmse",1,TRUE,300
-1691.96396318928,-1710.32330304925,-1675.80347951964,5967.82903757782,1.00025287698075,"log_lik_sum",1,TRUE,300
