"mean","lower","upper","ESS","Rhat","var","ivar","converged","ess.thres"
11.8075028969958,10.059603606547,14.0350820906734,6391.7110653774,1.00044678133467,"rmse",1,TRUE,300
-1510.96555109529,-1528.52814601635,-1494.83126655393,5677.52228632137,1.0001592618925,"log_lik_sum",1,TRUE,300
