"mean","lower","upper","ESS","Rhat","var","ivar","converged","ess.thres"
35.1910670420634,30.8951643234506,40.0526670801312,6969.73845217359,0.999877336311427,"rmse",1,TRUE,300
-1854.98525535887,-1871.37165453776,-1840.38202671419,5660.23258201804,1.00010220933629,"log_lik_sum",1,TRUE,300
