"mean","lower","upper","ESS","Rhat","var","ivar","converged","ess.thres"
20.4950235816535,17.6631963610969,24.2278709398707,6882.38990379429,1.00042536450294,"rmse",1,TRUE,300
-1806.75114615475,-1825.64630447084,-1790.09247235488,5777.35657269467,1.00024162552997,"log_lik_sum",1,TRUE,300
