"mean","lower","upper","ESS","Rhat","var","ivar","converged","ess.thres"
10.7710521272799,9.1503203145432,12.8841048652339,6571.49563319202,1.00001193097177,"rmse",1,TRUE,300
-1291.68566986848,-1309.40120452773,-1276.20631074127,5129.3828616516,0.999965418128394,"log_lik_sum",1,TRUE,300
