"mean","lower","upper","ESS","Rhat","var","ivar","converged","ess.thres"
20.8791805092322,17.5346872795972,24.7433685718138,6156.35502685237,0.999704977534281,"rmse",1,TRUE,300
-1563.28116007351,-1580.90351019404,-1548.0175157548,4249.60456258517,1.00048538497045,"log_lik_sum",1,TRUE,300
