"mean","lower","upper","ESS","Rhat","var","ivar","converged","ess.thres"
12.5359353530275,11.1369757576691,14.3915187017903,7083.8060399207,1.00001752836604,"rmse",1,TRUE,300
-1610.65067055624,-1628.67912475141,-1594.95227608218,5654.85690552457,1.00044204021135,"log_lik_sum",1,TRUE,300
