"mean","lower","upper","ESS","Rhat","var","ivar","converged","ess.thres"
175.854340976767,156.325991912709,201.684551017914,6859.77616132025,0.999929425403501,"rmse",1,TRUE,300
-2838.17043749464,-2856.07715534278,-2822.89210501772,2743.3936338992,1.00035857733914,"log_lik_sum",1,TRUE,300
