"mean","lower","upper","ESS","Rhat","var","ivar","converged","ess.thres"
26.5601669911632,21.0581625852191,34.2671110701609,6326.40710684033,0.99994838788377,"rmse",1,TRUE,300
-1485.75567072778,-1503.48475871637,-1470.71208246831,3280.47452114147,1.00070758465456,"log_lik_sum",1,TRUE,300
