"mean","lower","upper","ESS","Rhat","var","ivar","converged","ess.thres"
53.1260858485437,44.3504533398785,63.8858908988728,6442.49478140141,0.999853456540811,"rmse",1,TRUE,300
-2071.66920553206,-2089.70664276641,-2056.15059946525,5911.18848268961,1.00019341955062,"log_lik_sum",1,TRUE,300
