"mean","lower","upper","ESS","Rhat","var","ivar","converged","ess.thres"
32.8711120598687,27.6607799365606,39.4811113507294,7063.81027108873,1.00004804096113,"rmse",1,TRUE,300
-1832.10929815466,-1849.47858963057,-1816.55062198706,6624.92968179739,1.00017121643954,"log_lik_sum",1,TRUE,300
