"mean","lower","upper","ESS","Rhat","var","ivar","converged","ess.thres"
18.9965459446333,15.5589217488513,23.7603616270082,6593.05911772866,1.00003208964017,"rmse",1,TRUE,300
-1569.43695792864,-1587.81989523174,-1552.93446245952,5039.32119499614,1.00064898312655,"log_lik_sum",1,TRUE,300
