"mean","lower","upper","ESS","Rhat","var","ivar","converged","ess.thres"
42.511343341401,34.4035941001503,53.412923762462,6955.06882474337,0.999699722412171,"rmse",1,TRUE,300
-2036.41084660224,-2054.98629295001,-2019.98693002989,5862.98801076204,0.999693122240428,"log_lik_sum",1,TRUE,300
