"mean","lower","upper","ESS","Rhat","var","ivar","converged","ess.thres"
11.9461230265658,9.53043373364165,15.1088068987506,6023.90758239577,0.999858894135027,"rmse",1,TRUE,300
-1498.07070544747,-1521.66039755531,-1478.60715661662,4648.39318473686,1.00008605022478,"log_lik_sum",1,TRUE,300
