"mean","lower","upper","ESS","Rhat","var","ivar","converged","ess.thres"
17.9295725360933,14.6065551358527,22.5471768040167,6962.19012102266,0.999731432957105,"rmse",1,TRUE,300
-1521.38954994996,-1540.04143353331,-1505.07448097134,6501.884236813,0.999717180092819,"log_lik_sum",1,TRUE,300
