"mean","lower","upper","ESS","Rhat","var","ivar","converged","ess.thres"
17.7502678280741,15.5928230240076,20.6161249715212,7281.77973679516,1.00032285284186,"rmse",1,TRUE,300
-1796.64881545963,-1814.56691800277,-1781.1200572228,6273.13518350821,0.999875676803998,"log_lik_sum",1,TRUE,300
