"mean","lower","upper","ESS","Rhat","var","ivar","converged","ess.thres"
12.3367641500539,10.1960383255181,15.1126871874416,6773.02208465758,0.99978717587531,"rmse",1,TRUE,300
-1554.28468042266,-1575.52642639797,-1536.35810959073,3867.10421378487,1.00108903821123,"log_lik_sum",1,TRUE,300
