"mean","lower","upper","ESS","Rhat","var","ivar","converged","ess.thres"
12.9210860969157,11.2689813171545,15.0716421603886,6394.19183682759,0.999694029923493,"rmse",1,TRUE,300
-1468.93151491169,-1486.16800396408,-1453.9372945377,6360.63387351015,0.999931893137655,"log_lik_sum",1,TRUE,300
