"mean","lower","upper","ESS","Rhat","var","ivar","converged","ess.thres"
7.11009484248673,6.11118535485504,8.79047382196554,7233.57532738342,1.00016041023401,"rmse",1,TRUE,300
-1340.48206849253,-1357.62569378889,-1325.14848199617,6055.32713019223,0.99992875878501,"log_lik_sum",1,TRUE,300
