"mean","lower","upper","ESS","Rhat","var","ivar","converged","ess.thres"
18.6621827171177,14.6207741263628,23.5399692270089,6423.19009382193,0.999763277882019,"rmse",1,TRUE,300
-1426.4005589655,-1443.9932064166,-1411.64142964969,5785.69359494175,1.00031064667229,"log_lik_sum",1,TRUE,300
