"mean","lower","upper","ESS","Rhat","var","ivar","converged","ess.thres"
16.1283400775094,13.2962979477019,20.7185658306298,6911.00405652492,0.999749759009615,"rmse",1,TRUE,300
-1445.03835435014,-1460.98516829601,-1423.58461913089,1008.13407101902,1.00196294116505,"log_lik_sum",1,TRUE,300
