"mean","lower","upper","ESS","Rhat","var","ivar","converged","ess.thres"
31.4402705253348,25.3053272733329,38.8307881531688,6984.93512707961,1.00062174143644,"rmse",1,TRUE,300
-1710.08128264626,-1727.53365886942,-1695.40164574977,5288.87292201841,1.00059178164816,"log_lik_sum",1,TRUE,300
