"mean","lower","upper","ESS","Rhat","var","ivar","converged","ess.thres"
9.82201571324584,8.41911489097805,11.7980076809855,6931.79194668928,0.999899737251248,"rmse",1,TRUE,300
-1429.13049543397,-1446.55085930255,-1413.67251092721,6075.75416548126,0.999884135170493,"log_lik_sum",1,TRUE,300
