"mean","lower","upper","ESS","Rhat","var","ivar","converged","ess.thres"
16.607870924637,12.1011134073929,23.5374423796782,5802.41416050429,1.00012370415718,"rmse",1,TRUE,300
-1253.43163380856,-1269.60872830944,-1236.61279102763,1918.40580054103,1.00034486608858,"log_lik_sum",1,TRUE,300
