"mean","lower","upper","ESS","Rhat","var","ivar","converged","ess.thres"
14.4292633302268,12.5772743959591,16.7948105882745,7048.77733158054,0.999997731022076,"rmse",1,TRUE,300
-1607.39957264808,-1624.23295946617,-1592.65953595677,6319.47631881316,0.999709037165017,"log_lik_sum",1,TRUE,300
