"mean","lower","upper","ESS","Rhat","var","ivar","converged","ess.thres"
15.4226003278845,12.7169154932965,18.7413260867138,7214.4470588594,0.999762755907289,"rmse",1,TRUE,300
-1584.45740833769,-1601.3308168886,-1569.24788275226,6594.40740444143,1.00024150775005,"log_lik_sum",1,TRUE,300
