"mean","lower","upper","ESS","Rhat","var","ivar","converged","ess.thres"
8.29175621710215,7.42706342198458,9.5191538941998,6504.1273799688,0.999962275285838,"rmse",1,TRUE,300
-1426.34646731857,-1444.4688201594,-1410.47098074171,6176.62208325604,1.00012804289674,"log_lik_sum",1,TRUE,300
