"mean","lower","upper","ESS","Rhat","var","ivar","converged","ess.thres"
3.32274404861262,2.94883016587462,3.9138392478659,6647.66789248546,0.999892438369251,"rmse",1,TRUE,300
-970.853781661696,-990.152088134638,-953.712421710394,5353.56496239768,0.999914634756762,"log_lik_sum",1,TRUE,300
