"mean","lower","upper","ESS","Rhat","var","ivar","converged","ess.thres"
60.6254243810385,48.6918099146167,74.0941684277339,6395.15282683693,0.999899048458743,"rmse",1,TRUE,300
-1812.81833555325,-1829.67946000431,-1798.38422789878,6552.65771883031,0.999760869058756,"log_lik_sum",1,TRUE,300
