"mean","lower","upper","ESS","Rhat","var","ivar","converged","ess.thres"
28.8030649901555,22.4806900639995,37.0165621330511,7059.6468365335,1.00004491571767,"rmse",1,TRUE,300
-1439.78128550044,-1457.97663139897,-1423.87653941529,6300.30123715261,0.999805283136388,"log_lik_sum",1,TRUE,300
