"mean","lower","upper","ESS","Rhat","var","ivar","converged","ess.thres"
19.3679042654815,17.0522626806855,22.3488331110648,6325.26911438565,0.999923045538447,"rmse",1,TRUE,300
-1828.5371806174,-1847.25697315322,-1812.32336336281,5657.39388167268,1.00017025839979,"log_lik_sum",1,TRUE,300
