"mean","lower","upper","ESS","Rhat","var","ivar","converged","ess.thres"
8.86725764683306,7.52047422919873,10.7361801306458,6065.63337256519,1.0000566771141,"rmse",1,TRUE,300
-1082.85455134893,-1109.66868242682,-1064.54398477692,1219.00781205798,1.00136381698779,"log_lik_sum",1,TRUE,300
