"mean","lower","upper","ESS","Rhat","var","ivar","converged","ess.thres"
10.471128204745,9.11908314689822,12.2791698075222,7118.57251853362,0.999787326074793,"rmse",1,TRUE,300
-1503.09190711088,-1519.52395829315,-1488.49995189415,6074.79109636933,1.00057472028838,"log_lik_sum",1,TRUE,300
