"mean","lower","upper","ESS","Rhat","var","ivar","converged","ess.thres"
14.0064587419234,12.0247797675675,16.3987003813059,6903.58244543841,1.00018868802585,"rmse",1,TRUE,300
-1507.15678735324,-1523.74333984678,-1492.08882093668,6471.89086975982,0.999873131951721,"log_lik_sum",1,TRUE,300
