"mean","lower","upper","ESS","Rhat","var","ivar","converged","ess.thres"
6.39357623154811,5.13874209432809,8.15593851781588,6112.04349277183,0.999791912474109,"rmse",1,TRUE,300
-1030.47860789926,-1046.18848169218,-1016.14864157971,4517.08471278334,1.00039134503552,"log_lik_sum",1,TRUE,300
