"mean","lower","upper","ESS","Rhat","var","ivar","converged","ess.thres"
23.3095432155528,20.2653147194014,27.6994604631393,6894.90029420931,0.999699473159011,"rmse",1,TRUE,300
-1729.01784303582,-1747.30253524677,-1713.07360052179,5545.15811127816,0.999969823719915,"log_lik_sum",1,TRUE,300
