"mean","lower","upper","ESS","Rhat","var","ivar","converged","ess.thres"
36.9389485294637,31.369737848707,43.9157884809257,6754.14705382719,0.999704704821058,"rmse",1,TRUE,300
-2034.23801314535,-2052.00165298554,-2018.89021089773,5900.70356405189,1.00036808775743,"log_lik_sum",1,TRUE,300
