"mean","lower","upper","ESS","Rhat","var","ivar","converged","ess.thres"
14.2855855798057,12.3037867496858,16.8374382947567,6970.01055693445,0.999760944187571,"rmse",1,TRUE,300
-1378.77253589452,-1397.21491010462,-1363.30027063082,6181.87940207859,0.999843811692912,"log_lik_sum",1,TRUE,300
