"mean","lower","upper","ESS","Rhat","var","ivar","converged","ess.thres"
14.1407601179727,12.214663122534,16.5112095758313,7177.64635475629,0.999911486063788,"rmse",1,TRUE,300
-1604.95582861839,-1622.45880569713,-1589.34832315062,5643.53091671544,1.00011811922833,"log_lik_sum",1,TRUE,300
