"mean","lower","upper","ESS","Rhat","var","ivar","converged","ess.thres"
10.4252595211498,8.74635918452783,12.6412928027175,6081.21780088459,0.999980033201123,"rmse",1,TRUE,300
-1300.83298031509,-1321.85957973799,-1276.28233013103,1838.77130863722,1.00263476866941,"log_lik_sum",1,TRUE,300
