"mean","lower","upper","ESS","Rhat","var","ivar","converged","ess.thres"
14.6167159423112,12.2404008572431,17.5193482517838,6247.68181008425,1.00017321245576,"rmse",1,TRUE,300
-1336.72728908444,-1356.23303234694,-1320.53761594125,5124.78617370023,1.00025649325754,"log_lik_sum",1,TRUE,300
