"mean","lower","mid","upper","ESS","Rhat","var","ivar","converged","ess.thres"
46.2284729459584,41.4366662055064,45.2824346939948,56.2744707625678,6081.36076919657,1.00006430612029,"rmse",1,TRUE,300
-1947.2290103077,-1961.30670919424,-1946.866145442,-1934.91965200895,3414.06376567498,1.00143756117757,"log_lik_sum",1,TRUE,300
