"mean","lower","mid","upper","ESS","Rhat","var","ivar","converged","ess.thres"
101.716973018039,94.1566280645465,100.103311787821,119.533997438409,6635.77521069886,0.999951963411831,"rmse",1,TRUE,300
-1982.4840919661,-1994.90508672494,-1982.17018327581,-1971.75680489822,6554.21820972559,0.999997460792752,"log_lik_sum",1,TRUE,300
