"mean","lower","mid","upper","ESS","Rhat","var","ivar","converged","ess.thres"
90.8030313403418,83.6947583300341,89.6808080900258,103.941369660679,7055.04858664029,1.00018375184962,"rmse",1,TRUE,300
-2183.89798723214,-2196.66570084956,-2183.50837359309,-2173.3922319968,6768.50391299801,0.999853037242151,"log_lik_sum",1,TRUE,300
