"mean","lower","mid","upper","ESS","Rhat","var","ivar","converged","ess.thres"
37.9028259004321,34.952552357299,37.1922602394829,44.9232357828762,5563.64953690424,0.999711971935625,"rmse",1,TRUE,300
-1628.53391301375,-1641.29412421036,-1628.21718452207,-1617.65705769998,4517.98873723772,1.00107854926502,"log_lik_sum",1,TRUE,300
