"mean","lower","mid","upper","ESS","Rhat","var","ivar","converged","ess.thres"
75.0572743726784,68.138194231899,73.9458522677318,88.156141918878,3717.78021821975,1.00080799076725,"rmse",1,TRUE,300
-1799.14748081015,-1811.35563171324,-1798.9084989221,-1788.64059084935,4981.76508418029,1.00031489962441,"log_lik_sum",1,TRUE,300
