"mean","lower","mid","upper","ESS","Rhat","var","ivar","converged","ess.thres"
59.8631304785451,56.2475959344716,59.3950777533453,66.2518404720703,3857.07697481958,1.00014391771078,"rmse",1,TRUE,300
-1838.72485408036,-1851.47198894429,-1838.37073464164,-1827.81190060321,4490.66203298728,1.00032878110382,"log_lik_sum",1,TRUE,300
