"mean","lower","mid","upper","ESS","Rhat","var","ivar","converged","ess.thres"
45.386081288506,41.556169996865,44.8813908197707,52.4465389595447,6731.94765172662,1.00022302210783,"rmse",1,TRUE,300
-1919.48859762509,-1935.08271376465,-1918.85971887283,-1907.59694159355,3230.09030319869,1.00159709106436,"log_lik_sum",1,TRUE,300
