"mean","lower","mid","upper","ESS","Rhat","var","ivar","converged","ess.thres"
26.6786959245591,20.2271372422761,25.3400241799771,41.0208020430167,3677.57054709013,1.00019032926572,"rmse",1,TRUE,300
-1493.46579524476,-1508.36813433075,-1493.17083598005,-1480.5385795122,2217.75552638481,1.0002725125672,"log_lik_sum",1,TRUE,300
