"mean","lower","mid","upper","ESS","Rhat","var","ivar","converged","ess.thres"
66.5941163742098,51.1331196365367,63.0560175193972,100.692681706926,3797.13127119547,1.00012796354277,"rmse",1,TRUE,300
-1741.18515645492,-1755.23905336134,-1740.79198961181,-1729.28030970125,2638.23416497571,1.00017981908507,"log_lik_sum",1,TRUE,300
