"mean","lower","mid","upper","ESS","Rhat","var","ivar","converged","ess.thres"
9.68564404008245,8.5771110063164,9.44929023177376,12.1874569057288,5931.96010004795,1.0007460397001,"rmse",1,TRUE,300
-1146.07879832815,-1158.32540516088,-1145.884493501,-1135.15993977565,3291.63842219989,1.00066393822241,"log_lik_sum",1,TRUE,300
