"mean","lower","mid","upper","ESS","Rhat","var","ivar","converged","ess.thres"
78.6914929303997,71.2102875040159,77.5048087759244,93.0718597379659,6637.42240248867,0.999834157193927,"rmse",1,TRUE,300
-1779.58455967112,-1792.19412135073,-1779.35880702654,-1768.58863158866,6994.41730292388,1.00066079598233,"log_lik_sum",1,TRUE,300
