"mean","lower","mid","upper","ESS","Rhat","var","ivar","converged","ess.thres"
113.276407251101,105.657794660813,112.120133819595,128.179046826511,6349.76315762181,1.000365649496,"rmse",1,TRUE,300
-2232.54206092845,-2245.24750396943,-2232.3670455429,-2220.87937448607,4398.225076714,1.00041944260467,"log_lik_sum",1,TRUE,300
