"mean","lower","mid","upper","ESS","Rhat","var","ivar","converged","ess.thres"
18.4587007624954,16.5762447894577,18.0616827827631,22.5036875838631,5190.18607190316,1.0001208396472,"rmse",1,TRUE,300
-1322.38214882866,-1334.76529691951,-1322.03016002726,-1311.75970647964,5795.89495329311,1.00039425595268,"log_lik_sum",1,TRUE,300
