"mean","lower","mid","upper","ESS","Rhat","var","ivar","converged","ess.thres"
78.7278539148597,72.1936291166232,77.3414905153262,93.9502965428092,6483.53548065618,1.00001700966475,"rmse",1,TRUE,300
-1962.57124656593,-1974.21973047289,-1962.22515497809,-1953.05852399713,6925.13849410052,0.999886573433266,"log_lik_sum",1,TRUE,300
