"mean","lower","mid","upper","ESS","Rhat","var","ivar","converged","ess.thres"
65.7751773440195,59.4403025259375,64.9327958173286,78.0915530130312,3396.31197034773,0.999865200364327,"rmse",1,TRUE,300
-1837.63373509598,-1849.9905172494,-1837.33032707215,-1826.76075993256,5133.69492435915,0.999819972623095,"log_lik_sum",1,TRUE,300
