"mean","lower","mid","upper","ESS","Rhat","var","ivar","converged","ess.thres"
52.4931444264961,48.1828972173974,51.6861649896178,61.7224661524773,3172.21070146827,1.00245539161188,"rmse",1,TRUE,300
-2055.62284998652,-2068.91521550838,-2055.03801681979,-2044.78261075112,2341.68939661249,1.00252520593186,"log_lik_sum",1,TRUE,300
