"mean","lower","mid","upper","ESS","Rhat","var","ivar","converged","ess.thres"
41.6614623652003,38.336069059164,40.9867559822498,49.1714151522235,2631.25906501952,1.00183594942564,"rmse",1,TRUE,300
-1811.68156681601,-1825.49462112776,-1811.25445624631,-1800.42603157234,3678.06029656717,1.00056893209247,"log_lik_sum",1,TRUE,300
