"mean","lower","mid","upper","ESS","Rhat","var","ivar","converged","ess.thres"
48.9457959926263,44.524682579289,47.992597161913,58.8072754374346,5305.16245081606,1.00014323959077,"rmse",1,TRUE,300
-1849.65801991,-1863.76121548786,-1849.26761558707,-1837.98086716988,4863.01658984137,1.00027759320415,"log_lik_sum",1,TRUE,300
