"mean","lower","mid","upper","ESS","Rhat","var","ivar","converged","ess.thres"
20.4475319933204,19.024476746792,20.2250782575058,23.1060546793693,3927.59956708066,1.00071283069584,"rmse",1,TRUE,300
-1566.23286115747,-1579.71987479495,-1565.77382504577,-1555.18567145921,3864.65961454517,1.00028152949295,"log_lik_sum",1,TRUE,300
