"mean","lower","mid","upper","ESS","Rhat","var","ivar","converged","ess.thres"
66.0280382578397,52.677990959835,62.9995146445535,97.0014190062205,6453.12779813714,1.00004362859312,"rmse",1,TRUE,300
-1790.77093869071,-1804.27462850111,-1790.41578396306,-1778.94693113986,6066.18503860732,0.99961574216579,"log_lik_sum",1,TRUE,300
