"mean","lower","mid","upper","ESS","Rhat","var","ivar","converged","ess.thres"
100.012223269208,92.4227533121168,98.6879027607705,114.859986681646,2451.12813854821,1.00121681364784,"rmse",1,TRUE,300
-2080.02204565551,-2093.25829587806,-2079.70562177827,-2069.21598582329,3106.47243157463,1.00045299394627,"log_lik_sum",1,TRUE,300
