"mean","lower","mid","upper","ESS","Rhat","var","ivar","converged","ess.thres"
73.3740553001615,69.1568395174984,72.5651596661611,82.3600276809472,5640.25725989627,1.00038951885238,"rmse",1,TRUE,300
-1920.46226750116,-1933.41903367029,-1920.12364920452,-1909.79433304275,3407.68752764131,1.00012816377823,"log_lik_sum",1,TRUE,300
