"mean","lower","mid","upper","ESS","Rhat","var","ivar","converged","ess.thres"
18.880805043991,17.2121066785999,18.5803941944955,22.3001409641316,6063.97398030826,0.999677202142403,"rmse",1,TRUE,300
-1636.81050893155,-1649.36580565021,-1636.44981889463,-1626.19516147507,5345.20011337176,0.999997245772486,"log_lik_sum",1,TRUE,300
