"mean","lower","mid","upper","ESS","Rhat","var","ivar","converged","ess.thres"
61.7756638344761,54.457925008723,60.5556405358641,75.9600212219699,7089.44911814568,0.999810747970183,"rmse",1,TRUE,300
-2029.63624586589,-2042.50855971148,-2029.2293775546,-2018.92469010246,6267.19480580473,0.999967389762629,"log_lik_sum",1,TRUE,300
