"mean","lower","mid","upper","ESS","Rhat","var","ivar","converged","ess.thres"
136.532221695774,120.106635656014,134.364454827959,165.385037138636,6762.4282559277,0.99974971695747,"rmse",1,TRUE,300
-2066.54216511123,-2079.35703979143,-2066.24997060847,-2055.52923062562,6763.59058687992,0.99986340007327,"log_lik_sum",1,TRUE,300
