"mean","lower","mid","upper","ESS","Rhat","var","ivar","converged","ess.thres"
91.8414370131169,77.178985099914,90.4215423503185,116.78704738325,3246.26653588822,1.00044374682122,"rmse",1,TRUE,300
-1744.96212596167,-1758.30768329407,-1744.59438167244,-1733.44458378384,4642.20088734352,0.999834011502631,"log_lik_sum",1,TRUE,300
