"mean","lower","mid","upper","ESS","Rhat","var","ivar","converged","ess.thres"
22.3297034222579,20.5131065681426,21.964798256653,26.2984675006646,5690.75688051683,1.00030918798128,"rmse",1,TRUE,300
-1289.68298285962,-1301.87658185516,-1289.41142280316,-1279.2593311414,4389.47329063177,1.00102337239572,"log_lik_sum",1,TRUE,300
