"mean","lower","mid","upper","ESS","Rhat","var","ivar","converged","ess.thres"
143.45771558203,129.659206446177,141.332817965178,170.146294517975,4692.74730287027,1.00010813716842,"rmse",1,TRUE,300
-2462.08912475689,-2475.31409494606,-2461.67258630174,-2450.70128465284,3406.16816705859,1.00016276452373,"log_lik_sum",1,TRUE,300
