"mean","lower","mid","upper","ESS","Rhat","var","ivar","converged","ess.thres"
42.2139046173973,38.6820801886244,41.7488282669973,48.5362183977644,6482.98341915541,0.999858965362784,"rmse",1,TRUE,300
-1650.29597741831,-1663.41177373431,-1649.95155509268,-1639.11922902469,6547.58018717828,1.00012725968409,"log_lik_sum",1,TRUE,300
