"mean","lower","mid","upper","ESS","Rhat","var","ivar","converged","ess.thres"
172.672735471961,155.170014683767,168.529143069018,213.997981727638,6360.65497456602,1.00022952635554,"rmse",1,TRUE,300
-2218.1110862247,-2230.24478129586,-2217.78062613857,-2207.76717914861,6425.71576419803,0.999885455714062,"log_lik_sum",1,TRUE,300
