"mean","lower","mid","upper","ESS","Rhat","var","ivar","converged","ess.thres"
33.2983964378041,30.3334343541692,32.7427707563259,39.5555986832971,4300.30596334519,1.00007917099703,"rmse",1,TRUE,300
-1561.3398535826,-1574.92795859518,-1560.91877219277,-1550.06085198868,6223.76763481476,1.00008394135823,"log_lik_sum",1,TRUE,300
