"mean","lower","mid","upper","ESS","Rhat","var","ivar","converged","ess.thres"
36.1259860170158,30.0653919141179,35.0357577376936,48.0929825583584,5703.12765739519,0.999714447767831,"rmse",1,TRUE,300
-1513.25164721358,-1526.15724551062,-1512.85392426935,-1502.83953527782,5227.23984555876,1.00031682003228,"log_lik_sum",1,TRUE,300
