"mean","lower","upper","ESS","Rhat","var","ivar","converged","ess.thres"
96.3302920281065,84.0489401448377,111.229289501404,7370.62133038612,1.0000587509074,"rmse",1,TRUE,300
-1991.13106659905,-2004.42031038901,-1979.96908108657,6964.43796795429,1.00045287624921,"log_lik_sum",1,TRUE,300
