"mean","lower","upper","ESS","Rhat","var","ivar","converged","ess.thres"
31.8001766384524,26.662669550008,38.0896939895595,6837.809297805,1.00019492542226,"rmse",1,TRUE,300
-1711.4299430025,-1724.04139382918,-1700.8847628596,6638.03566703332,0.999818437238563,"log_lik_sum",1,TRUE,300
