"mean","lower","upper","ESS","Rhat","var","ivar","converged","ess.thres"
32.4583970439866,26.8809998428652,40.3520260024791,6883.35497694444,0.999771183197071,"rmse",1,TRUE,300
-1716.62967888925,-1729.69926731622,-1705.67943617989,6277.39596667795,1.00005269741488,"log_lik_sum",1,TRUE,300
