"mean","lower","upper","ESS","Rhat","var","ivar","converged","ess.thres"
23.5041148016218,20.9562726863194,26.6311631180831,6621.39227398754,1.00008478289237,"rmse",1,TRUE,300
-1500.24992190441,-1513.42926933596,-1489.32590251792,6552.42491293624,0.99987838648127,"log_lik_sum",1,TRUE,300
