"mean","lower","upper","ESS","Rhat","var","ivar","converged","ess.thres"
67.0347993414657,59.6993692023082,76.0339715048008,7003.46475268564,0.999847343617941,"rmse",1,TRUE,300
-1833.45376030028,-1846.29307262591,-1822.23436154051,6468.87741735848,0.999744516588526,"log_lik_sum",1,TRUE,300
