"mean","lower","upper","ESS","Rhat","var","ivar","converged","ess.thres"
34.6133691495091,30.8700165101137,39.2061002329341,6994.97507136185,1.00023099326656,"rmse",1,TRUE,300
-1883.94831665883,-1896.84859213836,-1873.62878791452,6575.06866880982,0.999819421094322,"log_lik_sum",1,TRUE,300
