"mean","lower","upper","ESS","Rhat","var","ivar","converged","ess.thres"
149.770436139096,130.092237414888,172.322220724214,7137.10770030226,1.00035091376913,"rmse",1,TRUE,300
-2223.01253454742,-2235.68010781233,-2212.40012846718,6629.13192197913,1.00003451829307,"log_lik_sum",1,TRUE,300
