"mean","lower","upper","ESS","Rhat","var","ivar","converged","ess.thres"
23.2797804089137,20.3206903905813,27.4979859505395,6949.17992713938,0.999749316883463,"rmse",1,TRUE,300
-1734.65576826306,-1747.22263559382,-1723.85983464813,6732.05430976505,1.00022592677675,"log_lik_sum",1,TRUE,300
