"mean","lower","upper","ESS","Rhat","var","ivar","converged","ess.thres"
51.8839507312114,46.6571846562152,58.380619662315,6329.27918543867,0.999944054171662,"rmse",1,TRUE,300
-1644.54468954863,-1657.1100631432,-1633.72985552957,5296.38583114721,0.999898462701993,"log_lik_sum",1,TRUE,300
