"mean","lower","upper","ESS","Rhat","var","ivar","converged","ess.thres"
6.87950793405483,5.08565632406852,9.45215263437019,6777.34081554895,1.00001391420372,"rmse",1,TRUE,300
-963.097199531586,-976.102921445836,-952.065449806336,6748.04457253031,0.999858703399039,"log_lik_sum",1,TRUE,300
