"mean","lower","upper","ESS","Rhat","var","ivar","converged","ess.thres"
70.0772121050645,62.2722997230102,79.7882976884,6655.21912159282,0.999733445884632,"rmse",1,TRUE,300
-1843.70762260125,-1857.07047706453,-1832.64093217653,6987.43773177918,1.00056379366632,"log_lik_sum",1,TRUE,300
