"mean","lower","upper","ESS","Rhat","var","ivar","converged","ess.thres"
39.2949286465115,33.3011701327708,47.7764777200171,7142.80818528507,0.999598077776202,"rmse",1,TRUE,300
-1975.07426593868,-1987.0659069881,-1964.64964004189,6882.83779172642,0.9998695993485,"log_lik_sum",1,TRUE,300
