"mean","lower","upper","ESS","Rhat","var","ivar","converged","ess.thres"
204.080847120377,172.30408992988,244.299492731451,7418.67108071583,0.999830062146493,"rmse",1,TRUE,300
-2449.9803773953,-2462.57879275688,-2439.33345968997,6878.44512576451,0.999902270291405,"log_lik_sum",1,TRUE,300
