"mean","lower","upper","ESS","Rhat","var","ivar","converged","ess.thres"
12.0215729540382,10.6319042665757,13.8502711520585,7202.50368109569,1.00011458859465,"rmse",1,TRUE,300
-1247.81775903164,-1261.14862372073,-1237.14628919038,6616.44933220657,0.999621123385247,"log_lik_sum",1,TRUE,300
