"mean","lower","upper","ESS","Rhat","var","ivar","converged","ess.thres"
78.4925666241641,68.7692684921444,89.9665616296194,6558.36965198133,1.00020063953602,"rmse",1,TRUE,300
-2168.51837336787,-2181.3660291068,-2157.84655448702,6483.74496630898,0.999801296729787,"log_lik_sum",1,TRUE,300
