"mean","lower","upper","ESS","Rhat","var","ivar","converged","ess.thres"
11.9572154199831,10.6316572057016,14.2312022099469,5609.00199137289,0.999971860386645,"rmse",1,TRUE,300
-1285.62058130917,-1298.6408813897,-1274.73892937548,4183.39794024393,1.00036812171003,"log_lik_sum",1,TRUE,300
