"mean","lower","upper","ESS","Rhat","var","ivar","converged","ess.thres"
27.8931008929633,20.8896101458514,36.6382080444084,6942.96901091445,1.00002014211904,"rmse",1,TRUE,300
-1603.07420257227,-1615.7591648469,-1592.31448147554,6190.96407656213,0.999945416312545,"log_lik_sum",1,TRUE,300
