"mean","lower","upper","ESS","Rhat","var","ivar","converged","ess.thres"
15.4928094879054,13.5465817962971,18.1852721284111,7008.57089670349,1.00006025272608,"rmse",1,TRUE,300
-1702.60696763869,-1715.51488624313,-1691.66359436241,6695.90113436027,1.00007962127143,"log_lik_sum",1,TRUE,300
