"mean","lower","upper","ESS","Rhat","var","ivar","converged","ess.thres"
31.2024945462313,22.7117529982969,43.2937622743776,7042.13585335904,0.999919764949536,"rmse",1,TRUE,300
-1624.42089870912,-1637.25725865611,-1613.72472253514,6923.50870314976,1.00054041330892,"log_lik_sum",1,TRUE,300
