"mean","lower","upper","ESS","Rhat","var","ivar","converged","ess.thres"
21.4602795885425,18.9121110595649,25.8176276280272,6669.65998979935,0.999893739166656,"rmse",1,TRUE,300
-1487.67076943769,-1500.81302449798,-1476.59321263862,6874.87101783606,1.00003413530397,"log_lik_sum",1,TRUE,300
