"mean","lower","upper","ESS","Rhat","var","ivar","converged","ess.thres"
60.1810696714192,52.6982460027387,72.0245810095785,6664.85063579919,1.00013468661432,"rmse",1,TRUE,300
-1861.36809995934,-1873.93360109876,-1850.81481899429,6798.19849424113,0.999967576807307,"log_lik_sum",1,TRUE,300
