"mean","lower","upper","ESS","Rhat","var","ivar","converged","ess.thres"
31.9273069877224,27.1970493182075,38.3079342280563,6899.47344415255,1.00007005779,"rmse",1,TRUE,300
-1832.91155448247,-1845.39824692135,-1822.47752400865,6800.50136627608,1.0005733412416,"log_lik_sum",1,TRUE,300
