"mean","lower","upper","ESS","Rhat","var","ivar","converged","ess.thres"
24.2739220785246,20.9139802727785,29.5942773319903,7120.79913484679,1.00021653822847,"rmse",1,TRUE,300
-1349.92544307255,-1363.65799447681,-1338.51744656965,6619.76132037274,0.999869517617237,"log_lik_sum",1,TRUE,300
