"mean","lower","upper","ESS","Rhat","var","ivar","converged","ess.thres"
10.5531682834501,8.47988420326494,13.380877109231,6794.99261339278,0.9998582506571,"rmse",1,TRUE,300
-1400.59865784738,-1413.07893374082,-1390.20589171911,6775.46161595493,1.00017658529843,"log_lik_sum",1,TRUE,300
