"mean","lower","upper","ESS","Rhat","var","ivar","converged","ess.thres"
22.4500784333285,20.0897792375675,25.423586967142,7138.5599024962,1.00017672172164,"rmse",1,TRUE,300
-1652.07515762266,-1664.69288296078,-1641.76768180417,6563.16672277974,0.999951178056644,"log_lik_sum",1,TRUE,300
