"mean","lower","upper","ESS","Rhat","var","ivar","converged","ess.thres"
41.7700365563093,35.80954166002,49.6303745226828,7385.77374161922,1.00026629247934,"rmse",1,TRUE,300
-1843.94081054711,-1857.00745478323,-1833.45281313917,7016.84660848169,1.00004335591346,"log_lik_sum",1,TRUE,300
