"mean","lower","upper","ESS","Rhat","var","ivar","converged","ess.thres"
57.1240447677225,49.9098549983556,65.8561973515817,6803.25793999677,1.00017035535285,"rmse",1,TRUE,300
-2056.75866906524,-2069.60196363678,-2046.35174853272,6460.29821077053,1.00046832393395,"log_lik_sum",1,TRUE,300
