"mean","lower","upper","ESS","Rhat","var","ivar","converged","ess.thres"
76.3484255739987,65.4843268134351,87.1789539426963,6955.72041919161,1.00025991080255,"rmse",1,TRUE,300
-1687.36103385973,-1700.6643659464,-1675.9636229017,6951.78907095119,0.999780280273943,"log_lik_sum",1,TRUE,300
