"mean","lower","upper","ESS","Rhat","var","ivar","converged","ess.thres"
42.1813832752925,34.1167363430583,52.2644755658308,7180.48529785249,1.00025957812019,"rmse",1,TRUE,300
-2051.49514357259,-2064.32107798764,-2040.83377580245,6526.42168442909,1.0000230184867,"log_lik_sum",1,TRUE,300
