"mean","lower","upper","ESS","Rhat","var","ivar","converged","ess.thres"
15.4563068672578,13.1621772004729,17.9342945172889,7090.88336424519,0.999707121324826,"rmse",1,TRUE,300
-1218.48424634766,-1231.20073109264,-1207.82527892176,6686.16963557901,0.999704039685635,"log_lik_sum",1,TRUE,300
