"mean","lower","upper","ESS","Rhat","var","ivar","converged","ess.thres"
34.1980195268281,29.3236373027234,40.9886765903865,7249.60222572234,1.00017540646984,"rmse",1,TRUE,300
-1726.90229345992,-1739.9864348202,-1716.07980099009,6367.42050196713,1.00054577388754,"log_lik_sum",1,TRUE,300
