"mean","lower","upper","ESS","Rhat","var","ivar","converged","ess.thres"
14.03340632376,12.3873253549786,16.3421895521626,6812.85209299768,0.999711642487947,"rmse",1,TRUE,300
-1122.24727184562,-1136.24074607934,-1110.50854299606,6021.49303089367,0.999730155573158,"log_lik_sum",1,TRUE,300
