"mean","lower","upper","ESS","Rhat","var","ivar","converged","ess.thres"
84.5665708501547,71.1957283610209,104.45678694107,6998.55680051257,1.00015903462498,"rmse",1,TRUE,300
-2101.14130231851,-2114.35683659673,-2090.19139320363,6777.57143393568,0.999962826447338,"log_lik_sum",1,TRUE,300
