"mean","lower","upper","ESS","Rhat","var","ivar","converged","ess.thres"
95.4660832933126,77.051196900775,119.052656961444,6894.72428473426,0.999980588355961,"rmse",1,TRUE,300
-2250.59362673496,-2262.97708068286,-2240.15534398356,6657.28136381345,0.999763946588408,"log_lik_sum",1,TRUE,300
