"mean","lower","upper","ESS","Rhat","var","ivar","converged","ess.thres"
39.1715618185563,33.9104882318843,45.927002840897,7083.63349941499,0.999750683233107,"rmse",1,TRUE,300
-1890.58924717685,-1903.02572081076,-1880.12497426641,6741.9851909916,0.999650964055053,"log_lik_sum",1,TRUE,300
