"mean","lower","upper","ESS","Rhat","var","ivar","converged","ess.thres"
95.2783023143829,82.852611387188,111.934079741132,6921.41466151685,0.999866106766349,"rmse",1,TRUE,300
-2158.44987401854,-2171.33256923137,-2147.92223185262,6478.80124386329,0.999677677501487,"log_lik_sum",1,TRUE,300
