"mean","lower","upper","ESS","Rhat","var","ivar","converged","ess.thres"
38.5320346542827,33.3344717394007,44.9803415615384,6757.18679293137,0.999860761787921,"rmse",1,TRUE,300
-1870.31326730943,-1883.06091553155,-1859.53131845164,6852.24007789647,1.0000220489054,"log_lik_sum",1,TRUE,300
