"mean","lower","upper","ESS","Rhat","var","ivar","converged","ess.thres"
135.727445068683,121.166773267108,152.110104734801,6818.17035577918,0.999916388121319,"rmse",1,TRUE,300
-2129.10277251066,-2142.64837459089,-2117.15767637364,6468.40933876385,1.00034234627914,"log_lik_sum",1,TRUE,300
