"mean","lower","upper","ESS","Rhat","var","ivar","converged","ess.thres"
20.0470532898808,17.5266244680096,23.2106588094053,7286.46265798756,1.00016746902624,"rmse",1,TRUE,300
-1424.4523782947,-1437.08103710809,-1413.68741431884,6890.89661596815,1.00046350325489,"log_lik_sum",1,TRUE,300
