"mean","lower","upper","ESS","Rhat","var","ivar","converged","ess.thres"
27.3817337783712,25.0620119203837,30.0686568578069,7281.45984592997,1.00002915069508,"rmse",1,TRUE,300
-1459.61248713431,-1472.93350506163,-1448.66272902641,6582.26416466274,1.00027885833306,"log_lik_sum",1,TRUE,300
