"mean","lower","upper","ESS","Rhat","var","ivar","converged","ess.thres"
17.7164019956227,11.9301318387683,27.081881214674,6954.20948313188,1.00015433353988,"rmse",1,TRUE,300
-1450.73024371881,-1463.62559908249,-1440.17590440397,6964.39677871883,0.999724062183092,"log_lik_sum",1,TRUE,300
