"mean","lower","upper","ESS","Rhat","var","ivar","converged","ess.thres"
8.48782586675886,7.39173627395104,9.98655324517656,5370.77398751869,1.00065038104825,"rmse",1,TRUE,300
-1300.59987765608,-1316.62877750192,-1286.91394007095,4552.35887927153,0.999961793302689,"log_lik_sum",1,TRUE,300
