"mean","lower","upper","ESS","Rhat","var","ivar","converged","ess.thres"
16.990660278846,14.8162663234991,19.5704886693588,6285.6091390734,1.00040818677188,"rmse",1,TRUE,300
-1714.68189166635,-1729.44074412608,-1702.03786109248,6471.10916247931,1.000601349666,"log_lik_sum",1,TRUE,300
