"mean","lower","upper","ESS","Rhat","var","ivar","converged","ess.thres"
38.886309645549,33.5603645807157,45.416357594355,6656.63820036399,0.999916707605696,"rmse",1,TRUE,300
-1723.60066850964,-1737.76155856886,-1711.46777571915,6320.94017857835,0.999977432998004,"log_lik_sum",1,TRUE,300
