"mean","lower","upper","ESS","Rhat","var","ivar","converged","ess.thres"
37.9202706793901,33.374887046158,43.1430658832502,6502.05961289462,0.999757289825724,"rmse",1,TRUE,300
-1861.61973313202,-1875.82809682142,-1849.05643237927,6393.08429588242,0.999958339357668,"log_lik_sum",1,TRUE,300
