"mean","lower","upper","ESS","Rhat","var","ivar","converged","ess.thres"
24.18353704888,21.3738119312809,27.8547155385447,7151.3815201898,0.999639766026372,"rmse",1,TRUE,300
-1656.2033490071,-1670.38855375602,-1644.06131635427,5887.69781288408,0.999969153118126,"log_lik_sum",1,TRUE,300
