"mean","lower","upper","ESS","Rhat","var","ivar","converged","ess.thres"
56.7025586797205,46.0286631944091,72.2602623686438,6850.15042922654,1.00006815788311,"rmse",1,TRUE,300
-1914.29010021383,-1928.41301212927,-1902.28821666053,6481.4850484563,0.999876810857324,"log_lik_sum",1,TRUE,300
