"mean","lower","upper","ESS","Rhat","var","ivar","converged","ess.thres"
18.4590526067053,16.1463260087144,21.6205403909987,5415.58395631611,1.00000811081236,"rmse",1,TRUE,300
-1692.38282036656,-1705.8307407152,-1680.47227000467,6795.33852548712,0.999889097547184,"log_lik_sum",1,TRUE,300
