"mean","lower","upper","ESS","Rhat","var","ivar","converged","ess.thres"
8.17216937213244,7.07821404792932,9.72684461610468,6907.13777079499,0.999780366480505,"rmse",1,TRUE,300
-1173.5762459025,-1189.24174583642,-1160.89670576777,6403.10437490768,1.00057782516202,"log_lik_sum",1,TRUE,300
