"mean","lower","upper","ESS","Rhat","var","ivar","converged","ess.thres"
24.0378583546534,20.8846530373997,28.3185087862785,6531.21595456537,0.999870210464199,"rmse",1,TRUE,300
-1652.22077115981,-1666.65442021741,-1639.73648571925,6250.50191162146,1.00054990689761,"log_lik_sum",1,TRUE,300
