"mean","lower","upper","ESS","Rhat","var","ivar","converged","ess.thres"
30.4765486779873,24.6538762885665,37.6834027985745,6386.51298191991,0.999739150405782,"rmse",1,TRUE,300
-1496.16924959281,-1510.04618265166,-1483.96127088843,6670.07338118637,1.00015898488445,"log_lik_sum",1,TRUE,300
