"mean","lower","upper","ESS","Rhat","var","ivar","converged","ess.thres"
3.74491106419279,3.28922890646081,4.35421371395687,6310.72248716813,0.999881469963339,"rmse",1,TRUE,300
-931.959919799928,-946.642988448347,-919.120354165526,5725.30974320712,1.00053615419369,"log_lik_sum",1,TRUE,300
