"mean","lower","upper","ESS","Rhat","var","ivar","converged","ess.thres"
33.275210030751,28.0558107856921,39.1540328857957,6712.97065557531,0.999920163045558,"rmse",1,TRUE,300
-1640.88555167369,-1654.69539823976,-1628.87793552952,6632.98986385303,0.999933786497537,"log_lik_sum",1,TRUE,300
