"mean","lower","upper","ESS","Rhat","var","ivar","converged","ess.thres"
75.3731518440239,65.4691792319225,87.5196177522678,7027.97306117906,0.999935740890663,"rmse",1,TRUE,300
-2156.30149313619,-2171.17581340926,-2143.09585770017,5556.50545074463,1.00021050270655,"log_lik_sum",1,TRUE,300
