"mean","lower","upper","ESS","Rhat","var","ivar","converged","ess.thres"
41.0225232050523,35.4761075916867,48.7309488761681,5544.17031088179,1.00008454408054,"rmse",1,TRUE,300
-1894.56523490201,-1909.69322382014,-1881.21252762189,4281.58604536983,1.0006747756027,"log_lik_sum",1,TRUE,300
