"mean","lower","upper","ESS","Rhat","var","ivar","converged","ess.thres"
12.7863409105847,10.8829869976665,15.2002507080369,3534.30981762449,1.00016700785606,"rmse",1,TRUE,300
-1276.72881199917,-1291.53405254252,-1264.04104422007,2910.98681047995,0.99980017671323,"log_lik_sum",1,TRUE,300
