"mean","lower","upper","ESS","Rhat","var","ivar","converged","ess.thres"
18.4884362333671,15.2199183881502,22.9327718379302,7024.30290819288,1.00029834816014,"rmse",1,TRUE,300
-1542.14109537844,-1556.11619175524,-1529.99537366734,6313.19507506527,1.00066533316283,"log_lik_sum",1,TRUE,300
