"mean","lower","upper","ESS","Rhat","var","ivar","converged","ess.thres"
15.5091569889875,13.8510089264323,17.8236196159482,6114.8539345385,0.999923313266229,"rmse",1,TRUE,300
-1518.61695142659,-1533.01064964196,-1506.50562718547,5786.97031105069,1.00014883816252,"log_lik_sum",1,TRUE,300
