"mean","lower","upper","ESS","Rhat","var","ivar","converged","ess.thres"
7.83191937657641,6.94024428303788,9.06918763487746,6565.20694697502,0.999832844111486,"rmse",1,TRUE,300
-1361.96198448076,-1376.7522108886,-1349.30939125117,5618.35937563047,1.00030083804951,"log_lik_sum",1,TRUE,300
