"mean","lower","upper","ESS","Rhat","var","ivar","converged","ess.thres"
27.6855939940653,23.5643931189993,32.6440427915287,6364.17981189483,1.00004623674899,"rmse",1,TRUE,300
-1510.50374096708,-1524.8856780711,-1498.16340280794,6271.48798811033,0.999818605519356,"log_lik_sum",1,TRUE,300
