"mean","lower","upper","ESS","Rhat","var","ivar","converged","ess.thres"
20.0867168592753,16.4688000907203,25.303643404739,6689.02933906414,0.999808440691134,"rmse",1,TRUE,300
-1439.46522526656,-1453.42121824838,-1427.61885530838,6686.20227333968,0.9999781867552,"log_lik_sum",1,TRUE,300
