"mean","lower","upper","ESS","Rhat","var","ivar","converged","ess.thres"
37.838125226839,33.1376477341801,44.2630756171104,6408.51813434114,0.999796076662998,"rmse",1,TRUE,300
-1792.13742049198,-1806.68826583378,-1779.65428061176,5086.26705295686,0.999814396777559,"log_lik_sum",1,TRUE,300
