"mean","lower","upper","ESS","Rhat","var","ivar","converged","ess.thres"
12.6590152738426,11.1281756043961,14.7622620737452,5344.43644202202,1.00034197594984,"rmse",1,TRUE,300
-1478.79470942067,-1493.60077809806,-1466.12668664004,6004.70616661163,0.999981237185868,"log_lik_sum",1,TRUE,300
