"mean","lower","upper","ESS","Rhat","var","ivar","converged","ess.thres"
20.5161751957738,16.9655654766237,25.5360095036349,6958.27734571618,1.00002947632446,"rmse",1,TRUE,300
-1605.77172619769,-1620.44480610636,-1593.34942585649,5370.50729065259,0.999845970910726,"log_lik_sum",1,TRUE,300
