"mean","lower","upper","ESS","Rhat","var","ivar","converged","ess.thres"
21.1870283493154,17.7454822322135,25.6952497876844,5864.75061197575,1.00023700722462,"rmse",1,TRUE,300
-1653.78718267569,-1668.50678970534,-1641.38121882298,5202.57567756083,1.00017915868464,"log_lik_sum",1,TRUE,300
