"mean","lower","upper","ESS","Rhat","var","ivar","converged","ess.thres"
16.0351603273674,12.4382836143283,21.5089662473376,6322.28612725342,1.00049637907441,"rmse",1,TRUE,300
-1280.68995884027,-1296.55187297749,-1267.28101065854,5796.01681918277,0.99984418255245,"log_lik_sum",1,TRUE,300
