"mean","lower","upper","ESS","Rhat","var","ivar","converged","ess.thres"
6.86108584993807,6.08283103098446,7.9388401975085,6176.4247678231,0.999718033665614,"rmse",1,TRUE,300
-1359.15709040693,-1374.44564765056,-1346.43897664928,6091.2407701588,0.999978323625071,"log_lik_sum",1,TRUE,300
