"mean","lower","upper","ESS","Rhat","var","ivar","converged","ess.thres"
11.2327630805892,9.96873543088337,12.978937144938,6654.81317526758,0.999828785176597,"rmse",1,TRUE,300
-1477.90170902641,-1491.77939216002,-1466.27159440131,6447.76189187078,0.999622270469405,"log_lik_sum",1,TRUE,300
