"mean","lower","upper","ESS","Rhat","var","ivar","converged","ess.thres"
15.1534050827899,13.0718025656178,17.9283880568088,6610.99570432939,0.999934468299139,"rmse",1,TRUE,300
-1617.52951247842,-1631.42249053937,-1605.57764238354,6635.24343786439,1.00023893255704,"log_lik_sum",1,TRUE,300
