"mean","lower","upper","ESS","Rhat","var","ivar","converged","ess.thres"
23.6229148470286,21.4242984114915,26.324097686139,6639.10710602216,1.00023233399445,"rmse",1,TRUE,300
-1784.38653643519,-1799.25177757838,-1771.50956499207,5417.70175508365,1.00028280490462,"log_lik_sum",1,TRUE,300
