"mean","lower","upper","ESS","Rhat","var","ivar","converged","ess.thres"
56.1558394165225,44.2790127251107,74.4223223140529,5777.64666990809,0.999932981334375,"rmse",1,TRUE,300
-1837.02006332349,-1851.08288212514,-1824.73687423329,5506.13978867312,0.999773253346503,"log_lik_sum",1,TRUE,300
