"mean","lower","upper","ESS","Rhat","var","ivar","converged","ess.thres"
12.8701312560801,11.0599557606599,15.2535528636679,5507.62035511052,0.999853330226537,"rmse",1,TRUE,300
-1548.52798950176,-1563.5667781415,-1534.95369236363,4938.10830762471,0.999774913667209,"log_lik_sum",1,TRUE,300
