"mean","lower","upper","ESS","Rhat","var","ivar","converged","ess.thres"
14.83407011588,13.0807599349618,16.9010015894905,6735.4614938688,1.00017617100039,"rmse",1,TRUE,300
-1531.14512512025,-1545.30071391364,-1519.36880524303,6625.23058773079,0.999633798335178,"log_lik_sum",1,TRUE,300
