"mean","lower","upper","ESS","Rhat","var","ivar","converged","ess.thres"
41.584218520032,35.5219165222446,49.1442524463511,6865.60359014666,0.999636501555888,"rmse",1,TRUE,300
-1811.38708009726,-1825.64518397018,-1799.2069832177,5881.44488453745,0.999973353905504,"log_lik_sum",1,TRUE,300
