"mean","lower","upper","ESS","Rhat","var","ivar","converged","ess.thres"
54.7736800570454,49.2330544889252,61.4670994409667,7108.65140100374,1.0001118275402,"rmse",1,TRUE,300
-2130.81840364457,-2145.26329693178,-2118.26560853404,5316.54057608796,0.999846969998588,"log_lik_sum",1,TRUE,300
