"mean","lower","upper","ESS","Rhat","var","ivar","converged","ess.thres"
15.4809435409062,13.7779784453827,17.7486612752481,6598.16495658853,0.999799489604857,"rmse",1,TRUE,300
-1673.61872138152,-1688.45151631224,-1661.17305618302,5755.17831693453,1.00038052625045,"log_lik_sum",1,TRUE,300
