"mean","lower","upper","ESS","Rhat","var","ivar","converged","ess.thres"
37.1921586059428,30.7757986345921,43.9573917364031,6188.79254834418,0.99990100079179,"rmse",1,TRUE,300
-1731.09742331197,-1745.20373640732,-1719.04709833075,6939.84457619488,1.0001580195872,"log_lik_sum",1,TRUE,300
