"mean","lower","upper","ESS","Rhat","var","ivar","converged","ess.thres"
26.0401875752597,20.6940193219801,33.7356953813395,6238.11809105748,1.00007497406753,"rmse",1,TRUE,300
-1614.50964745343,-1628.84959834149,-1602.18094260335,6703.49886999427,0.999849621575463,"log_lik_sum",1,TRUE,300
