"mean","lower","upper","ESS","Rhat","var","ivar","converged","ess.thres"
55.0864098399979,44.2934550472736,70.9120654591456,7095.78822224996,1.0001042425099,"rmse",1,TRUE,300
-1804.03646712933,-1817.53456422911,-1792.62810057254,6391.9496388278,0.999734978520494,"log_lik_sum",1,TRUE,300
