"mean","lower","upper","ESS","Rhat","var","ivar","converged","ess.thres"
10.1423451382065,8.25918939804571,12.8968566093659,5990.66252421014,0.999758881959189,"rmse",1,TRUE,300
-1365.38615506469,-1380.13978983301,-1352.66129561187,6276.30724849899,0.999779877256261,"log_lik_sum",1,TRUE,300
