"mean","lower","mid","upper","ESS","Rhat","var","ivar","converged","ess.thres"
19.843984259095,19.2070068429267,19.7884869669187,20.8152880261407,5741.27600309075,0.999843935811252,"rmse",1,TRUE,300
-1462.94852837753,-1474.26089737892,-1462.68451215433,-1453.10577505414,3227.14104167863,1.00059953380339,"log_lik_sum",1,TRUE,300
