"mean","lower","mid","upper","ESS","Rhat","var","ivar","converged","ess.thres"
152.072823699043,140.494315681666,150.206855961457,173.696705542801,5191.64568541154,1.00049146688276,"rmse",1,TRUE,300
-2354.83532780156,-2368.79547041271,-2354.44614258355,-2343.02254819146,5568.92569378996,0.999750446544332,"log_lik_sum",1,TRUE,300
