"mean","lower","mid","upper","ESS","Rhat","var","ivar","converged","ess.thres"
44.5958672300098,42.5063717882769,44.2989456457512,48.4481439818477,5077.20675243547,0.999650555631756,"rmse",1,TRUE,300
-1953.01022746614,-1964.5560644872,-1952.71195241964,-1943.41122144641,5607.2502535737,0.999822631521758,"log_lik_sum",1,TRUE,300
