"mean","lower","mid","upper","ESS","Rhat","var","ivar","converged","ess.thres"
23.4524703669682,22.3627776026501,23.3555955534559,25.1030244217884,4407.60214276134,1.00012691116363,"rmse",1,TRUE,300
-1457.36800213302,-1468.1992030733,-1457.09654205087,-1448.50213588385,3749.73357727534,1.00030383850104,"log_lik_sum",1,TRUE,300
