"mean","lower","mid","upper","ESS","Rhat","var","ivar","converged","ess.thres"
98.106362355245,93.663526163618,97.6289605262669,105.91663612142,1783,1.00422147960741,"rmse",1,TRUE,300
-2004.05885831186,-2015.36709790955,-2003.72085802139,-1994.11359357731,1667,1.00095178588269,"log_lik_sum",1,TRUE,300
