"mean","lower","mid","upper","ESS","Rhat","var","ivar","converged","ess.thres"
40.4920773530581,39.1901301642121,40.2572665756763,43.1707959944244,3045.16416633204,1.00059202917444,"rmse",1,TRUE,300
-1832.24954554223,-1844.36631916967,-1831.855448692,-1822.02105992592,1515.48633324385,1.00128059168233,"log_lik_sum",1,TRUE,300
