"mean","lower","mid","upper","ESS","Rhat","var","ivar","converged","ess.thres"
75.3795601967142,71.2954604949547,74.8842081229651,82.3688085263726,6498.58057960786,0.999741597520652,"rmse",1,TRUE,300
-2145.60415495952,-2156.5959823773,-2145.2850034382,-2136.47404513773,5791.30609439855,1.00026638636641,"log_lik_sum",1,TRUE,300
