"mean","lower","mid","upper","ESS","Rhat","var","ivar","converged","ess.thres"
89.6597782226054,86.4639506379953,89.2905747267481,95.015652164982,6941.08202553935,1.00001887272373,"rmse",1,TRUE,300
-2215.8278574793,-2230.61190029721,-2215.44292547624,-2203.47739648258,6949.87377357934,0.999917165062807,"log_lik_sum",1,TRUE,300
