"mean","lower","mid","upper","ESS","Rhat","var","ivar","converged","ess.thres"
40.2799045190352,38.5785622784042,40.2076927888898,42.3872105378136,5698.1835456951,0.999818754426333,"rmse",1,TRUE,300
-1648.5953318458,-1662.9243750944,-1648.39420084987,-1635.29026105638,2246.91884277555,1.00050282044139,"log_lik_sum",1,TRUE,300
