"mean","lower","mid","upper","ESS","Rhat","var","ivar","converged","ess.thres"
70.5343078954812,66.6396422503088,69.5825987525275,79.6478089121663,3727.84603310477,0.999959029492678,"rmse",1,TRUE,300
-1816.45037111129,-1827.28051566344,-1816.08389729422,-1807.36258085734,4596.25893035211,0.999869801271444,"log_lik_sum",1,TRUE,300
