"mean","lower","mid","upper","ESS","Rhat","var","ivar","converged","ess.thres"
160.176693260558,154.551811766518,159.055587042936,172.679539115902,6969.85090962087,0.999834615042039,"rmse",1,TRUE,300
-2187.20518537884,-2198.72345630775,-2186.95130293194,-2177.51822216376,6719.30973609338,0.999890360618416,"log_lik_sum",1,TRUE,300
