"mean","lower","mid","upper","ESS","Rhat","var","ivar","converged","ess.thres"
64.1218576152175,58.1374032872522,62.7983826935091,77.760478082811,6574.7890300548,1.00045220294411,"rmse",1,TRUE,300
-1953.89420063235,-1966.15621695814,-1953.79480335749,-1942.47108367959,6509.76439065325,0.999825799743289,"log_lik_sum",1,TRUE,300
