"mean","lower","mid","upper","ESS","Rhat","var","ivar","converged","ess.thres"
65.593685994756,58.2696348791324,64.3853383245927,79.8409232758236,4192.53339228004,0.999751222941395,"rmse",1,TRUE,300
-1772.01956637085,-1784.33080554302,-1771.91728043928,-1760.1732382524,2454.02328600718,1.00041658577272,"log_lik_sum",1,TRUE,300
