"mean","lower","mid","upper","ESS","Rhat","var","ivar","converged","ess.thres"
77.3080898521206,72.8282148753685,76.4165416374251,87.2202433738492,7154.87979378385,0.999809770046727,"rmse",1,TRUE,300
-1812.72628798966,-1824.79264399592,-1812.35383211174,-1802.3400256953,6383.6810970124,1.00044337046298,"log_lik_sum",1,TRUE,300
