"mean","lower","mid","upper","ESS","Rhat","var","ivar","converged","ess.thres"
108.522238938488,104.701209322951,107.843029260659,116.681965533526,5395.01647637869,1.00004804216994,"rmse",1,TRUE,300
-2240.24092352325,-2250.89085636941,-2239.92588216364,-2231.37108404688,6062.5153687856,1.00015428364758,"log_lik_sum",1,TRUE,300
