"mean","lower","mid","upper","ESS","Rhat","var","ivar","converged","ess.thres"
58.3611865090413,54.723164727319,57.9183883655451,64.6268069520216,6646.28843479578,1.00029378600788,"rmse",1,TRUE,300
-2124.09573244518,-2135.40064153533,-2123.80427855836,-2114.26732566625,5976.53674213564,1.00056452397428,"log_lik_sum",1,TRUE,300
