"mean","lower","mid","upper","ESS","Rhat","var","ivar","converged","ess.thres"
17.6414065175047,16.759252909272,17.5327672254551,19.169084641898,5810.84064280431,0.999713936028742,"rmse",1,TRUE,300
-1329.62841774499,-1340.63355942824,-1329.30544168767,-1320.23471961267,4764.01626992202,0.999926394646564,"log_lik_sum",1,TRUE,300
