"mean","lower","mid","upper","ESS","Rhat","var","ivar","converged","ess.thres"
214.354403736576,199.538934722674,211.417705014663,246.311990124747,5967.882419226,0.99997081738743,"rmse",1,TRUE,300
-2517.3699530205,-2530.7206205541,-2516.93016708882,-2506.00394548205,4285.98938159068,1.0004255876014,"log_lik_sum",1,TRUE,300
