"mean","lower","mid","upper","ESS","Rhat","var","ivar","converged","ess.thres"
78.9222395620735,74.7094498580338,78.3453056963124,86.7266026344647,7035.35072535618,1.00026688049913,"rmse",1,TRUE,300
-1977.73605221476,-1988.6578310115,-1977.47393545604,-1968.31138320813,6882.26273536232,1.00009124460299,"log_lik_sum",1,TRUE,300
