"mean","lower","mid","upper","ESS","Rhat","var","ivar","converged","ess.thres"
43.3463079415767,41.1082804059923,43.0311534087319,47.5344375162403,4331.31082288989,1.00044839889633,"rmse",1,TRUE,300
-1813.18352350704,-1825.34729275253,-1812.83196170676,-1803.10453707247,1973.27502342505,0.999998317139924,"log_lik_sum",1,TRUE,300
