"mean","lower","mid","upper","ESS","Rhat","var","ivar","converged","ess.thres"
50.4471366758463,48.340039289449,50.3091182407491,53.417141335588,7325.92399847191,1.00028918195862,"rmse",1,TRUE,300
-2071.67089925766,-2082.98872362742,-2071.37704847582,-2062.02520965318,5595.56867032659,0.999896190606545,"log_lik_sum",1,TRUE,300
