"mean","lower","mid","upper","ESS","Rhat","var","ivar","converged","ess.thres"
39.4318816175581,38.2208930417302,39.355235103539,41.0568360164513,6886.72688547174,0.999698580632241,"rmse",1,TRUE,300
-1823.65605341734,-1834.46876740513,-1823.28749598693,-1814.66817385194,6390.07124879553,0.999772367224009,"log_lik_sum",1,TRUE,300
