"mean","lower","mid","upper","ESS","Rhat","var","ivar","converged","ess.thres"
48.4672391810022,45.5877183730795,48.1809406563574,53.2199561230932,5156.36467597531,1.00007044094645,"rmse",1,TRUE,300
-1860.53889328274,-1873.40183003213,-1860.17069760236,-1849.5476795012,5184.09565301864,1.00031615682037,"log_lik_sum",1,TRUE,300
