"mean","lower","mid","upper","ESS","Rhat","var","ivar","converged","ess.thres"
21.1429768097723,20.3167307541123,21.0547413230427,22.5136476295339,4398.77366576865,0.999886357736768,"rmse",1,TRUE,300
-1601.4042158159,-1614.24261053191,-1601.34121499757,-1589.71984005166,1817.6755024246,0.999925416605444,"log_lik_sum",1,TRUE,300
