"mean","lower","mid","upper","ESS","Rhat","var","ivar","converged","ess.thres"
102.138956258391,97.2034518266498,101.292873864449,112.39797911884,3294.22896372971,1.00016941890974,"rmse",1,TRUE,300
-2095.97283941536,-2107.77991941179,-2095.6027926943,-2086.07319075886,2876.08109617257,1.00040654395786,"log_lik_sum",1,TRUE,300
