"mean","lower","mid","upper","ESS","Rhat","var","ivar","converged","ess.thres"
72.1307080659702,69.8696389800797,71.9224032638571,75.7058167224945,5167.81360595124,0.999811032053269,"rmse",1,TRUE,300
-1926.18703796975,-1937.34155369506,-1925.87964392698,-1917.04923502515,3786.76491897338,1.00032002497151,"log_lik_sum",1,TRUE,300
