"mean","lower","mid","upper","ESS","Rhat","var","ivar","converged","ess.thres"
38.5352872711298,36.9175997123404,38.4209741917518,40.837849198647,4885.74949256105,1.00038304675339,"rmse",1,TRUE,300
-1856.5580526474,-1867.76809246393,-1856.25595079597,-1846.86546233501,5867.82837929977,0.999731509178949,"log_lik_sum",1,TRUE,300
