"mean","lower","mid","upper","ESS","Rhat","var","ivar","converged","ess.thres"
19.294934569938,18.220359576317,19.250245584884,20.6024446836866,6708.07808405378,1.00021924105757,"rmse",1,TRUE,300
-1648.10282311228,-1660.66043673155,-1647.92755237135,-1636.84987496259,6530.49199837641,0.999780517517725,"log_lik_sum",1,TRUE,300
