"mean","lower","mid","upper","ESS","Rhat","var","ivar","converged","ess.thres"
138.685202676025,129.245001078813,136.740582810597,159.830104708133,6252.16244604786,1.00080718709539,"rmse",1,TRUE,300
-2101.31676262428,-2112.77661455222,-2100.97636286648,-2091.66773766027,6815.94572808648,0.99998717475185,"log_lik_sum",1,TRUE,300
