"mean","lower","mid","upper","ESS","Rhat","var","ivar","converged","ess.thres"
93.2826735261546,87.9471867861803,91.9034285709785,107.072744152981,4423.03769109365,1.00005009991059,"rmse",1,TRUE,300
-1761.34102333107,-1772.39786633873,-1760.95104584492,-1752.39081806174,5678.72271086025,0.999854536585995,"log_lik_sum",1,TRUE,300
