"mean","lower","mid","upper","ESS","Rhat","var","ivar","converged","ess.thres"
22.3497351946521,21.2109285354077,22.0302038573051,25.5263939492799,4687.67889180346,1.00041629061746,"rmse",1,TRUE,300
-1299.21581505916,-1310.33042388196,-1298.92143156506,-1289.94970782827,3697.57495875081,1.00041013530978,"log_lik_sum",1,TRUE,300
