"mean","lower","mid","upper","ESS","Rhat","var","ivar","converged","ess.thres"
50.1803505219186,47.7069537639474,50.0456741771117,53.368715977898,6592.67597221661,1.00046915522388,"rmse",1,TRUE,300
-2086.3120417799,-2097.41854854922,-2085.96341069769,-2077.03496380464,7261.75311660673,0.999687406088783,"log_lik_sum",1,TRUE,300
