"mean","lower","mid","upper","ESS","Rhat","var","ivar","converged","ess.thres"
28.2187735359415,26.6770952164297,28.0723809847646,30.7051772761969,6644.90354610827,0.999837501535126,"rmse",1,TRUE,300
-1795.03377101176,-1806.68521923585,-1794.67321726378,-1785.73217970561,5790.55886140497,0.999857714541791,"log_lik_sum",1,TRUE,300
