"mean","lower","mid","upper","ESS","Rhat","var","ivar","converged","ess.thres"
21.7745423136464,20.9437883084849,21.6207905013679,23.6558682174549,6775.61402632076,0.999812258393884,"rmse",1,TRUE,300
-1211.93532813415,-1222.41996907236,-1211.65130501126,-1203.14755145238,6709.98613100101,1.00002707109396,"log_lik_sum",1,TRUE,300
