"mean","lower","mid","upper","ESS","Rhat","var","ivar","converged","ess.thres"
81.9039105550568,75.5983275341486,80.5286395563835,95.5191875513681,5001.47593562602,1.00015694204273,"rmse",1,TRUE,300
-2064.52033349833,-2075.97610372455,-2064.19707310583,-2054.9954752844,4987.29924508797,0.999819126310217,"log_lik_sum",1,TRUE,300
