"mean","lower","mid","upper","ESS","Rhat","var","ivar","converged","ess.thres"
42.8577912648314,40.1354982411388,42.7732293446262,46.1390384965786,6230.50925262967,1.00009799614824,"rmse",1,TRUE,300
-1665.24081777941,-1679.110216148,-1665.11059754665,-1651.92941678951,5026.13440515049,0.99974240104545,"log_lik_sum",1,TRUE,300
