"mean","lower","mid","upper","ESS","Rhat","var","ivar","converged","ess.thres"
41.202767283088,39.3590335525773,40.9315028918685,44.6600030516898,6094.79677490132,0.999821693297234,"rmse",1,TRUE,300
-1867.58101083951,-1878.88488742411,-1867.28637300394,-1857.9506592993,6049.85585406947,1.00042634101116,"log_lik_sum",1,TRUE,300
