"mean","lower","mid","upper","ESS","Rhat","var","ivar","converged","ess.thres"
83.5324164590736,79.8941852848317,83.3837455248824,88.2033508074535,5413.27674315028,1.0000450385945,"rmse",1,TRUE,300
-2019.11836101543,-2032.25093363581,-2018.89118394896,-2007.81539767267,4888.22077595625,1.00142741863068,"log_lik_sum",1,TRUE,300
