"mean","lower","mid","upper","ESS","Rhat","var","ivar","converged","ess.thres"
108.832460310276,102.452591822094,107.427775564998,122.320173690876,6884.81731248627,1.00054603837853,"rmse",1,TRUE,300
-2229.85124449231,-2240.90334660488,-2229.56399914125,-2220.49526606887,6281.64321395586,0.999795288364777,"log_lik_sum",1,TRUE,300
