"mean","lower","mid","upper","ESS","Rhat","var","ivar","converged","ess.thres"
60.1560061362133,56.1098518893774,59.6266165185415,67.4071839881127,6689.28557109066,0.999834448391699,"rmse",1,TRUE,300
-1945.7291842816,-1962.70105667557,-1945.45350052995,-1930.09204638321,5045.42847753272,1.00040405541383,"log_lik_sum",1,TRUE,300
