"mean","lower","mid","upper","ESS","Rhat","var","ivar","converged","ess.thres"
167.057596169308,155.827621192884,164.946547993734,191.003464902749,6338.71870777194,0.999836498082201,"rmse",1,TRUE,300
-2239.73921083897,-2250.74734538175,-2239.4407299553,-2230.58745482931,6024.71808835831,1.00007269509188,"log_lik_sum",1,TRUE,300
