"mean","lower","mid","upper","ESS","Rhat","var","ivar","converged","ess.thres"
112.854259457774,93.3248216572833,110.743221526986,144.219870061326,3691.39333962566,1.00048958163799,"rmse",1,TRUE,300
-1859.34909591472,-1871.54893617467,-1859.13946751015,-1848.39128936928,3739.30079310842,0.999821839685064,"log_lik_sum",1,TRUE,300
