"mean","lower","mid","upper","ESS","Rhat","var","ivar","converged","ess.thres"
16.9649665975219,13.8873396816163,16.8350646384583,20.785472023002,5726.39510303617,0.999938123185265,"rmse",1,TRUE,300
-1201.78893406271,-1211.91955935811,-1201.43769432646,-1193.4882215676,6217.5772288142,1.00032041431808,"log_lik_sum",1,TRUE,300
