"mean","lower","mid","upper","ESS","Rhat","var","ivar","converged","ess.thres"
139.057624510669,117.420424012499,138.32974933427,163.75769987155,6999.47991089515,1.00026136995028,"rmse",1,TRUE,300
-2224.1188081745,-2237.48634181538,-2223.99345506008,-2211.48083851932,5630.34785313823,1.00003534366906,"log_lik_sum",1,TRUE,300
