"mean","lower","mid","upper","ESS","Rhat","var","ivar","converged","ess.thres"
1845.32312588312,864.437870948011,1873.19260305538,2698.34983533577,5094.57416794347,1.00015473406832,"rmse",1,TRUE,300
-2361.94542860298,-2373.84204490037,-2362.06579643136,-2349.95898133247,5843.77227732706,0.999658871793105,"log_lik_sum",1,TRUE,300
