"mean","lower","mid","upper","ESS","Rhat","var","ivar","converged","ess.thres"
75.776754628092,61.9360670284434,75.4463389321132,91.8854963158698,3034.60117402838,0.9999756673001,"rmse",1,TRUE,300
-1859.13038497977,-1870.00416684802,-1858.85368688834,-1849.71729847082,3457.18543137888,1.00020310096736,"log_lik_sum",1,TRUE,300
