"mean","lower","mid","upper","ESS","Rhat","var","ivar","converged","ess.thres"
40.758087785819,33.8645482018526,40.5599743902602,48.7983456090645,4202.35175045016,0.999915587383938,"rmse",1,TRUE,300
-1643.89077719646,-1656.16912210756,-1643.64580121276,-1633.12279459263,3203.42868286849,1.00007265213621,"log_lik_sum",1,TRUE,300
