"mean","lower","mid","upper","ESS","Rhat","var","ivar","converged","ess.thres"
49.9634162049385,43.3547336031621,49.0279507891525,60.9132344734027,446.833843004603,1.00536091401814,"rmse",1,TRUE,300
-1815.17785895606,-1828.36291485124,-1814.73764718584,-1805.0216831413,1962.9356994217,1.00207255459871,"log_lik_sum",1,TRUE,300
