"mean","lower","mid","upper","ESS","Rhat","var","ivar","converged","ess.thres"
94.2218988474786,79.1134635127697,94.0170012081171,110.283435511069,6187.67903936942,0.999703422040237,"rmse",1,TRUE,300
-1997.53859326985,-2012.45016241918,-1997.70844584107,-1981.49140137618,4260.43232058572,0.99974444808732,"log_lik_sum",1,TRUE,300
