"mean","lower","mid","upper","ESS","Rhat","var","ivar","converged","ess.thres"
76.6281854037754,62.2179152217248,76.1991729958082,93.2698257748333,3414,1.00175228872633,"rmse",1,TRUE,300
-1830.42505741916,-1840.64064196005,-1830.12143809214,-1821.56358475299,3322,1.00003673126452,"log_lik_sum",1,TRUE,300
