"mean","lower","mid","upper","ESS","Rhat","var","ivar","converged","ess.thres"
17.0684398154744,14.5145423609426,16.946563044927,20.4160911392042,5240.28022535618,0.999959567832773,"rmse",1,TRUE,300
-1217.14426364495,-1229.18676538216,-1216.86679999251,-1206.78413270818,5252.92809724717,1.00032228825282,"log_lik_sum",1,TRUE,300
