"mean","lower","mid","upper","ESS","Rhat","var","ivar","converged","ess.thres"
99.505289693027,82.3251890562726,98.989614718429,119.026247730553,6053.23181226619,1.00043230578088,"rmse",1,TRUE,300
-2190.87677470528,-2204.96493875407,-2190.87155326397,-2177.02224479031,6081.29867799172,0.999729051648108,"log_lik_sum",1,TRUE,300
