"mean","lower","mid","upper","ESS","Rhat","var","ivar","converged","ess.thres"
34.1484114502908,28.7672191909551,32.9383728072767,44.9549427620769,1849.15133687786,1.00170230177846,"rmse",1,TRUE,300
-1365.27112467042,-1374.95554164728,-1365.03182743717,-1357.44905711842,4509.82002686328,0.999705846589902,"log_lik_sum",1,TRUE,300
