"mean","lower","mid","upper","ESS","Rhat","var","ivar","converged","ess.thres"
54.8910717168803,49.3628215568984,53.9220523680048,65.7886002253929,6312.7714763375,0.9998256520806,"rmse",1,TRUE,300
-1749.26021854754,-1762.6093378433,-1748.92917313222,-1737.47089526186,7177.313887633,0.999825300107227,"log_lik_sum",1,TRUE,300
