"mean","lower","mid","upper","ESS","Rhat","var","ivar","converged","ess.thres"
25.2391721633979,21.3898665762513,25.0611149058779,29.8986564499419,6459.96332789437,0.999780021665366,"rmse",1,TRUE,300
-1522.80315272626,-1534.55985213501,-1522.59152032315,-1511.76101207132,6504.84811247243,0.999813616432573,"log_lik_sum",1,TRUE,300
