"mean","lower","mid","upper","ESS","Rhat","var","ivar","converged","ess.thres"
76.896481558248,65.3333361184545,76.0572646977131,93.0356231776107,5840.85525116972,1.00022981874811,"rmse",1,TRUE,300
-1681.2280381204,-1691.57723469867,-1680.96593600598,-1672.3920317791,6909.63616497887,0.999857346176297,"log_lik_sum",1,TRUE,300
