"mean","lower","mid","upper","ESS","Rhat","var","ivar","converged","ess.thres"
20.6067527806946,19.0904509371877,20.2924644657454,23.879072108536,4050.13952417849,1.00038012831292,"rmse",1,TRUE,300
-1455.15861276687,-1467.52300461611,-1454.77816176004,-1444.79065212042,2947.31238587015,1.00053874428804,"log_lik_sum",1,TRUE,300
