"mean","lower","mid","upper","ESS","Rhat","var","ivar","converged","ess.thres"
146.15209399134,138.921504443892,145.158483878049,158.752189841539,6949.88185658241,0.999704567660747,"rmse",1,TRUE,300
-2356.58207596916,-2370.70773030634,-2356.13450934786,-2345.14460907442,6600.44999463716,1.00074122047234,"log_lik_sum",1,TRUE,300
