"mean","lower","mid","upper","ESS","Rhat","var","ivar","converged","ess.thres"
46.0366528955921,42.3793506044024,45.2653827796768,54.1070307325865,7067.35725979552,0.999880908529834,"rmse",1,TRUE,300
-1948.68152991792,-1961.24862503032,-1948.27374766217,-1938.49472465643,6092.92779757742,1.00026994197526,"log_lik_sum",1,TRUE,300
