"mean","lower","mid","upper","ESS","Rhat","var","ivar","converged","ess.thres"
98.6147625925313,93.5058134480622,97.9309560453801,108.002040884205,6966.12810253978,1.00009596005333,"rmse",1,TRUE,300
-2001.96676558172,-2015.84365090917,-2001.54615164363,-1990.25840552943,6334.28769694061,0.999892552421756,"log_lik_sum",1,TRUE,300
