"mean","lower","mid","upper","ESS","Rhat","var","ivar","converged","ess.thres"
25.0532098084184,22.5119031184111,24.5327334142258,30.6706725998823,4567.53909356081,0.999703693861177,"rmse",1,TRUE,300
-1458.40065938517,-1471.04476081755,-1458.06210891801,-1447.90562482812,3578.08248256955,1.00036011144524,"log_lik_sum",1,TRUE,300
