"mean","lower","mid","upper","ESS","Rhat","var","ivar","converged","ess.thres"
41.5286530412073,38.9074209736918,41.0545680787647,46.9716243129314,4872.40479004871,1.00007165848456,"rmse",1,TRUE,300
-1830.19706507386,-1842.46182261768,-1829.9274224794,-1819.81041608969,2890.9150836754,1.00140784860318,"log_lik_sum",1,TRUE,300
