"mean","lower","mid","upper","ESS","Rhat","var","ivar","converged","ess.thres"
88.4686681084533,83.0453424823518,87.6200918486762,98.3368899554571,6925.00873946726,0.999690014836195,"rmse",1,TRUE,300
-2190.04045497949,-2202.67436333754,-2189.57816100166,-2179.79965843216,6478.45671705476,0.999986688803213,"log_lik_sum",1,TRUE,300
