"mean","lower","mid","upper","ESS","Rhat","var","ivar","converged","ess.thres"
60.46340468596,57.2072183415301,59.9021220899583,67.1752102992244,3175.79025711858,1.00121159344694,"rmse",1,TRUE,300
-1850.83968666919,-1863.54515925836,-1850.42202865962,-1840.40461040284,3811.35949126746,1.00011119093527,"log_lik_sum",1,TRUE,300
