"mean","lower","mid","upper","ESS","Rhat","var","ivar","converged","ess.thres"
44.8153012437854,42.0713819018971,44.3578561725441,50.214583022876,6715.0996341524,1.00038826877892,"rmse",1,TRUE,300
-1934.27831127192,-1947.18856212258,-1933.8404544741,-1923.57387280383,6263.54877016628,0.999727196757909,"log_lik_sum",1,TRUE,300
