"mean","lower","mid","upper","ESS","Rhat","var","ivar","converged","ess.thres"
166.881766438477,156.794256370051,165.150775513152,187.61585450553,6503.92986693743,0.999712961004431,"rmse",1,TRUE,300
-2173.91161271172,-2187.48971522972,-2173.36905068044,-2163.02182703885,6832.28749766112,0.999657151557056,"log_lik_sum",1,TRUE,300
