"mean","lower","mid","upper","ESS","Rhat","var","ivar","converged","ess.thres"
47.8645024817799,43.6787228655329,46.9980133226022,56.9391223855468,6695.66923429414,0.999955074896838,"rmse",1,TRUE,300
-2033.74673079563,-2047.32172999331,-2033.22235854884,-2023.00817180138,4740.46913245293,1.00017142721743,"log_lik_sum",1,TRUE,300
