"mean","lower","mid","upper","ESS","Rhat","var","ivar","converged","ess.thres"
64.6597673674099,56.3916354946847,62.5569405256465,84.5417154859548,6784.02661098948,1.00016450201317,"rmse",1,TRUE,300
-1938.91133191903,-1950.77626010672,-1938.5271328828,-1928.99773608936,5585.67478451453,1.00100120305649,"log_lik_sum",1,TRUE,300
