"mean","lower","mid","upper","ESS","Rhat","var","ivar","converged","ess.thres"
76.4842419780696,70.7658636614468,75.357001204421,89.5333942844563,7126.29911542089,0.999710570437958,"rmse",1,TRUE,300
-1975.43177155345,-1989.38524883998,-1975.13729096988,-1963.80847972726,6367.21903562152,1.00017032668054,"log_lik_sum",1,TRUE,300
