"mean","lower","mid","upper","ESS","Rhat","var","ivar","converged","ess.thres"
227.910646759113,189.848656816971,216.992448883085,327.423361092309,6068.77177732654,0.999943194897299,"rmse",1,TRUE,300
-2535.08050405375,-2548.9818990648,-2534.53606481066,-2523.67369404959,5409.06294507406,1.00033562264036,"log_lik_sum",1,TRUE,300
