"mean","lower","mid","upper","ESS","Rhat","var","ivar","converged","ess.thres"
59.2924939251071,53.8041857421699,58.352055892181,70.1237431104679,7225.58553411377,0.999969946001033,"rmse",1,TRUE,300
-2109.76926894881,-2121.21116831849,-2109.45553079465,-2100.03773593362,6531.90411840398,0.999939335269623,"log_lik_sum",1,TRUE,300
