"mean","lower","mid","upper","ESS","Rhat","var","ivar","converged","ess.thres"
110.292077105481,104.761497005404,109.118692787705,122.846760706545,6105.80901953083,0.999969165897966,"rmse",1,TRUE,300
-2233.12248762895,-2245.96059171079,-2232.69197336637,-2222.62136057925,5431.3262681146,1.00015171178785,"log_lik_sum",1,TRUE,300
