"mean","lower","mid","upper","ESS","Rhat","var","ivar","converged","ess.thres"
43.9203972464218,40.1074237890751,43.1024156823581,52.6904562730147,5382.50828755699,1.00009522705963,"rmse",1,TRUE,300
-1813.08581002273,-1825.13109882273,-1812.76422644553,-1803.36055952441,4821.24645436472,1.00097626522548,"log_lik_sum",1,TRUE,300
