"mean","lower","mid","upper","ESS","Rhat","var","ivar","converged","ess.thres"
71.6661167627173,64.6534825432547,69.6653327132093,89.6504360915223,4948.35002589595,1.00009247243172,"rmse",1,TRUE,300
-1854.10633061795,-1868.25157754993,-1853.77596000525,-1841.67239248558,3258.38791680225,1.00043948490068,"log_lik_sum",1,TRUE,300
