"mean","lower","mid","upper","ESS","Rhat","var","ivar","converged","ess.thres"
52.2666995346495,48.3343149636774,51.5408413851787,60.7901887394966,6432.84241532542,1.000167544119,"rmse",1,TRUE,300
-2065.82417180344,-2077.83583983865,-2065.55541543917,-2055.72181406158,5616.75195137973,0.999762912131703,"log_lik_sum",1,TRUE,300
