"mean","lower","mid","upper","ESS","Rhat","var","ivar","converged","ess.thres"
40.019908972368,38.0624938496705,39.6517818054019,44.4048073057745,5360.3206781925,0.999933907831352,"rmse",1,TRUE,300
-1811.45543897843,-1823.64496188117,-1811.15984605884,-1801.22521746736,5624.34198564848,1.0003672165391,"log_lik_sum",1,TRUE,300
