"mean","lower","mid","upper","ESS","Rhat","var","ivar","converged","ess.thres"
49.5446001587357,44.9047889969187,48.4667799589986,60.6921554151083,6112.51415504042,1.00012830928117,"rmse",1,TRUE,300
-1852.54613069558,-1866.62030885635,-1851.99142960815,-1841.38398954734,4949.64093219602,0.999828621316437,"log_lik_sum",1,TRUE,300
