"mean","lower","mid","upper","ESS","Rhat","var","ivar","converged","ess.thres"
20.5569867447098,19.0920730084534,20.2704516819102,23.6375989719528,4030.98463894592,0.999926564454155,"rmse",1,TRUE,300
-1572.96061137211,-1585.46876913072,-1572.53115773101,-1562.80521189206,3071.74737553545,0.999806259869809,"log_lik_sum",1,TRUE,300
