"mean","lower","mid","upper","ESS","Rhat","var","ivar","converged","ess.thres"
64.2575085215246,52.6030285259053,61.3679331824748,91.3767022523283,6873.28132414654,1.00048162101319,"rmse",1,TRUE,300
-1796.66099668787,-1809.70016472849,-1796.3083864514,-1785.67040267159,5965.59724384451,0.999819356682752,"log_lik_sum",1,TRUE,300
