"mean","lower","mid","upper","ESS","Rhat","var","ivar","converged","ess.thres"
36.9714992549435,32.552244320062,35.8812442550881,47.9846715328849,5671.66038681284,1.00009891934385,"rmse",1,TRUE,300
-1733.62013831541,-1745.4037802736,-1733.29984640825,-1723.63983844497,5395.90207376565,1.00033122551897,"log_lik_sum",1,TRUE,300
