"mean","lower","mid","upper","ESS","Rhat","var","ivar","converged","ess.thres"
36.3050924704704,34.256515778639,36.1208441147337,39.4609208991996,2521.91233504831,1.00017212640865,"rmse",1,TRUE,300
-1724.36621842363,-1737.3180620644,-1723.98792402971,-1713.47664585556,3818.74575060359,1.0000241334988,"log_lik_sum",1,TRUE,300
