"mean","lower","mid","upper","ESS","Rhat","var","ivar","converged","ess.thres"
39.2325733672215,36.3620639896734,38.8209576081572,44.4140112567854,3800.14542747763,1.00010581050755,"rmse",1,TRUE,300
-1845.74100767963,-1858.09699242925,-1845.40417913329,-1835.57020044545,4170.90405952494,1.00059592089766,"log_lik_sum",1,TRUE,300
