"mean","lower","mid","upper","ESS","Rhat","var","ivar","converged","ess.thres"
32.9684231860706,31.0282391810031,32.6329515995836,36.8650676009104,6719.02130361291,0.99972892116254,"rmse",1,TRUE,300
-1710.89222348902,-1723.98775845294,-1710.47954653681,-1700.03521700297,5689.94906226391,1.00034302814478,"log_lik_sum",1,TRUE,300
