"mean","lower","mid","upper","ESS","Rhat","var","ivar","converged","ess.thres"
46.5455609864848,43.7501191031798,46.1399263502135,51.7236030312166,5587.10688216876,0.999758074697048,"rmse",1,TRUE,300
-1907.46297892582,-1920.58787291624,-1907.06428002382,-1896.24736066748,6247.14749291809,0.999890889942143,"log_lik_sum",1,TRUE,300
