"mean","lower","mid","upper","ESS","Rhat","var","ivar","converged","ess.thres"
9.27282991013132,8.04259961804507,8.90149204303423,12.3136929737526,4647.59281431277,0.999937084265333,"rmse",1,TRUE,300
-1117.01409422893,-1129.31105290214,-1116.64319143037,-1106.59896352883,4507.60272078713,1.00026653864746,"log_lik_sum",1,TRUE,300
