"mean","lower","mid","upper","ESS","Rhat","var","ivar","converged","ess.thres"
60.5755389448975,54.069230971397,59.3838335117927,73.8732974049588,6951.40575204962,0.999741729361144,"rmse",1,TRUE,300
-2036.21363411869,-2048.11893936919,-2035.82500238015,-2026.40092886899,6689.94768131822,0.999866952014554,"log_lik_sum",1,TRUE,300
