"mean","lower","mid","upper","ESS","Rhat","var","ivar","converged","ess.thres"
137.806640867631,126.752426150431,136.360177587734,158.447699910358,6351.85461476812,0.999791515381373,"rmse",1,TRUE,300
-2098.48892405363,-2112.87956164462,-2098.14313920576,-2085.86817450819,6388.10725789957,0.999986222501275,"log_lik_sum",1,TRUE,300
