"mean","lower","mid","upper","ESS","Rhat","var","ivar","converged","ess.thres"
51.7473637191971,47.8839174015497,51.1458877838077,59.0947821441499,6071.19189228296,1.00095203256735,"rmse",1,TRUE,300
-2074.18749141237,-2086.2665670958,-2073.88333068491,-2064.219221233,6548.46521549655,1.00010746316139,"log_lik_sum",1,TRUE,300
