"mean","lower","mid","upper","ESS","Rhat","var","ivar","converged","ess.thres"
30.7404568020287,27.220892082558,30.0908656833594,38.1246287178622,6451.24564279369,1.00055954598617,"rmse",1,TRUE,300
-1802.47982071491,-1815.66764089563,-1802.13184438238,-1791.70252928908,5829.98132968145,0.999901968564076,"log_lik_sum",1,TRUE,300
