"mean","lower","mid","upper","ESS","Rhat","var","ivar","converged","ess.thres"
13.1871843593832,10.3005991563513,12.3687330299638,20.6596643166972,4505.87361217829,0.999657262108418,"rmse",1,TRUE,300
-1188.07828547282,-1202.29333226808,-1187.47308732014,-1177.45128083469,2594.01796915451,1.00167075378012,"log_lik_sum",1,TRUE,300
