"mean","lower","mid","upper","ESS","Rhat","var","ivar","converged","ess.thres"
23.0831408219834,20.9214453172429,22.5673072385532,28.3850016089795,5996.3731634526,1.00060840919004,"rmse",1,TRUE,300
-1206.22600091397,-1218.61937615468,-1205.92955349412,-1195.86692257631,5374.55233442959,0.999680815125255,"log_lik_sum",1,TRUE,300
