"mean","lower","mid","upper","ESS","Rhat","var","ivar","converged","ess.thres"
41.7719104235227,39.6841909661788,41.4968148148469,45.4481496514262,6609.03754105698,0.999651750862772,"rmse",1,TRUE,300
-1657.45178614093,-1670.05293862097,-1657.12609164159,-1646.80572699745,6119.04450459183,1.00014578226551,"log_lik_sum",1,TRUE,300
