"mean","lower","mid","upper","ESS","Rhat","var","ivar","converged","ess.thres"
41.5734363411166,39.0802240820446,41.2144469923575,45.9614685151694,5329.89785108475,0.999995085406917,"rmse",1,TRUE,300
-1863.85876035268,-1876.59667668149,-1863.50632480951,-1853.33804071205,6502.76621637503,1.00018462800326,"log_lik_sum",1,TRUE,300
