"mean","lower","mid","upper","ESS","Rhat","var","ivar","converged","ess.thres"
85.674211303512,79.7298298927884,84.3212075433308,99.4680860389881,6046.40577601689,1.00015380768343,"rmse",1,TRUE,300
-2024.76377452043,-2037.55445836862,-2024.34965997404,-2014.20655661427,5460.67251120725,1.00017126841014,"log_lik_sum",1,TRUE,300
