"mean","lower","mid","upper","ESS","Rhat","var","ivar","converged","ess.thres"
106.190783643432,98.9309858762367,105.363108166056,118.156454398536,6678.06775853439,0.999727717045412,"rmse",1,TRUE,300
-2217.81353864134,-2231.12255044365,-2217.44268633616,-2206.7916545334,6650.61087351121,0.999740670732682,"log_lik_sum",1,TRUE,300
