"mean","lower","mid","upper","ESS","Rhat","var","ivar","converged","ess.thres"
46.4609037254624,43.1382936966205,45.7355607976931,54.1440655460068,6063.51101977908,0.99977059909618,"rmse",1,TRUE,300
-1993.11438818798,-2005.24001108838,-1992.68259822933,-1983.27473318326,4478.14844967511,1.00087361274588,"log_lik_sum",1,TRUE,300
