"mean","lower","mid","upper","ESS","Rhat","var","ivar","converged","ess.thres"
61.3175294654153,54.1921225832286,59.4642559306052,79.5479092323156,6230.7629248322,0.999953339585555,"rmse",1,TRUE,300
-1924.19506551469,-1937.04596217045,-1923.70515753921,-1914.00598184953,4616.15645039666,1.00005133285572,"log_lik_sum",1,TRUE,300
