"mean","lower","mid","upper","ESS","Rhat","var","ivar","converged","ess.thres"
124.590680596513,114.062024279674,123.161693684223,143.530151984042,2627.53752575525,1.00070897448899,"rmse",1,TRUE,300
-2314.33297282212,-2327.23671432687,-2313.93947484437,-2303.61911166022,3711.35419141376,0.999918870976686,"log_lik_sum",1,TRUE,300
