"mean","lower","mid","upper","ESS","Rhat","var","ivar","converged","ess.thres"
174.22381647418,158.721518518985,171.11212534607,208.299188471897,5771.54159790652,0.999892135885925,"rmse",1,TRUE,300
-2233.06096928155,-2247.99683637721,-2232.59496912114,-2220.46653995938,5652.57328774392,0.999935475246796,"log_lik_sum",1,TRUE,300
