"mean","lower","mid","upper","ESS","Rhat","var","ivar","converged","ess.thres"
38.5492541167099,35.4016976223566,37.9204187678464,45.5445933963502,5015.34472361081,1.00009053850471,"rmse",1,TRUE,300
-1580.61808111219,-1593.88600975073,-1580.18018536058,-1569.5991798055,3101.88287568508,0.999787494270816,"log_lik_sum",1,TRUE,300
