"mean","lower","upper","ESS","Rhat","var","ivar","converged","ess.thres"
8.32517884305075,7.2930669758587,9.72599795198381,6873.84847126857,1.00014148755525,"rmse",1,TRUE,300
-1297.32247531533,-1313.65843995962,-1282.75003186422,6264.5460230086,0.999770828992811,"log_lik_sum",1,TRUE,300
