"mean","lower","upper","ESS","Rhat","var","ivar","converged","ess.thres"
42.2058904657024,36.7680455818942,48.9884110508884,6629.17928045349,0.999718446292795,"rmse",1,TRUE,300
-2007.5662924806,-2022.84768598358,-1994.61835258192,6794.35404259344,1.00000414497604,"log_lik_sum",1,TRUE,300
