"mean","lower","upper","ESS","Rhat","var","ivar","converged","ess.thres"
12.6141980032752,10.9694834351139,14.843125603361,6901.06683259225,0.999900873431175,"rmse",1,TRUE,300
-1666.42618067935,-1682.8918470863,-1652.65892247814,6468.27485717273,0.999783599921274,"log_lik_sum",1,TRUE,300
