"mean","lower","upper","ESS","Rhat","var","ivar","converged","ess.thres"
34.0628819125318,27.6629238754173,42.1298621663008,7314.00320373151,1.00010742469552,"rmse",1,TRUE,300
-1708.17689378224,-1723.85483367757,-1694.95912021247,5957.94325410748,1.00013844011729,"log_lik_sum",1,TRUE,300
