"mean","lower","upper","ESS","Rhat","var","ivar","converged","ess.thres"
9.1638450475651,7.84438759405079,11.0194980458276,7138.89810387858,1.00053145862243,"rmse",1,TRUE,300
-1300.29909358252,-1316.88642114781,-1285.98302703807,6163.33257430049,0.999772976661398,"log_lik_sum",1,TRUE,300
