"mean","lower","upper","ESS","Rhat","var","ivar","converged","ess.thres"
34.0079145776377,29.8891143330463,38.7107725231022,6812.74255128757,0.999765895324474,"rmse",1,TRUE,300
-1850.78841823846,-1865.50805840825,-1838.08476726792,6249.01140059385,1.00040117733638,"log_lik_sum",1,TRUE,300
