"mean","lower","upper","ESS","Rhat","var","ivar","converged","ess.thres"
22.5806904952191,19.1948138426358,26.4295548336561,7063.19353694533,0.999742934296362,"rmse",1,TRUE,300
-1661.89873139622,-1676.96153999225,-1648.42391341241,5928.44928236837,1.00009796833081,"log_lik_sum",1,TRUE,300
