"mean","lower","upper","ESS","Rhat","var","ivar","converged","ess.thres"
23.0934750953302,20.0662513001618,27.160740354895,7201.35889880042,1.00018471843794,"rmse",1,TRUE,300
-1882.97364414666,-1899.06112147146,-1869.47623639928,5900.96981339266,0.999922855614634,"log_lik_sum",1,TRUE,300
