"mean","lower","upper","ESS","Rhat","var","ivar","converged","ess.thres"
11.2868063048694,9.53057265606461,13.7985857172841,6963.91079060564,1.00007724211294,"rmse",1,TRUE,300
-1335.36140920262,-1352.23908702295,-1321.08227375705,6101.57266224391,0.999737232556885,"log_lik_sum",1,TRUE,300
