"mean","lower","upper","ESS","Rhat","var","ivar","converged","ess.thres"
19.4162248427448,16.4260142997251,23.13715032154,7064.76815079504,1.00027540416731,"rmse",1,TRUE,300
-1626.97950079295,-1642.39671808954,-1613.44163377956,6175.09434197546,1.00009252679639,"log_lik_sum",1,TRUE,300
