"mean","lower","upper","ESS","Rhat","var","ivar","converged","ess.thres"
56.1959654727215,46.2018300979279,70.4408075537497,6838.1410781985,0.999598920097755,"rmse",1,TRUE,300
-1909.35397782404,-1924.97379252143,-1896.1087632492,6646.89968110588,0.999820518707968,"log_lik_sum",1,TRUE,300
