"mean","lower","upper","ESS","Rhat","var","ivar","converged","ess.thres"
181.427317445725,161.975608223181,206.433942425371,7011.84735389675,0.99981634116982,"rmse",1,TRUE,300
-2924.60315886676,-2941.80101047709,-2909.09674374653,6549.76242824818,0.999924580914282,"log_lik_sum",1,TRUE,300
