"mean","lower","upper","ESS","Rhat","var","ivar","converged","ess.thres"
27.046073804386,22.6075150296922,33.2350535245041,6954.70706659821,0.999618851887535,"rmse",1,TRUE,300
-1638.93954581698,-1654.56033593793,-1625.17917539312,6359.44134242431,0.999830680049177,"log_lik_sum",1,TRUE,300
