"mean","lower","upper","ESS","Rhat","var","ivar","converged","ess.thres"
7.94699579335594,6.94903537334147,9.29806532048442,6840.06182408941,1.00003136715098,"rmse",1,TRUE,300
-1182.08829496117,-1197.26902773737,-1168.15522681453,6014.61707366122,0.999860127399179,"log_lik_sum",1,TRUE,300
