"mean","lower","upper","ESS","Rhat","var","ivar","converged","ess.thres"
24.2287709845874,19.5507496731367,30.8615160903487,7047.06827599014,0.999744920626517,"rmse",1,TRUE,300
-1482.8987378702,-1499.30013407389,-1469.02198193251,5934.31119428981,1.00007707169267,"log_lik_sum",1,TRUE,300
