"mean","lower","upper","ESS","Rhat","var","ivar","converged","ess.thres"
19.807361822021,16.5023286112671,23.8627012580976,7320.0332576853,0.99969730953451,"rmse",1,TRUE,300
-1677.45163412764,-1693.68665694566,-1663.55491814707,6833.76823863528,0.999705231098851,"log_lik_sum",1,TRUE,300
