"mean","lower","upper","ESS","Rhat","var","ivar","converged","ess.thres"
7.06132621786608,6.23776751587623,8.2030912071137,6859.17618757916,0.999777034702845,"rmse",1,TRUE,300
-1147.91730485768,-1164.40246492802,-1133.19908172572,6567.58503601385,0.999808695003665,"log_lik_sum",1,TRUE,300
