"mean","lower","upper","ESS","Rhat","var","ivar","converged","ess.thres"
41.090752326898,34.3757822695191,50.5011875558197,6881.91500688443,1.00004309386335,"rmse",1,TRUE,300
-2048.01883404796,-2064.16025372874,-2034.26197527053,6279.97045436999,1.00029982830181,"log_lik_sum",1,TRUE,300
