"mean","lower","upper","ESS","Rhat","var","ivar","converged","ess.thres"
30.9464692153425,26.2896781893979,36.5889953500437,7365.59696576221,0.999928026245625,"rmse",1,TRUE,300
-1934.23881780356,-1950.11236653978,-1920.61227197473,6797.0344885145,1.00006758066383,"log_lik_sum",1,TRUE,300
