"mean","lower","upper","ESS","Rhat","var","ivar","converged","ess.thres"
10.9384601081378,9.3073756048224,13.1269037751406,6775.75308172329,0.99979707474703,"rmse",1,TRUE,300
-1506.38330855641,-1522.6711949407,-1492.34153364284,6634.20889878909,1.00000926019039,"log_lik_sum",1,TRUE,300
