"mean","lower","upper","ESS","Rhat","var","ivar","converged","ess.thres"
20.2760507014969,18.1087217845591,23.264905879788,6294.67113224058,0.999847835293427,"rmse",1,TRUE,300
-1856.86623368811,-1872.94555372007,-1842.9999279962,6716.24922432292,1.00017773379923,"log_lik_sum",1,TRUE,300
