"mean","lower","upper","ESS","Rhat","var","ivar","converged","ess.thres"
12.3171621459726,10.7157241726735,14.4386978415355,6984.17465295,0.9999302755057,"rmse",1,TRUE,300
-1584.75916341895,-1601.80397713457,-1570.41022844115,6545.93367537102,0.999876322530815,"log_lik_sum",1,TRUE,300
