"mean","lower","upper","ESS","Rhat","var","ivar","converged","ess.thres"
13.8331584270857,11.8219437633353,16.4879729102056,7232.87018885815,0.999858011960948,"rmse",1,TRUE,300
-1490.90781933233,-1508.94220772889,-1474.54265583623,5721.22540459909,0.999894586368204,"log_lik_sum",1,TRUE,300
