"mean","lower","upper","ESS","Rhat","var","ivar","converged","ess.thres"
16.8764280765133,13.7256540393091,21.0309403507098,7339.59968502199,0.999947624091363,"rmse",1,TRUE,300
-1441.00230400373,-1456.34791151397,-1427.66414630872,6233.93541757644,1.00007261344481,"log_lik_sum",1,TRUE,300
