"mean","lower","upper","ESS","Rhat","var","ivar","converged","ess.thres"
30.0727394992364,24.1152605738525,37.3916584612446,6878.10613433414,0.999741117875487,"rmse",1,TRUE,300
-1734.02169458986,-1749.48508291391,-1720.34061924582,6835.09925479692,1.00077093255611,"log_lik_sum",1,TRUE,300
