"mean","lower","upper","ESS","Rhat","var","ivar","converged","ess.thres"
19.1771586116017,15.4650608424946,23.8514517032751,7064.06865990537,0.999757024477686,"rmse",1,TRUE,300
-1569.91203841687,-1585.76022327377,-1556.71170404499,6219.43286753208,0.999779965735273,"log_lik_sum",1,TRUE,300
