"mean","lower","upper","ESS","Rhat","var","ivar","converged","ess.thres"
20.752153471609,16.7253216790448,26.1254445766362,6715.30511173945,1.00002379608947,"rmse",1,TRUE,300
-1625.56975635467,-1641.27488586545,-1612.30616064632,6589.08981359795,1.00004556902355,"log_lik_sum",1,TRUE,300
