"mean","lower","upper","ESS","Rhat","var","ivar","converged","ess.thres"
14.9222456770333,13.1283132400438,17.2220159674293,7061.83370005794,0.999739639014544,"rmse",1,TRUE,300
-1636.86159246388,-1652.82866962945,-1623.23229972343,6533.54236475562,0.999870373137539,"log_lik_sum",1,TRUE,300
