"mean","lower","upper","ESS","Rhat","var","ivar","converged","ess.thres"
6.05369663510261,5.46822133198812,6.88651109165515,7144.29813062965,0.999837600315023,"rmse",1,TRUE,300
-1324.46141071872,-1339.88299711856,-1311.43099443398,6665.66062982097,1.00033271626596,"log_lik_sum",1,TRUE,300
