"mean","lower","upper","ESS","Rhat","var","ivar","converged","ess.thres"
14.1687282434892,11.8209520636807,17.3913724493339,6890.07135014757,0.999855017700824,"rmse",1,TRUE,300
-1606.74363090134,-1622.44295551433,-1593.19654985038,5957.06796242019,1.00080164308644,"log_lik_sum",1,TRUE,300
