"mean","lower","upper","ESS","Rhat","var","ivar","converged","ess.thres"
3.27433070229321,2.93784441751273,3.82026158127734,7014.58053536621,0.999889082381052,"rmse",1,TRUE,300
-980.476090279667,-998.028312166576,-965.724710829644,6412.56913893601,1.00056518580218,"log_lik_sum",1,TRUE,300
