"mean","lower","upper","ESS","Rhat","var","ivar","converged","ess.thres"
20.0109742246358,17.3252372813055,23.7628686742198,6300.11971444304,0.999852228766844,"rmse",1,TRUE,300
-1810.83172455316,-1826.44902043152,-1796.95064141139,6371.04862182031,0.999876502900605,"log_lik_sum",1,TRUE,300
