"mean","lower","upper","ESS","Rhat","var","ivar","converged","ess.thres"
18.3816094117644,16.322381552126,20.8592894201356,6871.38519770193,1.00099073826596,"rmse",1,TRUE,300
-1756.90256458628,-1772.76333577072,-1743.09196493837,6821.53946328838,0.999900751740694,"log_lik_sum",1,TRUE,300
