"mean","lower","upper","ESS","Rhat","var","ivar","converged","ess.thres"
28.018018940142,22.1197443005469,35.9610289546421,7283.90484551747,1.00001095238526,"rmse",1,TRUE,300
-1443.74187780018,-1461.01771144534,-1428.96220417158,6150.61723607209,1.00009847198189,"log_lik_sum",1,TRUE,300
