"mean","lower","upper","ESS","Rhat","var","ivar","converged","ess.thres"
9.01557560874019,7.7697335171543,10.76408057921,7258.11438809029,0.999967191023632,"rmse",1,TRUE,300
-1112.84858493698,-1129.38247053897,-1098.50218165161,6756.05592653316,1.00018030000064,"log_lik_sum",1,TRUE,300
