"mean","lower","upper","ESS","Rhat","var","ivar","converged","ess.thres"
20.8085398930092,18.6493880094566,23.5991493336241,6670.33859536295,0.999622012168612,"rmse",1,TRUE,300
-1901.88600506304,-1918.67377162155,-1886.76116592354,6267.40076486448,1.00049774288415,"log_lik_sum",1,TRUE,300
