"mean","lower","upper","ESS","Rhat","var","ivar","converged","ess.thres"
11.620811240536,9.94548509726315,13.9970663454473,6767.86712267312,0.999907568642308,"rmse",1,TRUE,300
-1528.49823895048,-1546.98075552969,-1512.72618192444,5516.00866515204,1.00042990887739,"log_lik_sum",1,TRUE,300
