"mean","lower","upper","ESS","Rhat","var","ivar","converged","ess.thres"
14.8874104894962,12.8211629975847,17.3495778161741,6849.94453507158,0.999796977938287,"rmse",1,TRUE,300
-1538.56250133116,-1554.14460488468,-1524.75945787555,5938.66637587969,1.00072693988999,"log_lik_sum",1,TRUE,300
