"mean","lower","upper","ESS","Rhat","var","ivar","converged","ess.thres"
6.58281965687627,5.2840617190957,8.65064930445835,6856.75906814983,1.00007560087748,"rmse",1,TRUE,300
-1025.71508630676,-1042.643685848,-1011.13995630753,6111.21718892953,1.00050642971646,"log_lik_sum",1,TRUE,300
