"mean","lower","upper","ESS","Rhat","var","ivar","converged","ess.thres"
32.6608451030402,28.6131546635901,38.7193409500758,6681.86440357305,1.00043815266743,"rmse",1,TRUE,300
-2045.37546784527,-2060.81759837894,-2031.98142094463,6956.7617534417,1.00027364163444,"log_lik_sum",1,TRUE,300
