"mean","lower","upper","ESS","Rhat","var","ivar","converged","ess.thres"
14.093160021196,12.3953621806066,16.2870561260676,7123.90455149552,0.999994145345489,"rmse",1,TRUE,300
-1388.09350753083,-1403.97685298779,-1373.87937098998,6361.86866836895,1.00004697517871,"log_lik_sum",1,TRUE,300
