"mean","lower","upper","ESS","Rhat","var","ivar","converged","ess.thres"
24.3558945684132,20.5729144491647,29.2086609588762,6808.04908386685,1.00015456099119,"rmse",1,TRUE,300
-1679.86471189763,-1695.92600706998,-1666.46755677235,6720.45342964557,0.999783854517344,"log_lik_sum",1,TRUE,300
