"mean","lower","upper","ESS","Rhat","var","ivar","converged","ess.thres"
15.7043102036762,13.2078328003108,19.5643294670788,7242.29369483764,1.00078200139925,"rmse",1,TRUE,300
-1554.21848849802,-1569.06615095266,-1541.40763635357,6553.59747800695,0.999929532845973,"log_lik_sum",1,TRUE,300
