"mean","lower","upper","ESS","Rhat","var","ivar","converged","ess.thres"
41.6885423330477,35.1298522962725,49.5544853572736,6648.90237003177,1.00035151498834,"rmse",1,TRUE,300
-1982.6170461408,-1998.19256418798,-1968.78680737829,6529.29274793151,1.00024889728557,"log_lik_sum",1,TRUE,300
