"mean","lower","upper","ESS","Rhat","var","ivar","converged","ess.thres"
43.3088472230751,33.9611656849722,57.6862978941423,6924.21671889525,0.999957728171637,"rmse",1,TRUE,300
-1821.05283118191,-1836.55349293186,-1807.62309680382,6505.46859795069,1.00031587491839,"log_lik_sum",1,TRUE,300
