"mean","lower","upper","ESS","Rhat","var","ivar","converged","ess.thres"
9.7151904129114,8.2368648781016,11.7105177283337,6762.82462744605,0.999954323782076,"rmse",1,TRUE,300
-1312.67826416832,-1329.81982534567,-1298.04611453806,5282.6648105681,1.00034667620321,"log_lik_sum",1,TRUE,300
