"mean","lower","upper","ESS","Rhat","var","ivar","converged","ess.thres"
13.401413293901,11.4627884460786,15.8893658302589,6566.23670034897,0.999923183485188,"rmse",1,TRUE,300
-1346.87999261438,-1363.07451125355,-1332.78694068217,6450.47550026826,1.00010759605824,"log_lik_sum",1,TRUE,300
