"mean","lower","upper","ESS","Rhat","var","ivar","converged","ess.thres"
10.3088577560393,8.22609376011801,13.3290883599009,6953.58261211518,0.999636200525964,"rmse",1,TRUE,300
-1357.48015318289,-1374.01176456254,-1343.33470067372,6276.22179836096,1.00056263950015,"log_lik_sum",1,TRUE,300
