"mean","lower","upper","ESS","Rhat","var","ivar","converged","ess.thres"
15.8738190963235,12.9015442461713,20.056227644271,7009.35301022672,0.999970252858145,"rmse",1,TRUE,300
-1338.2882719647,-1354.37593717455,-1324.62107164731,6189.31881282353,1.00001687323094,"log_lik_sum",1,TRUE,300
