"mean","lower","mid","upper","ESS","Rhat","var","ivar","converged","ess.thres"
21.9640878462075,20.6001736892961,21.8228075816602,24.1952815698734,6157.03668600651,1.00005402283501,"rmse",1,TRUE,300
-1441.71351761225,-1452.85345563161,-1441.43200056637,-1432.10210179858,6072.4268803893,0.999987642212507,"log_lik_sum",1,TRUE,300
