"mean","lower","mid","upper","ESS","Rhat","var","ivar","converged","ess.thres"
84.4801183025273,79.6379425654643,84.0292891399467,92.2337722987757,7307.61104421691,0.999716658497069,"rmse",1,TRUE,300
-1912.24216745027,-1924.49874782147,-1911.9189785283,-1902.06469112748,6877.90769462112,0.99965285975868,"log_lik_sum",1,TRUE,300
