"mean","lower","mid","upper","ESS","Rhat","var","ivar","converged","ess.thres"
33.4738112198187,32.0510605533676,33.3749574092114,35.4691120597017,4491.55799446284,1.00049430169963,"rmse",1,TRUE,300
-1756.54668194663,-1768.19373189702,-1756.21905669768,-1746.514290061,3236.69245825252,1.00022871635655,"log_lik_sum",1,TRUE,300
