"mean","lower","mid","upper","ESS","Rhat","var","ivar","converged","ess.thres"
76.7731155883803,73.732563906674,76.4811586579638,81.5034351756667,3237,1.0000710707604,"rmse",1,TRUE,300
-2155.96997385863,-2170.54838372101,-2155.87466144722,-2142.49998630822,3352,0.999834093787243,"log_lik_sum",1,TRUE,300
