"mean","lower","mid","upper","ESS","Rhat","var","ivar","converged","ess.thres"
38.9902060262918,36.905195165053,38.7511258160666,42.4318320541258,7227.77768115276,1.00013013497381,"rmse",1,TRUE,300
-1960.41606507736,-1972.04675358967,-1960.10604383358,-1950.65045415705,5894.43464490677,0.999744978593296,"log_lik_sum",1,TRUE,300
