"mean","lower","mid","upper","ESS","Rhat","var","ivar","converged","ess.thres"
63.8323940884005,56.2984652158569,62.4755858880835,79.0794808694698,5680.84057302122,1.00031444427341,"rmse",1,TRUE,300
-1912.21088795598,-1923.74023257497,-1911.82709573886,-1902.78327648787,6801.01365603833,1.00004538467264,"log_lik_sum",1,TRUE,300
