"mean","lower","mid","upper","ESS","Rhat","var","ivar","converged","ess.thres"
23.3035827653396,19.0784170906474,22.5674750088906,32.0352924450244,6440.94044238434,0.999685252449156,"rmse",1,TRUE,300
-1456.80660567654,-1468.11685516914,-1456.54357603962,-1447.04373707751,4219.65596535853,1.00053478590002,"log_lik_sum",1,TRUE,300
