"mean","lower","mid","upper","ESS","Rhat","var","ivar","converged","ess.thres"
8.71911957208755,8.21693554117979,8.63215016724735,9.68950750225311,7313.55582919778,0.999995395998193,"rmse",1,TRUE,300
-1120.69899226539,-1132.21105989373,-1120.41709489678,-1110.68850346364,6479.19518931869,0.999707967003563,"log_lik_sum",1,TRUE,300
