"mean","lower","mid","upper","ESS","Rhat","var","ivar","converged","ess.thres"
16.50847701423,15.5961525351645,16.3582793086772,18.3214584649585,6531.10480474003,1.00019941711362,"rmse",1,TRUE,300
-1286.47190437643,-1298.37452369867,-1286.05516155757,-1276.67540149324,5086.53211308235,0.999964492544309,"log_lik_sum",1,TRUE,300
