"mean","lower","mid","upper","ESS","Rhat","var","ivar","converged","ess.thres"
162.121943478475,153.35674048732,161.413842536049,174.994991086107,7152.62653640313,0.999806926550519,"rmse",1,TRUE,300
-2425.09836989783,-2437.53634735477,-2424.82658257158,-2414.47249710926,7211.60775450766,0.999907842452611,"log_lik_sum",1,TRUE,300
