"mean","lower","mid","upper","ESS","Rhat","var","ivar","converged","ess.thres"
47.8906041088214,44.4977591953152,47.4756261271474,53.5531124489771,7331.99459211107,1.00002612289687,"rmse",1,TRUE,300
-2016.88445841736,-2029.34758137463,-2016.55763675572,-2006.34271306565,5423.41745348785,1.00060319181219,"log_lik_sum",1,TRUE,300
