"mean","lower","mid","upper","ESS","Rhat","var","ivar","converged","ess.thres"
67.5756144708438,63.352726072792,67.2568394002358,73.6588501486578,6948.6471204428,1.00001487092159,"rmse",1,TRUE,300
-1878.70179644761,-1891.16085284743,-1878.34770851674,-1868.63685732694,6718.6979430336,0.999718495707741,"log_lik_sum",1,TRUE,300
