"mean","lower","mid","upper","ESS","Rhat","var","ivar","converged","ess.thres"
26.3442770583676,23.6328349548849,26.1074837955531,30.6858193767851,3304.74429646085,1.00098644760026,"rmse",1,TRUE,300
-1501.99461201783,-1513.08760215682,-1501.68927607857,-1492.49526891104,3546.06300690494,1.00005496200462,"log_lik_sum",1,TRUE,300
