"mean","lower","mid","upper","ESS","Rhat","var","ivar","converged","ess.thres"
59.7267397385672,54.7096669425457,59.5072943076711,65.7214788476428,2142.50750588729,1.00007226405353,"rmse",1,TRUE,300
-1797.41795354312,-1810.8313864101,-1797.13543884846,-1785.55846718355,2392.83106349615,0.999865281412269,"log_lik_sum",1,TRUE,300
