"mean","lower","mid","upper","ESS","Rhat","var","ivar","converged","ess.thres"
40.5103531505841,38.6071546895102,40.2737180392535,43.8561804413155,6993.26205304398,0.999934809446334,"rmse",1,TRUE,300
-2005.78343062432,-2018.89176119388,-2005.52700928802,-1994.29832369162,5844.56887374618,0.999996146489536,"log_lik_sum",1,TRUE,300
