"mean","lower","mid","upper","ESS","Rhat","var","ivar","converged","ess.thres"
34.4321101383702,33.0338554632648,34.3136942745157,36.5390717278031,6407.87034130072,0.999953561576735,"rmse",1,TRUE,300
-1769.74092611108,-1781.67727181501,-1769.45082433091,-1759.21319487904,6167.13951646441,0.99998141133254,"log_lik_sum",1,TRUE,300
