"mean","lower","mid","upper","ESS","Rhat","var","ivar","converged","ess.thres"
32.7585397465478,30.5296864647684,32.4283523261867,36.9738420579894,6540.74532434921,1.0001692349171,"rmse",1,TRUE,300
-1738.61858161187,-1751.91142919598,-1738.37229727204,-1726.71117652178,6462.13881093161,1.00037354983133,"log_lik_sum",1,TRUE,300
