"mean","lower","mid","upper","ESS","Rhat","var","ivar","converged","ess.thres"
17.7482003316519,17.0449881024723,17.6321815061662,19.1253110028933,5182.02028684368,1.0003346384645,"rmse",1,TRUE,300
-1535.99085685952,-1549.58056322939,-1535.54964214876,-1525.03259699259,1305.70650692558,1.00107508566657,"log_lik_sum",1,TRUE,300
