"mean","lower","mid","upper","ESS","Rhat","var","ivar","converged","ess.thres"
50.128629346239,43.2377253157877,50.1962419402888,56.8235820367135,7103.98061496466,0.999956453037503,"rmse",1,TRUE,300
-1712.48088496526,-1729.82909201963,-1712.39323106852,-1695.91681276851,6539.14032373532,1.00054403720505,"log_lik_sum",1,TRUE,300
