"mean","lower","mid","upper","ESS","Rhat","var","ivar","converged","ess.thres"
34.2549468100198,32.8261048153594,34.1428461263797,36.3818615817983,5383.24469082486,0.999697162695991,"rmse",1,TRUE,300
-1677.43833628456,-1689.95674621861,-1677.21639351343,-1666.53424823196,2892.76119958128,0.999691430302964,"log_lik_sum",1,TRUE,300
