"mean","lower","mid","upper","ESS","Rhat","var","ivar","converged","ess.thres"
52.4437048970201,50.6344591940561,52.2922112724292,55.081318559469,6789.20425606282,0.999800961678937,"rmse",1,TRUE,300
-1739.17834047751,-1752.24541262506,-1738.90027961299,-1727.47771272349,5841.47878180908,1.00044968855859,"log_lik_sum",1,TRUE,300
