"mean","lower","mid","upper","ESS","Rhat","var","ivar","converged","ess.thres"
36.6645644496809,34.940019502837,36.5226119223184,39.2817006582998,6426.11909903515,0.999835058604124,"rmse",1,TRUE,300
-1806.07065244585,-1819.1947518347,-1805.77699472093,-1794.95376729313,3986.45295720821,0.999862503798707,"log_lik_sum",1,TRUE,300
