"mean","lower","mid","upper","ESS","Rhat","var","ivar","converged","ess.thres"
42.5008362956661,39.769482318691,42.3047361861011,46.4239388673112,6984.90628487533,0.999974008508057,"rmse",1,TRUE,300
-1859.83555962997,-1871.78962859974,-1859.54346823937,-1849.39921421963,5856.3357559698,1.00010718421733,"log_lik_sum",1,TRUE,300
