"mean","lower","mid","upper","ESS","Rhat","var","ivar","converged","ess.thres"
28.522663144837,27.3120172677395,28.3726749978629,30.5811871644624,6942.66116511973,0.999929618460281,"rmse",1,TRUE,300
-1667.75791259185,-1679.58207728985,-1667.43663013122,-1657.39195989278,6785.40490049921,0.999660897453792,"log_lik_sum",1,TRUE,300
