"mean","lower","mid","upper","ESS","Rhat","var","ivar","converged","ess.thres"
52.7542938059278,49.5610418071453,52.3765143871077,58.0826462468903,3426,1.00104687225426,"rmse",1,TRUE,300
-2012.78248648229,-2024.7537382368,-2012.40654832677,-2002.40301377642,3344,1.00000082521974,"log_lik_sum",1,TRUE,300
