"mean","lower","mid","upper","ESS","Rhat","var","ivar","converged","ess.thres"
83.2141948676985,75.4990365339221,83.3133020948282,91.2581571645945,5809.74688945499,0.99987591704356,"rmse",1,TRUE,300
-1683.49666058483,-1695.5594339869,-1683.19389682082,-1673.24612339406,5363.69816695722,1.00005813666776,"log_lik_sum",1,TRUE,300
