"mean","lower","mid","upper","ESS","Rhat","var","ivar","converged","ess.thres"
23.7287457242735,21.8051538522301,23.559299243183,26.6099489469216,5429.94381027301,0.999961749002121,"rmse",1,TRUE,300
-1756.92460372952,-1770.31994070319,-1756.7736950516,-1744.71673623827,3736.92612304406,1.00072188705322,"log_lik_sum",1,TRUE,300
