"mean","lower","mid","upper","ESS","Rhat","var","ivar","converged","ess.thres"
40.4838099711766,37.9842326211689,40.3443880156272,43.747872712523,6692.46686166397,0.999746650974764,"rmse",1,TRUE,300
-2010.85193432345,-2023.51466833865,-2010.67073493082,-1999.54975723832,6669.5147721,1.00037745386994,"log_lik_sum",1,TRUE,300
