"mean","lower","mid","upper","ESS","Rhat","var","ivar","converged","ess.thres"
21.3920195679014,20.1064434374542,21.273516918321,23.288405457155,5594.5738678105,1.00001523048812,"rmse",1,TRUE,300
-1261.17665570111,-1272.29294185889,-1260.93275826104,-1251.45850950218,3348.3377754528,1.00041888378038,"log_lik_sum",1,TRUE,300
