"mean","lower","mid","upper","ESS","Rhat","var","ivar","converged","ess.thres"
9.81643263541851,8.9159056768281,9.61751603068448,11.9702425915396,6292.2245349388,1.00002649174326,"rmse",1,TRUE,300
-1152.18076284359,-1165.10673868636,-1151.76418681477,-1141.44530019286,2956.04654639055,1.00082874937501,"log_lik_sum",1,TRUE,300
