"mean","lower","mid","upper","ESS","Rhat","var","ivar","converged","ess.thres"
38.1189357648574,35.5406798339024,38.072382596868,40.9446179584541,6753.74399233595,0.99980825109072,"rmse",1,TRUE,300
-1614.57180230725,-1629.69593068935,-1614.35932745037,-1600.95589998778,6334.9311997549,0.999986818850883,"log_lik_sum",1,TRUE,300
