"mean","lower","mid","upper","ESS","Rhat","var","ivar","converged","ess.thres"
36.2823792887072,34.9511518644095,36.1177876890556,38.5573306784335,6645.78480550083,0.999815440962806,"rmse",1,TRUE,300
-1796.18204087199,-1808.68578063002,-1795.74712377001,-1785.86835604999,5695.60865643939,0.9997825128702,"log_lik_sum",1,TRUE,300
