"mean","lower","mid","upper","ESS","Rhat","var","ivar","converged","ess.thres"
67.3774374899496,63.6341178379195,67.0681817940594,72.8107170149042,6491.52871983389,1.00007781705486,"rmse",1,TRUE,300
-1952.08912182778,-1964.49184737066,-1951.79529793645,-1940.92023230658,5906.48855185837,1.00066096972328,"log_lik_sum",1,TRUE,300
