"mean","lower","mid","upper","ESS","Rhat","var","ivar","converged","ess.thres"
83.9934150582385,78.9982888732735,83.4338560239656,92.4121012457126,7306.60088406133,0.999735183377169,"rmse",1,TRUE,300
-2133.37246145749,-2146.734172262,-2133.19633348982,-2121.10575371215,6833.6104183149,1.00014342431755,"log_lik_sum",1,TRUE,300
