"mean","lower","mid","upper","ESS","Rhat","var","ivar","converged","ess.thres"
14.835177275805,14.0723853041151,14.79127958049,15.8852925413961,6736.68348220678,1.0000676057749,"rmse",1,TRUE,300
-1419.39070786944,-1431.61937905701,-1419.11424781575,-1409.0935910831,6791.57563835148,0.99968486690811,"log_lik_sum",1,TRUE,300
