"mean","lower","mid","upper","ESS","Rhat","var","ivar","converged","ess.thres"
96.8139913077116,89.6072087108988,95.7239068737328,111.320080947117,5506.30716485896,1.00012515806334,"rmse",1,TRUE,300
-2205.76938808162,-2217.49951644358,-2205.51550449553,-2195.42237164209,4871.75190948276,1.00055844456783,"log_lik_sum",1,TRUE,300
