"mean","lower","mid","upper","ESS","Rhat","var","ivar","converged","ess.thres"
152.912275774927,144.822929066861,152.13629412649,165.416268540091,6790.15599065146,0.999841851697304,"rmse",1,TRUE,300
-2143.98766918021,-2155.82912229275,-2143.66423271978,-2133.8689535472,6083.11873768415,1.00009291887437,"log_lik_sum",1,TRUE,300
