"mean","lower","mid","upper","ESS","Rhat","var","ivar","converged","ess.thres"
33.7136497341224,31.3093545025682,33.5971013054517,36.911913813637,5881.08084008441,0.999640668621536,"rmse",1,TRUE,300
-1515.98445275766,-1527.95908553344,-1515.69144538118,-1505.75475711843,5435.39599394033,1.00048638173796,"log_lik_sum",1,TRUE,300
