"mean","lower","mid","upper","ESS","Rhat","var","ivar","converged","ess.thres"
32.3086870875304,27.5522142768855,31.5153366293258,41.7728307489662,6498.03998094957,1.00006550587536,"rmse",1,TRUE,300
-1475.72642181187,-1487.48696659651,-1475.42849885513,-1465.4412839809,6722.0948840031,1.00000926018296,"log_lik_sum",1,TRUE,300
