"mean","lower","upper","ESS","Rhat","var","ivar","converged","ess.thres"
40.3328488127397,33.0573978856926,50.4367371560283,6975.99221370834,1.00006601052877,"rmse",1,TRUE,300
-1964.6546342144,-1982.87148898917,-1947.4395973686,5605.75023614075,1.00003817664462,"log_lik_sum",1,TRUE,300
