"mean","lower","upper","ESS","Rhat","var","ivar","converged","ess.thres"
11.7169087755023,10.2002497052499,13.6525162101314,6636.8545961216,0.999719390651987,"rmse",1,TRUE,300
-1613.37959777934,-1629.65099649111,-1598.76561262758,6799.01749006413,0.999723383649582,"log_lik_sum",1,TRUE,300
