"mean","lower","upper","ESS","Rhat","var","ivar","converged","ess.thres"
29.7893687940211,23.2849401881586,38.1322212154071,6956.55318857513,0.999944432772322,"rmse",1,TRUE,300
-1690.85693248712,-1707.43111944411,-1675.50163964649,6640.83423224391,1.00054933389633,"log_lik_sum",1,TRUE,300
