"mean","lower","upper","ESS","Rhat","var","ivar","converged","ess.thres"
9.3119584902023,7.77082552556447,11.7563271701319,6439.25184323206,0.999980111439403,"rmse",1,TRUE,300
-1270.32580747561,-1285.48856719957,-1257.00149871773,6424.16691837653,1.0001038206901,"log_lik_sum",1,TRUE,300
