"mean","lower","upper","ESS","Rhat","var","ivar","converged","ess.thres"
11.7017562191065,9.9766522486885,13.9963521135407,6918.6959031473,1.00009258970157,"rmse",1,TRUE,300
-1511.0198364146,-1526.32553637069,-1497.63224145181,6355.00629056422,0.999844709566311,"log_lik_sum",1,TRUE,300
