"mean","lower","upper","ESS","Rhat","var","ivar","converged","ess.thres"
21.3382995974303,17.8599543509641,25.6184079328482,6621.83254472755,0.999789901035129,"rmse",1,TRUE,300
-1623.94835396947,-1639.77510469217,-1609.5154981677,5872.10971268544,1.00019090215604,"log_lik_sum",1,TRUE,300
