"mean","lower","upper","ESS","Rhat","var","ivar","converged","ess.thres"
22.0007025479368,18.9745391601226,26.7878746118592,6759.6938287751,1.00060875239554,"rmse",1,TRUE,300
-1806.01670996841,-1822.00390875469,-1791.61861632584,6141.2971947499,0.999885469061503,"log_lik_sum",1,TRUE,300
