"mean","lower","upper","ESS","Rhat","var","ivar","converged","ess.thres"
10.7577495031807,9.17060250380892,12.9397927725071,6860.5490224987,1.00066487903469,"rmse",1,TRUE,300
-1295.66198654003,-1311.32917971504,-1281.94396685851,5683.07676067885,1.00013353133106,"log_lik_sum",1,TRUE,300
