"mean","lower","upper","ESS","Rhat","var","ivar","converged","ess.thres"
20.6832240651177,17.2440918344462,25.2208167797065,5968.05215655343,0.999962459274676,"rmse",1,TRUE,300
-1546.51548737609,-1562.77220783263,-1531.89933918422,4052.63515199529,1.00075519987425,"log_lik_sum",1,TRUE,300
