"mean","lower","upper","ESS","Rhat","var","ivar","converged","ess.thres"
13.1103350322763,11.63785193524,15.1558716991649,7022.09272402747,1.0002411971671,"rmse",1,TRUE,300
-1622.44359737915,-1637.70412774376,-1608.83777680837,6603.55561523287,0.99975433089539,"log_lik_sum",1,TRUE,300
