"mean","lower","upper","ESS","Rhat","var","ivar","converged","ess.thres"
71.384054218027,55.1766820463662,97.2829809082545,6408.88713768326,0.999808895184325,"rmse",1,TRUE,300
-1909.0743034557,-1926.22107681271,-1893.42429373365,5992.33673212214,1.00008165437841,"log_lik_sum",1,TRUE,300
