"mean","lower","upper","ESS","Rhat","var","ivar","converged","ess.thres"
13.6209034099927,11.8119079435793,16.1397322077017,6706.83551886388,0.999839984170287,"rmse",1,TRUE,300
-1629.29708780451,-1644.65285109925,-1616.16808720207,6068.7443167746,0.99981484678438,"log_lik_sum",1,TRUE,300
