"mean","lower","upper","ESS","Rhat","var","ivar","converged","ess.thres"
8.73448245550653,7.37016866737228,10.6937220295188,6398.14467122182,1.00018721767518,"rmse",1,TRUE,300
-1169.47640012915,-1185.52749416246,-1155.84299082434,6189.42047921955,0.999853642368612,"log_lik_sum",1,TRUE,300
