"mean","lower","upper","ESS","Rhat","var","ivar","converged","ess.thres"
30.3300606514772,23.998040409165,39.5689383745632,7223.84157944394,1.0008120255718,"rmse",1,TRUE,300
-1622.49427561182,-1638.3731907335,-1608.77022144872,6162.0215737805,0.999961421689373,"log_lik_sum",1,TRUE,300
