"mean","lower","upper","ESS","Rhat","var","ivar","converged","ess.thres"
30.1749679684035,21.8875514815425,42.6100108395899,6937.16995189016,0.999901750903946,"rmse",1,TRUE,300
-1478.22027663421,-1494.06928759212,-1465.0900946115,5707.37772168195,1.00024388755565,"log_lik_sum",1,TRUE,300
