"mean","lower","upper","ESS","Rhat","var","ivar","converged","ess.thres"
21.0088204759367,17.5131266504501,25.7428085766366,7175.69152603292,0.999824530995732,"rmse",1,TRUE,300
-1638.08885901802,-1652.97767321393,-1625.17411349664,6093.62667631517,1.00024109212819,"log_lik_sum",1,TRUE,300
