"mean","lower","upper","ESS","Rhat","var","ivar","converged","ess.thres"
3.49801972206635,3.15132928651245,3.98180892627584,7400.03773058206,0.999816916696024,"rmse",1,TRUE,300
-903.931461954165,-917.946573414577,-891.405713356192,6384.34695220907,0.999741473851459,"log_lik_sum",1,TRUE,300
