"mean","lower","upper","ESS","Rhat","var","ivar","converged","ess.thres"
45.3204506232381,36.7415252905356,57.3732174145016,7007.19530188493,0.999983608462015,"rmse",1,TRUE,300
-2051.73548046418,-2068.23247575069,-2036.85925251177,5637.51117068831,1.00044674534125,"log_lik_sum",1,TRUE,300
