"mean","lower","upper","ESS","Rhat","var","ivar","converged","ess.thres"
7.22773369490926,6.20591100868512,8.76307571067207,6700.0524264721,0.999674680162795,"rmse",1,TRUE,300
-1115.38312705191,-1130.19497624272,-1102.14055860786,6601.90317657173,0.999868252283493,"log_lik_sum",1,TRUE,300
