"mean","lower","upper","ESS","Rhat","var","ivar","converged","ess.thres"
29.2190292022969,24.9675677191411,34.6656349949761,6974.01771603125,0.999793797521089,"rmse",1,TRUE,300
-1824.22467851606,-1840.07022441977,-1810.44479436441,6491.20043623373,0.999648352558163,"log_lik_sum",1,TRUE,300
