"mean","lower","upper","ESS","Rhat","var","ivar","converged","ess.thres"
9.10576528092704,7.59776748914658,11.2330024079278,4845.33652345588,0.999962132092219,"rmse",1,TRUE,300
-1221.15707877969,-1236.78049977612,-1207.47911746691,4058.7948301584,0.999798027441754,"log_lik_sum",1,TRUE,300
