"mean","lower","upper","ESS","Rhat","var","ivar","converged","ess.thres"
10.1668885088115,8.70996257341533,12.1854410161338,7079.99903548975,0.999943389340135,"rmse",1,TRUE,300
-1479.92449056803,-1495.62119639096,-1466.35193707453,6216.49859927517,1.00047892962879,"log_lik_sum",1,TRUE,300
