"mean","lower","upper","ESS","Rhat","var","ivar","converged","ess.thres"
18.6853236668635,14.8823615165579,25.0318745807805,7151.47374081789,0.999646326703641,"rmse",1,TRUE,300
-1523.50671243411,-1538.7308944118,-1509.97001486316,6356.12671180996,1.00008626428435,"log_lik_sum",1,TRUE,300
