"mean","lower","upper","ESS","Rhat","var","ivar","converged","ess.thres"
17.839332582777,15.8575172742742,20.6744770299711,7088.40085880681,1.00006645244062,"rmse",1,TRUE,300
-1786.96067158126,-1802.38865860549,-1773.03231470265,6551.86321773492,0.999859705102282,"log_lik_sum",1,TRUE,300
