"mean","lower","upper","ESS","Rhat","var","ivar","converged","ess.thres"
11.527304967829,9.79672759999601,13.8081845025648,6659.31737870944,1.00057086196974,"rmse",1,TRUE,300
-1543.12345463557,-1559.31801833443,-1528.8865238232,6210.50396238534,0.999849911529613,"log_lik_sum",1,TRUE,300
