"mean","lower","upper","ESS","Rhat","var","ivar","converged","ess.thres"
12.3112097480182,10.6802732197335,14.8289402626229,6474.70165101329,0.999674960818435,"rmse",1,TRUE,300
-1460.72347196943,-1475.443307291,-1448.27009505344,6195.50461945398,0.999704308319116,"log_lik_sum",1,TRUE,300
