"mean","lower","upper","ESS","Rhat","var","ivar","converged","ess.thres"
7.18050699832841,6.1886941403641,8.89262295316405,6507.12563928535,1.00021476996062,"rmse",1,TRUE,300
-1318.56302090265,-1333.45995176434,-1305.48884258021,6429.83499631476,0.999879026422629,"log_lik_sum",1,TRUE,300
