"mean","lower","upper","ESS","Rhat","var","ivar","converged","ess.thres"
15.1651599028849,12.1591804981711,19.8008575392334,6793.82383229863,0.999667898216887,"rmse",1,TRUE,300
-1406.28306556071,-1422.21481071149,-1392.3013844748,6751.40163281405,0.999947337579231,"log_lik_sum",1,TRUE,300
