"mean","lower","upper","ESS","Rhat","var","ivar","converged","ess.thres"
31.4281639325869,25.6561547490839,38.7960253286349,6660.6741146504,1.00011453429039,"rmse",1,TRUE,300
-1719.02572004908,-1734.2526462113,-1705.95377235328,5718.72989842946,0.999962381782704,"log_lik_sum",1,TRUE,300
