"mean","lower","upper","ESS","Rhat","var","ivar","converged","ess.thres"
19.1905962623812,15.5183010120307,24.3501649117715,6358.92253780383,0.999897635141335,"rmse",1,TRUE,300
-1526.41305434933,-1542.55087302209,-1512.77516742205,6741.89708086773,0.999733761230331,"log_lik_sum",1,TRUE,300
