"mean","lower","upper","ESS","Rhat","var","ivar","converged","ess.thres"
13.9324336272995,10.1244699144957,20.0381162388414,6724.10919591256,1.00037149603461,"rmse",1,TRUE,300
-1212.30245844166,-1228.73741016068,-1197.76431138994,6654.0988655428,0.999884676295113,"log_lik_sum",1,TRUE,300
