"mean","lower","upper","ESS","Rhat","var","ivar","converged","ess.thres"
14.9978940487969,13.1601214864124,17.3874514864229,7057.33500724398,0.999742728996689,"rmse",1,TRUE,300
-1605.86261491825,-1621.46255630574,-1592.29390067581,6634.92615743865,0.999838289842806,"log_lik_sum",1,TRUE,300
