"mean","lower","upper","ESS","Rhat","var","ivar","converged","ess.thres"
5.67891085864359,5.1239023006992,6.46599254343391,6826.48742743631,0.999843109391347,"rmse",1,TRUE,300
-1303.5869677812,-1319.07528675208,-1290.26790497482,6687.25455838354,0.99985177385322,"log_lik_sum",1,TRUE,300
