"mean","lower","upper","ESS","Rhat","var","ivar","converged","ess.thres"
8.73419106085307,7.80963272407096,9.99696142208035,7012.15149223409,0.999956117046488,"rmse",1,TRUE,300
-1423.95653495151,-1439.40898210095,-1410.17318145943,6762.73515671725,1.00019349058395,"log_lik_sum",1,TRUE,300
