"mean","lower","upper","ESS","Rhat","var","ivar","converged","ess.thres"
3.23726822546855,2.90132559301691,3.78170876817819,7097.95492624171,0.999840661418455,"rmse",1,TRUE,300
-962.292257392372,-977.451390082005,-948.947287689743,6628.78740697884,1.00003032928288,"log_lik_sum",1,TRUE,300
