"mean","lower","upper","ESS","Rhat","var","ivar","converged","ess.thres"
21.0287629937735,17.9345223747765,25.5939249942598,6261.48628029048,0.99971732470221,"rmse",1,TRUE,300
-1754.05097043786,-1769.98252341951,-1739.68266224187,6302.51318468983,0.999805265388965,"log_lik_sum",1,TRUE,300
