"mean","lower","upper","ESS","Rhat","var","ivar","converged","ess.thres"
16.1564784505786,14.2067903936786,18.6184022713015,6829.32788630651,0.999894445126992,"rmse",1,TRUE,300
-1674.66435201165,-1691.0532275603,-1659.96606836225,5821.43003483569,1.00120158362646,"log_lik_sum",1,TRUE,300
