"mean","lower","upper","ESS","Rhat","var","ivar","converged","ess.thres"
46.4752487600095,36.6288211111398,59.2488572694164,6832.13952192963,0.999706541250752,"rmse",1,TRUE,300
-1771.64547042971,-1788.75761406765,-1756.8235276171,6469.2598810454,0.99991104915196,"log_lik_sum",1,TRUE,300
