"mean","lower","upper","ESS","Rhat","var","ivar","converged","ess.thres"
26.4423387827481,20.5015444809955,34.1398241760506,6775.83158398541,1.00025888091222,"rmse",1,TRUE,300
-1433.62688972157,-1450.86327057428,-1418.66617166736,6595.51399835794,0.999827995757975,"log_lik_sum",1,TRUE,300
