"mean","lower","upper","ESS","Rhat","var","ivar","converged","ess.thres"
21.1378220487838,18.26972074666,24.8981977069138,6896.12927418101,0.999743998103637,"rmse",1,TRUE,300
-1825.24796999147,-1841.13963658404,-1811.37473343936,6198.2247869601,0.999649260410256,"log_lik_sum",1,TRUE,300
