"mean","lower","upper","ESS","Rhat","var","ivar","converged","ess.thres"
11.5880418745591,9.66441740621216,14.4478066760099,6786.33216473629,1.00138388765676,"rmse",1,TRUE,300
-1490.194044062,-1505.33775361031,-1476.59786672757,5867.9570047265,1.00009618754653,"log_lik_sum",1,TRUE,300
