"mean","lower","upper","ESS","Rhat","var","ivar","converged","ess.thres"
13.4330759518069,11.5477897685434,15.7516155152961,6863.17891823815,0.99984511799771,"rmse",1,TRUE,300
-1491.58194469849,-1507.67972507732,-1476.93258331889,6719.26956362308,1.00033569011413,"log_lik_sum",1,TRUE,300
