"mean","lower","upper","ESS","Rhat","var","ivar","converged","ess.thres"
6.36439915959978,4.68416216152286,9.5895133051452,6764.27257669543,0.99967476337074,"rmse",1,TRUE,300
-1003.6638735664,-1019.68606381468,-989.457083626036,6592.19829108827,0.999849132248963,"log_lik_sum",1,TRUE,300
