"mean","lower","upper","ESS","Rhat","var","ivar","converged","ess.thres"
22.5963236342754,19.2864929086187,27.5059108820304,6573.72123505372,1.00039053829643,"rmse",1,TRUE,300
-1725.75236948264,-1743.79399874531,-1710.16924155771,6115.125945816,1.00022366535937,"log_lik_sum",1,TRUE,300
