"mean","lower","upper","ESS","Rhat","var","ivar","converged","ess.thres"
12.452328056359,10.7293187482214,14.6884493828381,7007.91600699045,0.999868124755576,"rmse",1,TRUE,300
-1363.17100483236,-1378.79777734694,-1349.55122177904,6833.93404727158,0.999788150731948,"log_lik_sum",1,TRUE,300
