"mean","lower","upper","ESS","Rhat","var","ivar","converged","ess.thres"
13.9062814356874,12.1828352122889,16.0843290209248,6817.83485233947,1.00009906919842,"rmse",1,TRUE,300
-1609.21570670577,-1623.89421037259,-1596.51023646216,6409.84128778778,1.00067586028978,"log_lik_sum",1,TRUE,300
