"mean","lower","upper","ESS","Rhat","var","ivar","converged","ess.thres"
20.3863007987792,16.7489444627315,25.9108477746022,7173.63982162289,1.00044169686961,"rmse",1,TRUE,300
-1652.5421174498,-1668.33343479281,-1638.80207109549,6654.61274863528,0.999851029088342,"log_lik_sum",1,TRUE,300
