"mean","lower","upper","ESS","Rhat","var","ivar","converged","ess.thres"
15.2020764538334,13.2703551190043,18.3681782593358,7054.47526587668,0.999773634452123,"rmse",1,TRUE,300
-1648.64095642486,-1663.89619278199,-1635.39985843463,6462.52482401214,1.00017237639801,"log_lik_sum",1,TRUE,300
