"mean","lower","upper","ESS","Rhat","var","ivar","converged","ess.thres"
10.0605019621287,8.34740665342353,12.6512692484687,7190.00113457015,0.99969539116154,"rmse",1,TRUE,300
-1275.52330868206,-1290.95285854354,-1261.77536400107,6438.07510055477,0.999715859307337,"log_lik_sum",1,TRUE,300
