"mean","lower","upper","ESS","Rhat","var","ivar","converged","ess.thres"
13.0915468613368,10.7275471964551,16.4677349985037,6860.10288800993,1.00016026940877,"rmse",1,TRUE,300
-1320.16228950242,-1335.73699911518,-1306.0249616661,6568.26828371628,0.999792404147349,"log_lik_sum",1,TRUE,300
