"mean","lower","upper","ESS","Rhat","var","ivar","converged","ess.thres"
12.2912589669785,9.42490309831608,16.6136564218965,6754.07085252763,0.999938171163722,"rmse",1,TRUE,300
-1337.61684471814,-1352.26368287347,-1324.99637210635,6366.10770874482,0.999864112208434,"log_lik_sum",1,TRUE,300
