"mean","lower","upper","ESS","Rhat","var","ivar","converged","ess.thres"
15.6859395567551,12.1450127584327,20.6453258270885,6938.94939854744,0.999831310896279,"rmse",1,TRUE,300
-1304.82659193283,-1322.49436289467,-1288.57635778741,6416.60391062813,0.999831317722445,"log_lik_sum",1,TRUE,300
