"mean","lower","mid","upper","ESS","Rhat","var","ivar","converged","ess.thres"
44.2876542184191,41.680074205449,43.9450948101469,48.9711510788731,6609.52099300608,1.00002311671149,"rmse",1,TRUE,300
-1952.57108786918,-1963.4905690818,-1952.25297063843,-1943.78956914369,6767.05804717434,0.999646474013609,"log_lik_sum",1,TRUE,300
