"mean","lower","mid","upper","ESS","Rhat","var","ivar","converged","ess.thres"
90.8761404705426,86.6159070020947,90.3634974774025,98.0105769798943,5618.73352721217,1.00030655976697,"rmse",1,TRUE,300
-2211.89125380696,-2230.54697426129,-2211.20527806676,-2196.89218454728,5005.94382846983,0.99990276013389,"log_lik_sum",1,TRUE,300
