"mean","lower","mid","upper","ESS","Rhat","var","ivar","converged","ess.thres"
73.4270049638593,67.0980462723649,72.2377695837871,85.8897970828763,5085.21292109664,0.999956962347433,"rmse",1,TRUE,300
-1807.29054884443,-1817.95259691763,-1807.02715660327,-1798.02430516366,5497.2397608955,1.00008908333428,"log_lik_sum",1,TRUE,300
