"mean","lower","mid","upper","ESS","Rhat","var","ivar","converged","ess.thres"
59.8147442406629,56.6819102937122,59.4979208110314,64.5648991677989,4709.2344387274,0.999893436043803,"rmse",1,TRUE,300
-1844.17930679821,-1856.84120651679,-1843.96971950886,-1832.3526556336,4247.08981689647,1.00020313542411,"log_lik_sum",1,TRUE,300
