"mean","lower","mid","upper","ESS","Rhat","var","ivar","converged","ess.thres"
48.8099338938242,44.8040547865861,48.290344393594,55.6216020584451,6685.6082775803,0.999993708019457,"rmse",1,TRUE,300
-2043.45481938897,-2055.2051515192,-2043.08205691283,-2033.81099147122,5902.36227433778,0.999666901337395,"log_lik_sum",1,TRUE,300
