"mean","lower","mid","upper","ESS","Rhat","var","ivar","converged","ess.thres"
23.8741050828094,20.4553443116914,23.2213158764308,31.0313206755722,6047.75324756879,0.999958952733259,"rmse",1,TRUE,300
-1494.99703178148,-1506.56837447495,-1494.69890958922,-1485.18037862794,4606.69043911368,0.999932381252148,"log_lik_sum",1,TRUE,300
