"mean","lower","mid","upper","ESS","Rhat","var","ivar","converged","ess.thres"
9.43100861305954,8.75443391609344,9.28693533673305,11.0132089638665,7015.4260056769,0.99996163301098,"rmse",1,TRUE,300
-1147.52763223168,-1158.26501329729,-1147.17192956161,-1138.27143895748,6367.15590431198,1.00007212029649,"log_lik_sum",1,TRUE,300
