"mean","lower","mid","upper","ESS","Rhat","var","ivar","converged","ess.thres"
82.1854414327258,74.4891096151624,80.7068414024616,97.9691085191121,6718.15867315599,1.00036202225168,"rmse",1,TRUE,300
-1797.0533748927,-1808.63924294384,-1796.77590574351,-1787.10332966221,6847.9818540263,0.999925692100831,"log_lik_sum",1,TRUE,300
