"mean","lower","mid","upper","ESS","Rhat","var","ivar","converged","ess.thres"
59.2815681726124,55.0846443984907,58.7819836364526,66.070306075223,6976.47225235643,0.999821678502843,"rmse",1,TRUE,300
-2123.09567069601,-2134.64844202598,-2123.05650924244,-2111.43248557908,6020.79527082135,0.999867612700017,"log_lik_sum",1,TRUE,300
