"mean","lower","mid","upper","ESS","Rhat","var","ivar","converged","ess.thres"
77.219112496146,73.5394986004031,76.8088032545915,83.6246239415218,6828.62595948605,1.00008720734119,"rmse",1,TRUE,300
-1962.30931373597,-1972.9672523345,-1961.93523588919,-1953.56163680085,6763.41268923405,1.00023881243861,"log_lik_sum",1,TRUE,300
