"mean","lower","mid","upper","ESS","Rhat","var","ivar","converged","ess.thres"
42.7011112516167,40.4740870789479,42.3921494380666,46.9201491938728,5493.57750258404,0.999888713505063,"rmse",1,TRUE,300
-1811.857564825,-1824.64824960482,-1811.35469908413,-1801.52187379053,4120.43910500426,1.00054223235748,"log_lik_sum",1,TRUE,300
