"mean","lower","mid","upper","ESS","Rhat","var","ivar","converged","ess.thres"
68.1857034290238,63.9050880959224,67.1971238887678,78.1152318802709,5731.04357023361,0.999761036024378,"rmse",1,TRUE,300
-1848.8849178904,-1859.60201589171,-1848.45895035967,-1839.59573639151,6150.52130065707,1.00006371688706,"log_lik_sum",1,TRUE,300
