"mean","lower","mid","upper","ESS","Rhat","var","ivar","converged","ess.thres"
51.9088672819729,49.1598383156538,51.7121032540778,55.821146476286,5654.78614124897,0.999657901923009,"rmse",1,TRUE,300
-2075.17186369304,-2087.13788495326,-2074.87479501381,-2064.70567954518,5440.8924316987,0.99991550124159,"log_lik_sum",1,TRUE,300
