"mean","lower","mid","upper","ESS","Rhat","var","ivar","converged","ess.thres"
77.5131090934392,60.9337809588146,73.3373627106765,115.930450037479,3182.60645143397,1.00012334065342,"rmse",1,TRUE,300
-1822.13551844127,-1835.62493530532,-1822.02425737477,-1809.62744644009,5968.48412281463,0.999710259109785,"log_lik_sum",1,TRUE,300
