"mean","lower","mid","upper","ESS","Rhat","var","ivar","converged","ess.thres"
37.4885024535415,35.0931307381127,37.1753688934085,41.8016116693691,5722.84344011149,0.999869287175918,"rmse",1,TRUE,300
-1725.95180775135,-1737.55017280534,-1725.74943342963,-1715.57189682882,5449.44537258811,1.00006970424086,"log_lik_sum",1,TRUE,300
