"mean","lower","mid","upper","ESS","Rhat","var","ivar","converged","ess.thres"
57.2715267642386,54.5759361011016,56.6023829882284,64.0872070664004,5657.07272885408,0.999793845300564,"rmse",1,TRUE,300
-1784.59582198361,-1796.31667877155,-1784.40066628699,-1774.74058209679,5165.08572865107,0.999981520983865,"log_lik_sum",1,TRUE,300
