"mean","lower","mid","upper","ESS","Rhat","var","ivar","converged","ess.thres"
38.5830958990786,36.4826431697994,38.3174970148152,42.2945962151639,5658.19991776851,0.999851414082243,"rmse",1,TRUE,300
-1853.10612288634,-1864.39221941688,-1852.79018298112,-1843.25881300749,5967.67268262901,0.999938190425079,"log_lik_sum",1,TRUE,300
