"mean","lower","mid","upper","ESS","Rhat","var","ivar","converged","ess.thres"
36.4876842650941,29.2440878457062,35.1065165903493,51.6599172739704,6367.86364769389,1.00003423572532,"rmse",1,TRUE,300
-1461.56487157458,-1473.06749794624,-1461.23413253703,-1451.86675238729,6563.67996047953,1.00032462445167,"log_lik_sum",1,TRUE,300
