"mean","lower","mid","upper","ESS","Rhat","var","ivar","converged","ess.thres"
47.2053521349174,44.4089865037415,46.974906239027,51.3074222128791,6195.60692339481,0.999895797307054,"rmse",1,TRUE,300
-1899.81763116922,-1912.24362041507,-1899.72870296458,-1888.08144747152,5644.47840850115,0.999725864306694,"log_lik_sum",1,TRUE,300
