"mean","lower","mid","upper","ESS","Rhat","var","ivar","converged","ess.thres"
34.1437914494713,32.0056784306904,33.8076021651543,38.3230851324071,7043.05273739255,0.999929214556558,"rmse",1,TRUE,300
-1710.81042442577,-1721.79636039366,-1710.57166593314,-1701.47134695278,6776.31917631695,0.999666691737747,"log_lik_sum",1,TRUE,300
