"mean","lower","mid","upper","ESS","Rhat","var","ivar","converged","ess.thres"
58.9334991837307,54.2769470933532,57.8926226041822,69.2581572956999,7012.06460523436,1.00003292857057,"rmse",1,TRUE,300
-2047.90888781121,-2059.52193300963,-2047.71930606056,-2037.35666701966,6845.49583224841,1.00015328978929,"log_lik_sum",1,TRUE,300
