"mean","lower","mid","upper","ESS","Rhat","var","ivar","converged","ess.thres"
55.8908604317839,52.1445954698143,55.3495396279768,62.7350131995455,6742.70284300104,0.999785753376451,"rmse",1,TRUE,300
-2014.90479022232,-2026.58677639385,-2014.54109370347,-2005.03880957282,6671.3879377366,0.999807221941966,"log_lik_sum",1,TRUE,300
