"mean","lower","mid","upper","ESS","Rhat","var","ivar","converged","ess.thres"
28.1800127763513,26.4084623898343,27.9832147908704,31.0302313521076,5670.05859745316,1.00023947614932,"rmse",1,TRUE,300
-1790.65019924292,-1801.12336856444,-1790.30630162124,-1781.93005689904,6598.8417193553,1.0003967884747,"log_lik_sum",1,TRUE,300
