"mean","lower","mid","upper","ESS","Rhat","var","ivar","converged","ess.thres"
22.3090432243092,20.7192523293082,21.8138958721007,26.7080155138563,6133.82385571438,0.999792118418245,"rmse",1,TRUE,300
-1298.1231240642,-1309.01649000317,-1297.80994052524,-1289.06502446392,5407.02165040436,1.00027638989944,"log_lik_sum",1,TRUE,300
