"mean","lower","mid","upper","ESS","Rhat","var","ivar","converged","ess.thres"
48.7009413647155,46.2631049934631,48.4989515746718,52.2917987310352,5989.65487746493,0.999812000747459,"rmse",1,TRUE,300
-2079.4613593925,-2090.52180173065,-2079.13233143281,-2070.31863296751,6223.44492787649,1.0000622784731,"log_lik_sum",1,TRUE,300
