"mean","lower","mid","upper","ESS","Rhat","var","ivar","converged","ess.thres"
11.2916816933531,10.0989689856989,11.207863323198,12.9654563954506,6372.70787544857,1.00004232625126,"rmse",1,TRUE,300
-1196.07986230675,-1207.46093652258,-1195.80642474671,-1186.60000091219,6183.81065909169,1.00044190992166,"log_lik_sum",1,TRUE,300
