"mean","lower","mid","upper","ESS","Rhat","var","ivar","converged","ess.thres"
21.869554525397,20.6835420478975,21.5266492017919,25.0176696799239,7113.74494856009,0.999838584173175,"rmse",1,TRUE,300
-1207.65172101104,-1218.50831146296,-1207.37620760507,-1198.60282846486,6794.33082707746,0.999940739192982,"log_lik_sum",1,TRUE,300
