"mean","lower","mid","upper","ESS","Rhat","var","ivar","converged","ess.thres"
144.136679702762,132.964390953945,142.186969005072,167.133800750428,2253.22922496175,1.00264671382499,"rmse",1,TRUE,300
-2476.82282906902,-2492.32665151307,-2476.5688227716,-2462.90646159222,2053.83055279058,1.00160351015374,"log_lik_sum",1,TRUE,300
