"mean","lower","mid","upper","ESS","Rhat","var","ivar","converged","ess.thres"
45.3452198323435,41.5601467555948,44.9991960376293,51.381997854698,6353.85578476026,0.999945634059548,"rmse",1,TRUE,300
-1667.98080456047,-1680.30277278427,-1667.8400560867,-1656.2370098055,6138.89026672612,1.00017822407246,"log_lik_sum",1,TRUE,300
