"mean","lower","mid","upper","ESS","Rhat","var","ivar","converged","ess.thres"
43.7209619635557,40.3065763352411,43.1873250161588,49.9366973836336,5986.61585587634,0.999797371369064,"rmse",1,TRUE,300
-1870.37523680946,-1881.51890313919,-1870.18084781528,-1860.23732034758,6502.65407607846,1.00035967536214,"log_lik_sum",1,TRUE,300
