"mean","lower","mid","upper","ESS","Rhat","var","ivar","converged","ess.thres"
91.2254387998783,85.2114951194093,90.7777217432362,99.8609933214675,5101.11471578959,0.999812783565937,"rmse",1,TRUE,300
-2016.15742724907,-2028.42172534414,-2015.90179444323,-2005.22047527594,5421.68569549174,1.00002042321399,"log_lik_sum",1,TRUE,300
