"mean","lower","mid","upper","ESS","Rhat","var","ivar","converged","ess.thres"
45.9630794895957,42.8117932924244,45.4744641917273,51.9856826650776,6315.85180440236,1.00056398271093,"rmse",1,TRUE,300
-1994.51235413004,-2004.9778754443,-1994.23422330718,-1985.42719698383,6372.752591564,0.999798451313779,"log_lik_sum",1,TRUE,300
