"mean","lower","mid","upper","ESS","Rhat","var","ivar","converged","ess.thres"
63.2549411035239,57.1251089967313,62.512484734387,74.0615319741892,5323.41571359222,1.00032056466494,"rmse",1,TRUE,300
-1952.35799422563,-1966.78287689208,-1952.53384803521,-1936.75873360174,4710.49867524688,0.999891420995185,"log_lik_sum",1,TRUE,300
