"mean","lower","mid","upper","ESS","Rhat","var","ivar","converged","ess.thres"
16.1159054753401,15.3293244584142,16.0477775937263,17.3646448081452,6784.2661869198,1.00001879500627,"rmse",1,TRUE,300
-1452.15480066208,-1463.12885362368,-1451.83261288931,-1442.7817783764,6355.06633733516,0.999902704183983,"log_lik_sum",1,TRUE,300
