"mean","lower","mid","upper","ESS","Rhat","var","ivar","converged","ess.thres"
45.1642739767465,37.085457345412,43.6121407325498,61.7409636652857,6936.22795833449,1.00048057775913,"rmse",1,TRUE,300
-1601.01990390254,-1613.70166417616,-1600.75793527183,-1589.69382053422,6199.17048178491,0.999945580660061,"log_lik_sum",1,TRUE,300
