"mean","lower","mid","upper","ESS","Rhat","var","ivar","converged","ess.thres"
40.1585952131669,34.1417458929941,39.3437170876626,50.9261250093001,4496.49046826103,1.00029926134965,"rmse",1,TRUE,300
-1535.87247695877,-1547.45724080525,-1535.55342990205,-1526.13891214743,5200.65600075161,1.00020682205586,"log_lik_sum",1,TRUE,300
