"mean","lower","mid","upper","ESS","Rhat","var","ivar","converged","ess.thres"
24.3083834428502,21.4890578909098,24.0473015628743,28.7117223449272,4840.36266426977,0.999789329511891,"rmse",1,TRUE,300
-1499.13242378434,-1509.62707971806,-1498.79580908085,-1490.35533198345,4487.04204092548,0.999680935808797,"log_lik_sum",1,TRUE,300
