"mean","lower","mid","upper","ESS","Rhat","var","ivar","converged","ess.thres"
56.9018774065623,49.3692555105062,56.2059090539601,68.5592985148148,6650.19815546204,1.0002438688251,"rmse",1,TRUE,300
-1999.83253043833,-2009.87025217068,-1999.54363075777,-1991.62970130425,6893.23406136362,0.999831882526732,"log_lik_sum",1,TRUE,300
