"mean","lower","mid","upper","ESS","Rhat","var","ivar","converged","ess.thres"
107.377073384958,98.446186676438,105.728974390533,125.581072957752,4045.12129056213,1.00031161604756,"rmse",1,TRUE,300
-2033.77257430815,-2046.54181706701,-2033.23429207954,-2023.43973428245,4010.4504759577,1.00006978806871,"log_lik_sum",1,TRUE,300
