"mean","lower","mid","upper","ESS","Rhat","var","ivar","converged","ess.thres"
110.47352695961,99.4624280099396,109.340861122708,128.377541044242,6920.15610346102,1.0000649570479,"rmse",1,TRUE,300
-2301.95718740249,-2311.49525365786,-2301.69339761733,-2294.31016246339,5755.75981116594,1.00012274960208,"log_lik_sum",1,TRUE,300
