"mean","lower","mid","upper","ESS","Rhat","var","ivar","converged","ess.thres"
51.1702629927016,46.2915537970839,50.5015722118581,59.73734578088,6024.52817073247,1.00060198665988,"rmse",1,TRUE,300
-2059.2109183007,-2070.79796751781,-2058.80514560842,-2050.06648418796,5808.18542208778,1.00011478443052,"log_lik_sum",1,TRUE,300
