"mean","lower","mid","upper","ESS","Rhat","var","ivar","converged","ess.thres"
405.665040958625,354.582042745341,403.521897835639,466.904226392515,7032.07888650608,0.999809100006559,"rmse",1,TRUE,300
-3071.16435585187,-3082.22083345787,-3071.06966801283,-3060.90379854504,6801.86920527724,1.00030886761173,"log_lik_sum",1,TRUE,300
