"mean","lower","mid","upper","ESS","Rhat","var","ivar","converged","ess.thres"
89.7198249357883,79.2904876011743,87.9682635076343,110.383018542353,6833.14117068362,0.999876372014843,"rmse",1,TRUE,300
-2004.72914293712,-2015.78782517804,-2004.30474667615,-1995.95339157299,6029.14764044821,1.00059898825769,"log_lik_sum",1,TRUE,300
