"mean","lower","mid","upper","ESS","Rhat","var","ivar","converged","ess.thres"
47.4441302004974,43.7839296573369,47.0454767403127,53.504654573013,4774.28906523649,1.00077426268891,"rmse",1,TRUE,300
-1853.03715622862,-1863.59681728942,-1852.83070937899,-1843.45232088772,4543.70241735407,1.00011791375286,"log_lik_sum",1,TRUE,300
