"mean","lower","mid","upper","ESS","Rhat","var","ivar","converged","ess.thres"
61.7181442979419,55.6149153013996,61.21392379039,70.3932963872575,6271.60195453279,1.00017694877112,"rmse",1,TRUE,300
-2120.31874181844,-2130.42308218238,-2120.04915068318,-2111.52457854394,6088.47076335355,0.99989479341989,"log_lik_sum",1,TRUE,300
