"mean","lower","mid","upper","ESS","Rhat","var","ivar","converged","ess.thres"
81.2176025787948,71.0499081576253,79.766306586601,100.077893087483,6898.65461933679,1.00002008627542,"rmse",1,TRUE,300
-1853.84551518199,-1863.44877936791,-1853.52757830575,-1845.77850193423,6840.39811049409,0.999776481633069,"log_lik_sum",1,TRUE,300
