"mean","lower","mid","upper","ESS","Rhat","var","ivar","converged","ess.thres"
44.1142885564985,39.0290946288658,43.5145024421307,52.5088203122163,2975.84960815838,1.00042965930679,"rmse",1,TRUE,300
-1761.08055724793,-1772.51988368384,-1760.79545334177,-1751.55359416696,3934.62702740773,0.999768223458483,"log_lik_sum",1,TRUE,300
