"mean","lower","mid","upper","ESS","Rhat","var","ivar","converged","ess.thres"
68.2941711127897,60.1889968341078,67.0001922611621,84.108272536823,7112.35870999287,0.999994216142293,"rmse",1,TRUE,300
-1837.82920233372,-1848.07552929192,-1837.40135195141,-1829.74915657979,6929.55570937701,1.00038299792365,"log_lik_sum",1,TRUE,300
