"mean","lower","mid","upper","ESS","Rhat","var","ivar","converged","ess.thres"
85.965307882462,77.718015494893,85.1969614881603,98.5004090088501,4789.01877181207,1.00072686819956,"rmse",1,TRUE,300
-1969.59080321394,-1979.67756842264,-1969.29117759293,-1961.29818804381,5651.25652963931,1.00001316760218,"log_lik_sum",1,TRUE,300
