"mean","lower","mid","upper","ESS","Rhat","var","ivar","converged","ess.thres"
64.4693756295932,59.1514710883227,63.8929426716625,72.6325609501207,6682.06239883229,0.999725695855633,"rmse",1,TRUE,300
-2068.96779734662,-2078.3918169116,-2068.69805774006,-2061.22105183283,7461.07759295532,0.999782373564381,"log_lik_sum",1,TRUE,300
