"mean","lower","mid","upper","ESS","Rhat","var","ivar","converged","ess.thres"
168.001602393608,141.666359642731,163.737937528331,216.858330305718,2151.22426687625,0.999896956283148,"rmse",1,TRUE,300
-2126.3193313108,-2138.84954330229,-2125.99711543262,-2115.99255954697,1918.3640102036,1.00097482446754,"log_lik_sum",1,TRUE,300
