"mean","lower","mid","upper","ESS","Rhat","var","ivar","converged","ess.thres"
108.28680516893,92.466778701849,105.102887869183,142.118905173737,3887.31230093547,1.00041351468639,"rmse",1,TRUE,300
-1773.33468753057,-1788.72059887905,-1772.4872679271,-1762.17103460642,3260.71420684069,1.00043283580578,"log_lik_sum",1,TRUE,300
