"mean","lower","mid","upper","ESS","Rhat","var","ivar","converged","ess.thres"
28.526647726605,23.8348608455505,27.8099771441907,37.2207615995115,5765.12525485488,0.999723773418011,"rmse",1,TRUE,300
-1336.99599195512,-1347.22544623649,-1336.7290257747,-1328.56694016711,5065.73523495801,1.00146454578332,"log_lik_sum",1,TRUE,300
