"mean","lower","mid","upper","ESS","Rhat","var","ivar","converged","ess.thres"
34.2557444887257,29.6465646816775,33.8411950464106,41.2981437020732,6401.29564096426,0.999833838238231,"rmse",1,TRUE,300
-1818.64687929896,-1830.6214765937,-1818.38256657166,-1808.23510756398,6548.01338043735,0.999939410490459,"log_lik_sum",1,TRUE,300
