"mean","lower","mid","upper","ESS","Rhat","var","ivar","converged","ess.thres"
49.0346010825649,45.5838949508597,48.4206976369367,55.9069651703996,6322.88736202678,0.999819509252127,"rmse",1,TRUE,300
-1705.91681060091,-1716.32076576894,-1705.46927317348,-1697.66871334855,6277.87562095736,1.00047964740559,"log_lik_sum",1,TRUE,300
