"mean","lower","mid","upper","ESS","Rhat","var","ivar","converged","ess.thres"
79.8214422393273,67.9437446339725,78.3298022854617,100.946507198632,6813.94559383242,1.00029500643476,"rmse",1,TRUE,300
-1995.63298420013,-2005.53902236513,-1995.29833009603,-1987.45543962543,6474.02541641897,1.00014865751933,"log_lik_sum",1,TRUE,300
