"mean","lower","mid","upper","ESS","Rhat","var","ivar","converged","ess.thres"
173.401423844286,158.811394671833,170.155570504813,206.540253941895,5492.19861206485,0.999965550387023,"rmse",1,TRUE,300
-2253.0827626757,-2264.16969369672,-2252.70343030435,-2244.48498767018,5767.77098227182,0.99990792861438,"log_lik_sum",1,TRUE,300
