"mean","lower","mid","upper","ESS","Rhat","var","ivar","converged","ess.thres"
47.2788882038013,41.3537582564456,46.6025773693316,57.1424747953276,5291.45166655644,1.00110978804664,"rmse",1,TRUE,300
-1622.56895447274,-1634.09319740587,-1622.1981579927,-1613.02375455006,5286.60992615091,1.0007577302726,"log_lik_sum",1,TRUE,300
