"mean","lower","mid","upper","ESS","Rhat","var","ivar","converged","ess.thres"
37.0788596629756,34.9921404734677,36.8333600216875,40.6082111903228,6782.8732493316,0.999666639197409,"rmse",1,TRUE,300
-1645.30702992166,-1655.01033012255,-1645.04035967244,-1637.15752305937,6940.07862977387,1.0001728512926,"log_lik_sum",1,TRUE,300
