"mean","lower","mid","upper","ESS","Rhat","var","ivar","converged","ess.thres"
42.4692683291086,36.1141219180168,41.5890053028896,53.9182634617937,4839.62539682785,0.999686949627626,"rmse",1,TRUE,300
-1559.109167511,-1570.87856101641,-1558.58414158527,-1549.78900491764,5034.6953991244,1.00071550786536,"log_lik_sum",1,TRUE,300
