"mean","lower","mid","upper","ESS","Rhat","var","ivar","converged","ess.thres"
17.9373138564001,17.0600559601679,17.8830773915204,19.1438143578903,4675.67308875209,1.0006436627283,"rmse",1,TRUE,300
-1422.79338426019,-1434.87806502714,-1422.48238925729,-1412.14213722917,4854.437442661,1.00013470038542,"log_lik_sum",1,TRUE,300
