"mean","lower","mid","upper","ESS","Rhat","var","ivar","converged","ess.thres"
111.312565178258,105.445974147895,110.757894907277,120.447330719442,7095.06136993858,1.00013265996911,"rmse",1,TRUE,300
-2231.11051988123,-2243.70542745055,-2230.74733012011,-2220.29004106894,6695.97043590135,0.999793769126685,"log_lik_sum",1,TRUE,300
