"mean","lower","mid","upper","ESS","Rhat","var","ivar","converged","ess.thres"
39.1419085264149,36.9739628643284,38.9822363612317,42.2868985955547,6716.8275026512,0.999863954397752,"rmse",1,TRUE,300
-1913.49332254895,-1925.45481667104,-1913.16100081872,-1903.30327660177,6271.6058098158,1.00011528429159,"log_lik_sum",1,TRUE,300
