"mean","lower","mid","upper","ESS","Rhat","var","ivar","converged","ess.thres"
83.8547874443411,79.9659025316297,83.4847734293731,90.0203367306724,6947.35146276126,0.9996689385004,"rmse",1,TRUE,300
-1902.66322022061,-1915.11017600195,-1902.3375441334,-1891.61196833867,6826.40420615836,0.999776974339891,"log_lik_sum",1,TRUE,300
