"mean","lower","mid","upper","ESS","Rhat","var","ivar","converged","ess.thres"
100.181829359835,94.4007643253336,99.5207314011381,109.768654800848,5278.9971142963,1.00056138125418,"rmse",1,TRUE,300
-2262.24982941342,-2274.02739460332,-2261.91706687106,-2251.90862832403,3929.40400841109,1.00086344775498,"log_lik_sum",1,TRUE,300
