"mean","lower","mid","upper","ESS","Rhat","var","ivar","converged","ess.thres"
72.0678136437162,67.9296112880507,71.4075988916391,80.0764771040028,5056.29694518213,0.999901992787416,"rmse",1,TRUE,300
-2084.41134659289,-2096.25518876522,-2084.12177517766,-2074.4320584318,3009.59905719896,1.00078404208167,"log_lik_sum",1,TRUE,300
