"mean","lower","mid","upper","ESS","Rhat","var","ivar","converged","ess.thres"
34.176390506557,32.7600176907546,34.0664311433704,36.2395703068407,4078.65766211341,1.00036907037252,"rmse",1,TRUE,300
-1576.64410583914,-1588.65545016477,-1576.36941371037,-1565.8480972282,4092.66900620483,1.00033178057564,"log_lik_sum",1,TRUE,300
