"mean","lower","mid","upper","ESS","Rhat","var","ivar","converged","ess.thres"
57.6247032475144,53.7557302237996,57.020796682744,64.9140116795241,5946.58567230254,1.00071834084331,"rmse",1,TRUE,300
-1725.03886694529,-1738.79642684324,-1724.75113307014,-1713.56165506006,4137.7963920305,1.00028523115751,"log_lik_sum",1,TRUE,300
