"mean","lower","mid","upper","ESS","Rhat","var","ivar","converged","ess.thres"
48.3775313279231,45.8914278659065,48.2731260078973,51.5443071853327,2649.96656564738,1.00110223151836,"rmse",1,TRUE,300
-1755.73631305144,-1768.70972087871,-1755.39152953334,-1744.41560200677,4037.97975813187,1.00024795949477,"log_lik_sum",1,TRUE,300
