"mean","lower","mid","upper","ESS","Rhat","var","ivar","converged","ess.thres"
38.8095486043769,37.4109004844985,38.6525582617902,41.1556437426689,6995.69236550107,0.999879108528819,"rmse",1,TRUE,300
-1893.46031293765,-1906.41917076237,-1893.25952381374,-1882.4274392312,6326.26184144576,1.00027275555456,"log_lik_sum",1,TRUE,300
