"mean","lower","mid","upper","ESS","Rhat","var","ivar","converged","ess.thres"
141.735803870328,135.447037034217,141.040891392786,153.124898011065,7078.43596823587,0.999738907660092,"rmse",1,TRUE,300
-2102.85081937157,-2117.08055468963,-2102.61836751697,-2090.16031515404,6836.48408117607,1.00001603691756,"log_lik_sum",1,TRUE,300
