"mean","lower","mid","upper","ESS","Rhat","var","ivar","converged","ess.thres"
281.234603576734,266.46073863671,279.829065734696,304.21872883856,4677.1982946948,1.00002915367372,"rmse",1,TRUE,300
-2960.92877495844,-2973.51199476765,-2960.64875049072,-2950.06715717069,4723.99416125785,1.00003479983115,"log_lik_sum",1,TRUE,300
