"mean","lower","mid","upper","ESS","Rhat","var","ivar","converged","ess.thres"
22.6748557089566,18.659742569361,21.8599352819125,31.1486162157971,6205.6815535253,0.999741667404543,"rmse",1,TRUE,300
-1454.09324086896,-1466.73338942549,-1453.76885775167,-1443.48420038278,4522.85825127103,1.00021459026279,"log_lik_sum",1,TRUE,300
