"mean","lower","mid","upper","ESS","Rhat","var","ivar","converged","ess.thres"
59.1200884711368,50.7487442603207,57.7982137019809,74.8630113185288,5498.53084259698,0.999848720013146,"rmse",1,TRUE,300
-1686.73519642689,-1698.7870700305,-1686.52587876207,-1676.06612121088,4381.25670992301,0.99977605112863,"log_lik_sum",1,TRUE,300
