"mean","lower","mid","upper","ESS","Rhat","var","ivar","converged","ess.thres"
63.5557601252483,60.4520271826011,63.0580595863868,69.5903631057186,6871.11820539922,1.00017505591278,"rmse",1,TRUE,300
-1707.64123669005,-1721.36882517873,-1707.2815675566,-1695.40223854239,6858.25448552228,0.999926721224816,"log_lik_sum",1,TRUE,300
