"mean","lower","mid","upper","ESS","Rhat","var","ivar","converged","ess.thres"
47.6976555982061,44.5773795055234,47.3224247869399,52.7985025307969,7268.73049095367,0.999822852927946,"rmse",1,TRUE,300
-2014.22831861451,-2026.92000025007,-2013.92817927901,-2003.43893704279,6687.64383854248,0.999831373834819,"log_lik_sum",1,TRUE,300
