"mean","lower","mid","upper","ESS","Rhat","var","ivar","converged","ess.thres"
27.3696962727333,25.6249273489284,27.142761925294,30.5443214000431,4686.32306495873,1.00141588835298,"rmse",1,TRUE,300
-1498.81010410829,-1510.43533484229,-1498.47582986702,-1489.04065774894,3488.43271917292,1.00026089058225,"log_lik_sum",1,TRUE,300
