"mean","lower","mid","upper","ESS","Rhat","var","ivar","converged","ess.thres"
30.5216521666111,28.7405526304049,30.350206572085,33.277096940221,6761.55486174613,1.00006072373795,"rmse",1,TRUE,300
-1720.78458786527,-1734.82386850732,-1720.5711986513,-1708.44375597065,5986.48568831129,1.00043271010581,"log_lik_sum",1,TRUE,300
