"mean","lower","mid","upper","ESS","Rhat","var","ivar","converged","ess.thres"
32.4330338386366,30.3127377328365,32.1582581210968,36.2202076589622,7095.2897351543,0.999954709758447,"rmse",1,TRUE,300
-1739.72430233389,-1753.2710876896,-1739.43926180968,-1727.93361037733,7007.84586637249,0.999889429479931,"log_lik_sum",1,TRUE,300
