"mean","lower","mid","upper","ESS","Rhat","var","ivar","converged","ess.thres"
49.8922316674026,42.4759237509356,49.7876588813599,57.8191667989637,7057.47682592962,0.9999662143935,"rmse",1,TRUE,300
-1707.77386250354,-1725.79803034101,-1707.60248492581,-1690.48339118594,6591.29945606754,1.00002026995211,"log_lik_sum",1,TRUE,300
