"mean","lower","mid","upper","ESS","Rhat","var","ivar","converged","ess.thres"
36.3243239606063,32.7713871501185,35.5876662845227,43.8544401676373,5878.55214047267,1.00073323232886,"rmse",1,TRUE,300
-1707.70459512105,-1720.0338679007,-1707.42989651089,-1697.0458444799,5071.30499559233,1.00017115918564,"log_lik_sum",1,TRUE,300
