"mean","lower","mid","upper","ESS","Rhat","var","ivar","converged","ess.thres"
34.5562077401242,32.5839715089015,34.3526875574313,37.7200265892573,5663.99251195538,0.999737451299319,"rmse",1,TRUE,300
-1676.43292852302,-1689.40777772586,-1676.25174109033,-1664.57009813442,3839.79805030073,1.00004458356146,"log_lik_sum",1,TRUE,300
