"mean","lower","mid","upper","ESS","Rhat","var","ivar","converged","ess.thres"
91.9809525524773,86.1146037477365,91.6113507687585,100.286734662267,4209.06140471703,1.00045823121836,"rmse",1,TRUE,300
-2047.72982000593,-2060.05660158187,-2047.42066400404,-2037.14277167628,4733.58277697704,1.00003916968947,"log_lik_sum",1,TRUE,300
