"mean","lower","mid","upper","ESS","Rhat","var","ivar","converged","ess.thres"
62.2782419942913,59.6103955569751,62.0764596431807,66.078372767501,5751.64366991979,1.00050076621914,"rmse",1,TRUE,300
-1849.91764943866,-1862.10790595004,-1849.64181186142,-1839.16812597234,3578.11456674726,0.999756832200848,"log_lik_sum",1,TRUE,300
