"mean","lower","mid","upper","ESS","Rhat","var","ivar","converged","ess.thres"
16.7771090293343,15.9919076687227,16.7037619477812,18.0219197208628,6806.97250491945,0.999836500897317,"rmse",1,TRUE,300
-1583.0278471881,-1595.11137791852,-1582.77288027421,-1572.45274960877,6813.28457921946,1.00016108750339,"log_lik_sum",1,TRUE,300
