"mean","lower","mid","upper","ESS","Rhat","var","ivar","converged","ess.thres"
9.35932543847637,8.67234414740525,9.31607994449267,10.2839560086508,4676.10746591897,0.999931773674741,"rmse",1,TRUE,300
-1129.12229056357,-1142.32818480759,-1128.87892121862,-1116.9226729426,4115.54001642156,0.999872304521995,"log_lik_sum",1,TRUE,300
