"mean","lower","mid","upper","ESS","Rhat","var","ivar","converged","ess.thres"
122.356677097013,114.617456891099,121.234098759004,137.332036176408,7164.66073126945,0.999764517875691,"rmse",1,TRUE,300
-2004.22030317548,-2018.29248706747,-2003.97183393038,-1991.71399532608,6649.75351178619,0.999964604941328,"log_lik_sum",1,TRUE,300
