"mean","lower","mid","upper","ESS","Rhat","var","ivar","converged","ess.thres"
40.0912377531551,37.6515723721416,39.8719961043637,43.7858127533247,7080.92799607467,1.00002070659653,"rmse",1,TRUE,300
-1998.03205951472,-2010.03810630892,-1997.77535137895,-1987.47231270719,7016.94409969867,1.00007129994039,"log_lik_sum",1,TRUE,300
