"mean","lower","mid","upper","ESS","Rhat","var","ivar","converged","ess.thres"
21.3006984910069,19.899164065335,21.0385054145279,24.3549317149845,6065.68075889315,1.00011422540973,"rmse",1,TRUE,300
-1261.29950604305,-1273.23733856175,-1260.96541617282,-1250.69728625576,4644.00599723209,0.999982838046968,"log_lik_sum",1,TRUE,300
