"mean","lower","mid","upper","ESS","Rhat","var","ivar","converged","ess.thres"
21.3110080173671,20.0188162502018,20.9705086424916,24.5163289387759,7062.34933910873,0.999891352870298,"rmse",1,TRUE,300
-1189.04592511771,-1200.58491925929,-1188.67138878059,-1178.98646197931,6898.78965263419,0.999718125797281,"log_lik_sum",1,TRUE,300
