"mean","lower","mid","upper","ESS","Rhat","var","ivar","converged","ess.thres"
99.1871548831548,93.2226009287456,98.7266785208185,107.84312066469,6890.64583050984,1.00032579254634,"rmse",1,TRUE,300
-2359.6102859177,-2373.1922689273,-2359.49908074652,-2346.71394413274,6202.58061442505,1.00010705029746,"log_lik_sum",1,TRUE,300
