"mean","lower","mid","upper","ESS","Rhat","var","ivar","converged","ess.thres"
36.0752136943175,34.7496520214854,35.9112058082022,38.3396314850525,6961.00042837869,0.999683824282048,"rmse",1,TRUE,300
-1794.62064411438,-1807.5395500408,-1794.25893822238,-1783.54128746195,5561.99539865234,0.999696297615851,"log_lik_sum",1,TRUE,300
