"mean","lower","mid","upper","ESS","Rhat","var","ivar","converged","ess.thres"
84.8544778517713,79.5872058622182,84.0592463983671,95.0241112079879,7044.35180287007,1.00017406453628,"rmse",1,TRUE,300
-2124.76820202301,-2138.09906860865,-2124.52937988185,-2112.88381205586,6823.32083972404,0.999838165438681,"log_lik_sum",1,TRUE,300
