"mean","lower","mid","upper","ESS","Rhat","var","ivar","converged","ess.thres"
41.6688733258434,38.721235785295,41.2568517891298,46.9210328295094,7199.33428282286,1.00013870687976,"rmse",1,TRUE,300
-1921.63502178917,-1934.0128862186,-1921.3006826478,-1911.3440818102,6119.05199558211,0.999969268641507,"log_lik_sum",1,TRUE,300
