"mean","lower","mid","upper","ESS","Rhat","var","ivar","converged","ess.thres"
51.4186067678386,47.6607002371373,51.1862067281675,56.6806828501123,6954.53054617409,1.00027794913369,"rmse",1,TRUE,300
-1859.74067207149,-1872.7491623713,-1859.45386756371,-1848.15447149109,6900.7352332992,0.999922277135105,"log_lik_sum",1,TRUE,300
