"mean","lower","mid","upper","ESS","Rhat","var","ivar","converged","ess.thres"
14.6664654262398,13.9601349284502,14.6257436684822,15.6308775374359,6644.66552852812,1.00041498289462,"rmse",1,TRUE,300
-1407.7528158247,-1419.21177265457,-1407.47073669479,-1397.79252122928,6674.54094948034,1.0006622337165,"log_lik_sum",1,TRUE,300
