"mean","lower","mid","upper","ESS","Rhat","var","ivar","converged","ess.thres"
96.3907390814905,90.3038767317633,95.5240453334675,107.619461233324,6192.9980473284,0.99994737812313,"rmse",1,TRUE,300
-2193.89091015738,-2206.44039351426,-2193.63373827131,-2183.07433545842,4827.14420128335,1.00032661881033,"log_lik_sum",1,TRUE,300
