"mean","lower","mid","upper","ESS","Rhat","var","ivar","converged","ess.thres"
34.0991634322635,31.3300693729029,33.8333746816049,38.5750528510208,6680.28125697339,1.00107624055302,"rmse",1,TRUE,300
-1505.2676511554,-1517.92810762673,-1504.98090829505,-1494.02765610784,6218.83049617645,1.00027594482439,"log_lik_sum",1,TRUE,300
