"mean","lower","mid","upper","ESS","Rhat","var","ivar","converged","ess.thres"
19.7025656487978,16.6975864288764,19.5788607643063,23.6008745359932,6945.90136384258,0.99972426060827,"rmse",1,TRUE,300
-1475.42922812068,-1495.1496005678,-1474.89106733033,-1458.79981801494,6708.00923991915,0.999847567668441,"log_lik_sum",1,TRUE,300
