"mean","lower","upper","ESS","Rhat","var","ivar","converged","ess.thres"
9.99564176898517,8.11997765389216,12.4517846783003,5985.05991690074,0.999970354086494,"rmse",1,TRUE,300
-1270.79961720843,-1286.39379173532,-1256.57911959417,4739.40082394734,1.00015430448621,"log_lik_sum",1,TRUE,300
