"mean","lower","upper","ESS","Rhat","var","ivar","converged","ess.thres"
12.9377093247519,10.1687266342261,17.6409083186211,6535.52421701051,0.999785035025916,"rmse",1,TRUE,300
-1433.78865231262,-1452.51397653936,-1417.00520634503,6103.84627131055,0.999980533080872,"log_lik_sum",1,TRUE,300
