"mean","lower","upper","ESS","Rhat","var","ivar","converged","ess.thres"
31.5800495945244,25.6866705511665,40.225340084661,6848.57313878943,1.00017319761602,"rmse",1,TRUE,300
-1792.46725647958,-1810.11711084043,-1776.59461535062,6685.14543232261,0.999842599393243,"log_lik_sum",1,TRUE,300
