"mean","lower","upper","ESS","Rhat","var","ivar","converged","ess.thres"
12.5928214308259,11.1180320194251,14.5681952742634,6612.26415556271,1.00029430912558,"rmse",1,TRUE,300
-1621.93185959038,-1637.23854023889,-1608.43173726644,6341.59413861419,0.999696579193276,"log_lik_sum",1,TRUE,300
