"mean","lower","upper","ESS","Rhat","var","ivar","converged","ess.thres"
7.75875413765169,6.70778636762597,9.34708044536834,6223.86878743216,1.00040180511459,"rmse",1,TRUE,300
-1161.96463435533,-1177.64614999038,-1148.06342284979,6781.68076236287,0.999817168512865,"log_lik_sum",1,TRUE,300
