"mean","lower","upper","ESS","Rhat","var","ivar","converged","ess.thres"
27.0407183529231,22.0125504580979,35.2642355657653,6793.29840275742,0.999991606568523,"rmse",1,TRUE,300
-1617.09062645567,-1633.19206050468,-1602.83437810981,6491.87685079999,1.00007242880744,"log_lik_sum",1,TRUE,300
