"mean","lower","upper","ESS","Rhat","var","ivar","converged","ess.thres"
25.4982400812184,19.1813963149823,34.4963530575188,6666.58379447811,0.999891567180696,"rmse",1,TRUE,300
-1446.73683848585,-1463.1083278023,-1432.48240742488,5654.66657410637,0.999814865331531,"log_lik_sum",1,TRUE,300
