"mean","lower","upper","ESS","Rhat","var","ivar","converged","ess.thres"
14.7607141870653,12.1868320637861,18.4104832553555,6883.88918571688,0.999895520020351,"rmse",1,TRUE,300
-1593.21842399367,-1610.5611189281,-1578.17860065661,6439.44934659672,0.999633167583513,"log_lik_sum",1,TRUE,300
