"mean","lower","upper","ESS","Rhat","var","ivar","converged","ess.thres"
3.47126615246806,3.08798821776745,4.00941980318094,6658.55771799941,1.00012702471787,"rmse",1,TRUE,300
-907.534130184411,-925.033156866992,-892.392180966886,5837.40161335654,1.00029928562598,"log_lik_sum",1,TRUE,300
