"mean","lower","upper","ESS","Rhat","var","ivar","converged","ess.thres"
14.3514081179354,11.9166042533646,17.7222628956252,6792.97042533197,1.0002187054665,"rmse",1,TRUE,300
-1436.58845406484,-1454.69488403026,-1420.53778172129,5713.99028213516,0.999953836283014,"log_lik_sum",1,TRUE,300
