"mean","lower","upper","ESS","Rhat","var","ivar","converged","ess.thres"
6.68274665469054,5.85500411107611,7.75183654591865,6829.47213086024,0.99996224971357,"rmse",1,TRUE,300
-1104.01167739294,-1119.43172093109,-1090.02703816684,6041.88165313688,0.999984190390146,"log_lik_sum",1,TRUE,300
