"mean","lower","upper","ESS","Rhat","var","ivar","converged","ess.thres"
15.374673122247,12.1556192561529,19.8237949441857,6212.7577382713,0.999600117659629,"rmse",1,TRUE,300
-1541.68528925564,-1559.28652637548,-1525.78844199609,5452.40630799943,1.0003338887255,"log_lik_sum",1,TRUE,300
