"mean","lower","upper","ESS","Rhat","var","ivar","converged","ess.thres"
37.2349911148552,30.1246606636393,47.1162611484895,6521.48166328225,0.999681156861765,"rmse",1,TRUE,300
-2011.92205250486,-2029.38710782233,-1996.01646422639,6305.65624643161,1.00008805987962,"log_lik_sum",1,TRUE,300
