"mean","lower","upper","ESS","Rhat","var","ivar","converged","ess.thres"
23.0891724838067,18.4067128358401,29.3937190738171,6916.31302464709,0.999700443683221,"rmse",1,TRUE,300
-1780.281093898,-1797.97583473559,-1764.7104124596,6603.87140761881,1.00002829677217,"log_lik_sum",1,TRUE,300
