"mean","lower","upper","ESS","Rhat","var","ivar","converged","ess.thres"
28.4507203409649,24.9219936159914,34.1061312586529,5638.08309581342,0.999922024312737,"rmse",1,TRUE,300
-1816.06707671996,-1833.61548669017,-1799.93123786303,5201.16127827653,1.00007567805203,"log_lik_sum",1,TRUE,300
