"mean","lower","upper","ESS","Rhat","var","ivar","converged","ess.thres"
10.5520564337213,8.62048791462016,12.7665652140477,4980.42789390781,1.0003761132927,"rmse",1,TRUE,300
-1217.70374679594,-1234.98076977674,-1201.45698108536,2325.62067183731,1.00098867331388,"log_lik_sum",1,TRUE,300
