"mean","lower","upper","ESS","Rhat","var","ivar","converged","ess.thres"
12.0312612829705,9.08834604126637,17.5116818588502,6297.49335187751,0.999895203855587,"rmse",1,TRUE,300
-1454.54842054176,-1471.6138064176,-1439.28422285299,5525.21540222165,1.000637440465,"log_lik_sum",1,TRUE,300
