"mean","lower","upper","ESS","Rhat","var","ivar","converged","ess.thres"
16.6351570312122,14.6293119636402,19.279614022376,7031.11490327003,1.00024208451683,"rmse",1,TRUE,300
-1772.22707770619,-1788.63284794039,-1757.51454430234,6612.13877531896,1.00008291660525,"log_lik_sum",1,TRUE,300
