"mean","lower","upper","ESS","Rhat","var","ivar","converged","ess.thres"
11.0806385759692,9.21506445371846,13.7123326874662,6582.44517854034,0.999888772980441,"rmse",1,TRUE,300
-1523.04265112068,-1540.15825527123,-1507.96353296347,6196.90248033135,0.99974902870515,"log_lik_sum",1,TRUE,300
