"mean","lower","upper","ESS","Rhat","var","ivar","converged","ess.thres"
12.1995480145174,10.4500523215092,14.5068455223728,6926.85612380082,0.999830544016666,"rmse",1,TRUE,300
-1454.54039524176,-1469.5491758865,-1441.39955607243,6556.54861224952,1.00025629703206,"log_lik_sum",1,TRUE,300
