"mean","lower","upper","ESS","Rhat","var","ivar","converged","ess.thres"
16.6431925754425,13.0048099471084,21.038189042803,6993.97213355102,1.00032816454128,"rmse",1,TRUE,300
-1411.82785488007,-1429.00499800444,-1396.80871323573,6044.15291458273,0.999664376803091,"log_lik_sum",1,TRUE,300
