"mean","lower","upper","ESS","Rhat","var","ivar","converged","ess.thres"
8.98680172589174,7.81193995751065,10.6803545330739,5939.68357989789,0.999990277240967,"rmse",1,TRUE,300
-1404.66384382638,-1423.34510147091,-1387.5947585644,5092.98998463338,0.999968771145162,"log_lik_sum",1,TRUE,300
