"mean","lower","upper","ESS","Rhat","var","ivar","converged","ess.thres"
11.6607025675864,9.03593925398395,15.4901258265109,6129.57454204881,1.00032779972317,"rmse",1,TRUE,300
-1480.91265481541,-1498.83245175345,-1464.92826867849,5940.40660973656,1.00054950291131,"log_lik_sum",1,TRUE,300
