"mean","lower","upper","ESS","Rhat","var","ivar","converged","ess.thres"
16.7882076813555,13.1806788714189,21.2971030792632,6546.78534495473,0.999810193857681,"rmse",1,TRUE,300
-1569.17204446916,-1586.32548414014,-1553.85817365299,5690.99248761809,0.999915291008829,"log_lik_sum",1,TRUE,300
