"mean","lower","upper","ESS","Rhat","var","ivar","converged","ess.thres"
11.9871756241949,9.38372137899485,16.0729200079532,7215.73866900112,1.00002286721948,"rmse",1,TRUE,300
-1205.73876363349,-1223.42181027252,-1189.52260031786,6048.28349969153,0.999873704227155,"log_lik_sum",1,TRUE,300
