"mean","lower","upper","ESS","Rhat","var","ivar","converged","ess.thres"
5.50462615539346,4.94410685045279,6.32702407883708,6934.44312334303,0.999842054531569,"rmse",1,TRUE,300
-1303.93313120844,-1319.07114890582,-1289.95615018293,6163.43662433193,1.0000295040257,"log_lik_sum",1,TRUE,300
