"mean","lower","upper","ESS","Rhat","var","ivar","converged","ess.thres"
7.52984571933562,6.75474738671405,8.62044669555871,6786.70762360349,0.99968596511938,"rmse",1,TRUE,300
-1405.30171884108,-1422.19565561975,-1390.45295106269,6194.48368352254,0.999739956793267,"log_lik_sum",1,TRUE,300
