"mean","lower","upper","ESS","Rhat","var","ivar","converged","ess.thres"
18.6361340636836,15.6413761725727,22.985287203342,6496.13478231138,1.00019915953642,"rmse",1,TRUE,300
-1720.25792970327,-1738.14551684991,-1704.26926619237,5036.06316696014,1.0005100801294,"log_lik_sum",1,TRUE,300
