"mean","lower","upper","ESS","Rhat","var","ivar","converged","ess.thres"
13.5485865627123,11.7867914937366,15.8118561240614,6867.38918343325,1.00023620630724,"rmse",1,TRUE,300
-1634.87147620736,-1653.28633218954,-1618.65398891666,5536.38406784582,1.00033719854647,"log_lik_sum",1,TRUE,300
