"mean","lower","upper","ESS","Rhat","var","ivar","converged","ess.thres"
3.64858932909765,3.1565998703272,4.412741910155,6086.66911922891,1.0000351924475,"rmse",1,TRUE,300
-909.871968916351,-926.616178369276,-895.19393879908,4926.84807576022,0.999956962820308,"log_lik_sum",1,TRUE,300
