"mean","lower","upper","ESS","Rhat","var","ivar","converged","ess.thres"
4.89654744149052,3.95877818126597,6.86355539266882,6919.39131608786,0.999855053243513,"rmse",1,TRUE,300
-981.881590355331,-998.146786955022,-967.776438455771,6748.49203497458,0.999930119733069,"log_lik_sum",1,TRUE,300
