"mean","lower","upper","ESS","Rhat","var","ivar","converged","ess.thres"
33.0401655117349,27.9369082875888,39.7248245194698,7038.15021779879,0.999868549258112,"rmse",1,TRUE,300
-2001.62648791181,-2018.78911051736,-1986.33309392269,6519.62541462935,0.99992994229927,"log_lik_sum",1,TRUE,300
