"mean","lower","upper","ESS","Rhat","var","ivar","converged","ess.thres"
18.8503595574464,14.6272554771243,24.6017811017984,6983.61146563455,0.999704954199108,"rmse",1,TRUE,300
-1627.57347409543,-1643.94149553744,-1613.54480310445,6274.80737209081,0.999712110724038,"log_lik_sum",1,TRUE,300
