"mean","lower","upper","ESS","Rhat","var","ivar","converged","ess.thres"
16.3216403020321,14.1512773247357,19.2858146031395,5883.68723164901,0.999707309545644,"rmse",1,TRUE,300
-1717.79865443221,-1735.45090421667,-1701.54740842598,5094.90143147875,0.999864595901022,"log_lik_sum",1,TRUE,300
