"mean","lower","upper","ESS","Rhat","var","ivar","converged","ess.thres"
14.2369723790827,12.1925090053138,17.2639702171261,6790.58058346879,0.99979164158988,"rmse",1,TRUE,300
-1625.80342614405,-1641.87695494659,-1611.70593395228,6072.6295927487,0.999668984278062,"log_lik_sum",1,TRUE,300
