"mean","lower","upper","ESS","Rhat","var","ivar","converged","ess.thres"
13.3604700988543,11.0249007266887,16.3393310371424,5993.43918538913,0.999690376536923,"rmse",1,TRUE,300
-1502.87887133825,-1519.9157331296,-1487.33954641877,4968.17488222842,1.00041737967981,"log_lik_sum",1,TRUE,300
