"mean","lower","upper","ESS","Rhat","var","ivar","converged","ess.thres"
21.3505631535007,17.4599822891555,27.1090723468069,6399.39791671805,0.999683890836019,"rmse",1,TRUE,300
-1857.76399641188,-1877.39634957474,-1840.69672401076,6131.2280950192,1.00004637946169,"log_lik_sum",1,TRUE,300
