"mean","lower","upper","ESS","Rhat","var","ivar","converged","ess.thres"
30.3235476468109,24.2620717812453,40.4466035730122,7052.29119749972,0.999820296827763,"rmse",1,TRUE,300
-1744.15935459153,-1761.65107591608,-1728.2800476315,6340.90390376421,1.00028521806804,"log_lik_sum",1,TRUE,300
