"mean","lower","upper","ESS","Rhat","var","ivar","converged","ess.thres"
10.9592117469877,8.84929365656705,13.7302752651089,7083.48065507583,1.00016295170264,"rmse",1,TRUE,300
-1280.18003676206,-1296.25967154023,-1265.94813062295,6246.18267701283,0.999860115358143,"log_lik_sum",1,TRUE,300
