"mean","lower","upper","ESS","Rhat","var","ivar","converged","ess.thres"
9.75925271142772,7.59701895392753,12.7277329350088,6624.6706553455,1.00020014090334,"rmse",1,TRUE,300
-1330.02837017869,-1345.45270509781,-1316.45504076812,6250.9369334072,0.999892875120308,"log_lik_sum",1,TRUE,300
