"mean","lower","upper","ESS","Rhat","var","ivar","converged","ess.thres"
10.8240487495172,8.91037108595454,13.5352830567839,6790.99056886077,1.00057109064746,"rmse",1,TRUE,300
-1247.27223705431,-1263.5254567498,-1232.85175949866,5990.55378739448,1.00030675045813,"log_lik_sum",1,TRUE,300
