"mean","lower","upper","ESS","Rhat","var","ivar","converged","ess.thres"
24.3180798125924,20.9225576504445,29.2463469324825,6348.31309552177,1.00070368543007,"rmse",1,TRUE,300
-1922.67356373038,-1940.22679398168,-1907.50262491273,6286.03536820497,1.00003663722909,"log_lik_sum",1,TRUE,300
