"mean","lower","upper","ESS","Rhat","var","ivar","converged","ess.thres"
10.9397452950937,9.72748766420405,12.6415749842199,5803.36752547617,0.999782230169556,"rmse",1,TRUE,300
-1639.95046428794,-1657.15934736663,-1623.21660050286,5467.88382055607,0.999727570611414,"log_lik_sum",1,TRUE,300
