"mean","lower","upper","ESS","Rhat","var","ivar","converged","ess.thres"
23.6866297810118,18.7308586124669,30.1354570702769,6955.52664434081,1.00009350201995,"rmse",1,TRUE,300
-1658.40088232033,-1674.91783529415,-1644.10889380023,6512.83123409396,1.00029872363004,"log_lik_sum",1,TRUE,300
