"mean","lower","upper","ESS","Rhat","var","ivar","converged","ess.thres"
7.6803586216531,6.21875465117484,10.1583804449934,6712.50088720303,0.999652168461157,"rmse",1,TRUE,300
-1254.40080739257,-1270.87803115175,-1240.03812510287,6095.28327814603,0.99993795923786,"log_lik_sum",1,TRUE,300
