"mean","lower","upper","ESS","Rhat","var","ivar","converged","ess.thres"
8.95129279713767,7.79652023804949,10.6319926341459,6569.86974572501,1.00001440784967,"rmse",1,TRUE,300
-1508.11599892829,-1524.90553043905,-1493.52289749584,6279.6314231422,0.999968114563715,"log_lik_sum",1,TRUE,300
