"mean","lower","upper","ESS","Rhat","var","ivar","converged","ess.thres"
17.2395629241285,15.3610254030767,19.9189172922656,7007.37505650966,0.999867268763834,"rmse",1,TRUE,300
-1812.97331424328,-1829.82784385413,-1797.94603862827,6667.30597181242,1.00011076317596,"log_lik_sum",1,TRUE,300
