"mean","lower","upper","ESS","Rhat","var","ivar","converged","ess.thres"
14.4437527089235,11.4141028930636,19.1821307218974,6671.55981566063,0.999941180243878,"rmse",1,TRUE,300
-1467.95899666113,-1484.12670380771,-1453.54749746657,6646.75982750555,1.00009580757896,"log_lik_sum",1,TRUE,300
