"mean","lower","upper","ESS","Rhat","var","ivar","converged","ess.thres"
14.3650982005352,12.0635821027893,17.4303850186226,6583.06397021841,1.00015528714139,"rmse",1,TRUE,300
-1583.97563462713,-1600.41264398445,-1569.81313680523,6330.98871324326,1.00005180876532,"log_lik_sum",1,TRUE,300
