"mean","lower","upper","ESS","Rhat","var","ivar","converged","ess.thres"
10.72735884366,9.67886345377026,12.292276806267,6372.35835428117,0.999942163261987,"rmse",1,TRUE,300
-1598.35410391399,-1613.64650356201,-1584.8443606122,6038.80595414741,0.999883860636734,"log_lik_sum",1,TRUE,300
