"mean","lower","upper","ESS","Rhat","var","ivar","converged","ess.thres"
12.9886447699645,11.6307413420378,14.8465504472005,6946.01696946824,0.999920334637002,"rmse",1,TRUE,300
-1634.25987500526,-1648.99850769048,-1621.14935585123,6204.01322931757,1.00001891165561,"log_lik_sum",1,TRUE,300
