"mean","lower","upper","ESS","Rhat","var","ivar","converged","ess.thres"
183.057828341213,162.014919109516,207.915904627046,6900.07047677592,0.999696899508235,"rmse",1,TRUE,300
-2888.42964828432,-2905.58397431297,-2872.90141780405,6184.81893357028,1.00007383541999,"log_lik_sum",1,TRUE,300
