"mean","lower","upper","ESS","Rhat","var","ivar","converged","ess.thres"
25.3065420816921,21.2315049102529,31.0062290972174,7140.41747975021,1.00027226661539,"rmse",1,TRUE,300
-1626.19337510069,-1641.9377873413,-1612.17790361998,6166.02747891541,0.999893534665703,"log_lik_sum",1,TRUE,300
