"mean","lower","upper","ESS","Rhat","var","ivar","converged","ess.thres"
24.2166300374071,18.8158511029811,32.0389707153563,5978.67220216338,1.00017281835525,"rmse",1,TRUE,300
-1448.45864647497,-1465.21058275112,-1434.41987147794,5801.44409650705,0.999772111638214,"log_lik_sum",1,TRUE,300
