"mean","lower","upper","ESS","Rhat","var","ivar","converged","ess.thres"
3.37962968158435,3.02673170480742,3.87477939487383,7089.68619077639,0.999847102303439,"rmse",1,TRUE,300
-902.03937902293,-917.439605546639,-887.972764747709,6160.62901666519,0.999726250493395,"log_lik_sum",1,TRUE,300
