"mean","lower","upper","ESS","Rhat","var","ivar","converged","ess.thres"
16.4319792014224,13.7431573598787,20.1831542030319,6897.16667592778,0.999775412869785,"rmse",1,TRUE,300
-1497.79901913319,-1514.76240183782,-1482.06432938199,5872.1754429111,0.999777192359511,"log_lik_sum",1,TRUE,300
