"mean","lower","upper","ESS","Rhat","var","ivar","converged","ess.thres"
13.1031035549061,11.2605478913265,16.0737543999639,6861.10201484432,0.999918556461062,"rmse",1,TRUE,300
-1562.75693529331,-1578.92730581132,-1548.90239274252,6354.03474987449,0.999921080295073,"log_lik_sum",1,TRUE,300
