"mean","lower","upper","ESS","Rhat","var","ivar","converged","ess.thres"
21.6267759063777,17.85048218127,26.4639119545164,6856.52090567981,0.999970610859508,"rmse",1,TRUE,300
-1870.72343159047,-1888.41322815608,-1854.51223226809,6207.66469649547,0.999813217199727,"log_lik_sum",1,TRUE,300
