"mean","lower","upper","ESS","Rhat","var","ivar","converged","ess.thres"
10.694645343291,8.59855503833975,13.5360366122663,5031.95745394595,0.999648606238389,"rmse",1,TRUE,300
-1230.24049423918,-1246.47192255317,-1215.69460258869,3652.98058682833,1.00030989391098,"log_lik_sum",1,TRUE,300
