"mean","lower","upper","ESS","Rhat","var","ivar","converged","ess.thres"
14.793750890586,10.2924375428694,22.3810331365552,6666.15891016173,0.999962997443644,"rmse",1,TRUE,300
-1476.44229891199,-1492.42477346832,-1462.32818076207,6008.00011462965,1.00037882453663,"log_lik_sum",1,TRUE,300
