"mean","lower","upper","ESS","Rhat","var","ivar","converged","ess.thres"
11.2570931047838,9.59349706180387,13.3878282190874,7085.2943356766,1.00006646858018,"rmse",1,TRUE,300
-1555.05476759242,-1571.71145661046,-1540.2389743938,5803.34691556133,0.99971344089601,"log_lik_sum",1,TRUE,300
