"mean","lower","upper","ESS","Rhat","var","ivar","converged","ess.thres"
13.5350017522508,11.7546766040236,16.1905749156924,7156.71601254774,0.999932870573654,"rmse",1,TRUE,300
-1475.8142836052,-1490.65647829217,-1462.9173056736,6641.88431198192,1.00005832376089,"log_lik_sum",1,TRUE,300
