"mean","lower","upper","ESS","Rhat","var","ivar","converged","ess.thres"
6.95790659736465,6.13666708299632,8.15735119255354,7055.48330046666,1.00006299623535,"rmse",1,TRUE,300
-1332.19182679954,-1347.87380132981,-1318.56988066687,6057.68187789636,0.999817915818725,"log_lik_sum",1,TRUE,300
