"mean","lower","upper","ESS","Rhat","var","ivar","converged","ess.thres"
15.5662534624502,12.6131087615584,19.4186813053888,7075.16647455853,1.00050753924374,"rmse",1,TRUE,300
-1426.42846853935,-1441.85236461632,-1412.58997169136,6273.90809878841,1.00044462831063,"log_lik_sum",1,TRUE,300
