"mean","lower","upper","ESS","Rhat","var","ivar","converged","ess.thres"
21.6935268034102,17.5823694333018,27.3917727764505,6993.84884454878,0.999890171873907,"rmse",1,TRUE,300
-1689.48686460961,-1706.01146504531,-1675.01627951547,6202.48212680337,0.999934138754981,"log_lik_sum",1,TRUE,300
