"mean","lower","upper","ESS","Rhat","var","ivar","converged","ess.thres"
16.7169883730271,13.5936671049219,20.6873295709738,6403.09199636668,1.00003212562145,"rmse",1,TRUE,300
-1587.9350504716,-1603.77516201322,-1573.75998833368,6381.57861262321,0.999793694711546,"log_lik_sum",1,TRUE,300
