"mean","lower","upper","ESS","Rhat","var","ivar","converged","ess.thres"
12.897568906104,11.0522119093377,15.3226429282262,6465.90056207847,0.999839851480334,"rmse",1,TRUE,300
-1603.57995594103,-1619.53250083789,-1589.51932365019,6227.70721682064,1.00002894943032,"log_lik_sum",1,TRUE,300
