"mean","lower","upper","ESS","Rhat","var","ivar","converged","ess.thres"
12.2823422807256,10.3306883855104,14.8879432753575,6862.47520600784,0.999870573555012,"rmse",1,TRUE,300
-1582.34561316839,-1598.20401100538,-1568.03914590625,6241.52472185224,0.999828377190202,"log_lik_sum",1,TRUE,300
