"mean","lower","upper","ESS","Rhat","var","ivar","converged","ess.thres"
7.90255962796871,7.07057229695076,9.04376270854632,7032.85759681971,0.999861072717518,"rmse",1,TRUE,300
-1422.03113668518,-1438.64061633314,-1407.28528706541,6481.01092882724,1.00040529241574,"log_lik_sum",1,TRUE,300
