"mean","lower","upper","ESS","Rhat","var","ivar","converged","ess.thres"
18.2973164666972,15.327047757718,23.0600210451246,6282.69931023828,0.999674628385662,"rmse",1,TRUE,300
-1775.44075200858,-1792.16489585275,-1760.76835958739,6541.81037583894,0.999704432886635,"log_lik_sum",1,TRUE,300
