"mean","lower","upper","ESS","Rhat","var","ivar","converged","ess.thres"
35.72738593867,28.3485916102802,44.6845293970414,6561.81495345762,0.99985854782973,"rmse",1,TRUE,300
-1765.62064027379,-1783.2067785803,-1750.1326214455,6315.16933677347,1.00015004113618,"log_lik_sum",1,TRUE,300
