"mean","lower","upper","ESS","Rhat","var","ivar","converged","ess.thres"
17.2044820079861,15.3193403103918,19.8194448263512,6252.51500077835,1.00000055396538,"rmse",1,TRUE,300
-1840.30836840082,-1859.73702678262,-1823.89240013215,6114.17677073228,0.999679923887708,"log_lik_sum",1,TRUE,300
