"mean","lower","upper","ESS","Rhat","var","ivar","converged","ess.thres"
8.43262394332655,7.07824556368008,10.9092321806307,6854.21389320363,0.999736026738706,"rmse",1,TRUE,300
-1097.7919872357,-1113.56946332479,-1083.7844137125,6478.27188377184,1.00001549826469,"log_lik_sum",1,TRUE,300
