"mean","lower","upper","ESS","Rhat","var","ivar","converged","ess.thres"
11.9702825458727,10.1460837268143,14.3200969824198,6874.21825203907,0.999901326778705,"rmse",1,TRUE,300
-1501.44750042959,-1517.23191213114,-1487.31381961334,6497.19357220315,0.999719665245633,"log_lik_sum",1,TRUE,300
