"mean","lower","upper","ESS","Rhat","var","ivar","converged","ess.thres"
3.66966279655015,3.22535508124602,4.38458333884773,6857.80218613021,0.999665922928833,"rmse",1,TRUE,300
-920.177177013669,-936.886337916233,-905.817451393641,5786.92410745032,1.00006683966474,"log_lik_sum",1,TRUE,300
