"mean","lower","upper","ESS","Rhat","var","ivar","converged","ess.thres"
18.4003188961719,15.7953920851375,22.0733888058955,6647.38311453115,1.00012870751243,"rmse",1,TRUE,300
-1671.26705349341,-1688.77417602242,-1656.59128666877,6231.67878723918,0.999674587405031,"log_lik_sum",1,TRUE,300
