"mean","lower","upper","ESS","Rhat","var","ivar","converged","ess.thres"
10.9311647724571,9.61040147325754,12.7789837927217,6747.62099735995,1.00063621689167,"rmse",1,TRUE,300
-1622.72345166685,-1638.93984699959,-1608.45758838348,6214.46734446831,1.00043282615065,"log_lik_sum",1,TRUE,300
