"mean","lower","upper","ESS","Rhat","var","ivar","converged","ess.thres"
17.9614600665793,15.5621917078172,21.2460595210808,6623.76062447925,0.999855950863135,"rmse",1,TRUE,300
-1731.78982070468,-1749.62233528996,-1716.33878266449,5769.19579572487,0.999986178024227,"log_lik_sum",1,TRUE,300
