"mean","lower","upper","ESS","Rhat","var","ivar","converged","ess.thres"
14.0175690664522,12.2145111593172,16.8759414355379,7021.79187663208,0.999800839974151,"rmse",1,TRUE,300
-1635.18216487357,-1650.70803033576,-1621.21936304673,6612.2244813495,0.999807893809081,"log_lik_sum",1,TRUE,300
