"mean","lower","upper","ESS","Rhat","var","ivar","converged","ess.thres"
15.6791021085081,13.1012271378519,18.9073504273073,6422.10766659721,0.999933957691355,"rmse",1,TRUE,300
-1535.4558276771,-1550.64444010689,-1521.60640907402,6112.030273291,0.999791403750746,"log_lik_sum",1,TRUE,300
