"mean","lower","upper","ESS","Rhat","var","ivar","converged","ess.thres"
5.65860605485104,5.10561693108238,6.46219942866285,6834.93200645949,1.00015184971018,"rmse",1,TRUE,300
-1259.89801453989,-1274.57275573256,-1246.56025236224,6644.18255922973,1.00005700967474,"log_lik_sum",1,TRUE,300
