"mean","lower","upper","ESS","Rhat","var","ivar","converged","ess.thres"
23.3681894905136,19.3073451146399,29.0272197652181,6778.0897425801,1.00024825384662,"rmse",1,TRUE,300
-1903.45549821001,-1920.27214313847,-1887.99544738852,6385.09631902614,1.000552345317,"log_lik_sum",1,TRUE,300
