"mean","lower","upper","ESS","Rhat","var","ivar","converged","ess.thres"
10.0679067217663,8.25931440857287,12.5941246312635,6870.2574052596,0.999933053339555,"rmse",1,TRUE,300
-1299.71366230092,-1315.98056558535,-1285.57068822643,6087.57118269748,0.999846789743705,"log_lik_sum",1,TRUE,300
