"mean","lower","upper","ESS","Rhat","var","ivar","converged","ess.thres"
10.6201796144096,8.17970422053425,13.9314242057699,6846.92700915088,0.999648987047827,"rmse",1,TRUE,300
-1340.83891416681,-1355.52248262023,-1327.55522981638,6573.92412947621,1.00002241185437,"log_lik_sum",1,TRUE,300
