"mean","lower","upper","ESS","Rhat","var","ivar","converged","ess.thres"
13.4257791601962,11.3987660873955,16.3685931440741,2849.91468671565,0.999952742845233,"rmse",1,TRUE,300
-1645.00311767619,-1667.15946075264,-1623.70521573329,1606.02077530344,1.00046830305159,"log_lik_sum",1,TRUE,300
