"mean","lower","upper","ESS","Rhat","var","ivar","converged","ess.thres"
31.9420222091767,25.1042781744342,40.8125841597422,6771.62398623233,0.999844144036482,"rmse",1,TRUE,300
-1701.89317603916,-1716.97818271948,-1688.54186660389,6160.51106764759,0.999976222737221,"log_lik_sum",1,TRUE,300
