"mean","lower","upper","ESS","Rhat","var","ivar","converged","ess.thres"
12.8810801788652,10.5467438768715,16.7650945744803,4405.97481565914,1.0000498494118,"rmse",1,TRUE,300
-1542.05381065657,-1571.20371116499,-1520.32607249913,4222.45346560776,1.0003360062111,"log_lik_sum",1,TRUE,300
