"mean","lower","upper","ESS","Rhat","var","ivar","converged","ess.thres"
30.6204542067186,26.5491654476062,35.5505750542301,6879.39403219002,0.999776786861569,"rmse",1,TRUE,300
-1699.32154231332,-1716.2809472494,-1685.46027637874,4568.38690051106,1.00043709191016,"log_lik_sum",1,TRUE,300
