"mean","lower","upper","ESS","Rhat","var","ivar","converged","ess.thres"
48.863655133325,41.5474390251932,59.1173356797042,6662.31594970596,1.00039696600149,"rmse",1,TRUE,300
-1893.10156794636,-1913.5573040051,-1874.47567973338,5756.21736434472,1.00035291512781,"log_lik_sum",1,TRUE,300
