"mean","lower","upper","ESS","Rhat","var","ivar","converged","ess.thres"
12.4875021449676,9.97002441958894,16.8169552774617,1129.78684891324,1.00506631954408,"rmse",1,TRUE,300
-1319.69748897838,-1352.04776646695,-1298.41549786125,1023.37139562193,1.00453594803764,"log_lik_sum",1,TRUE,300
