"mean","lower","upper","ESS","Rhat","var","ivar","converged","ess.thres"
91.8294973733928,56.5447742509877,158.449755234939,568.936897478853,1.00748448246485,"rmse",1,TRUE,300
-1954.68538686777,-1997.51541324523,-1918.09813800196,498.975359151867,1.00839292074045,"log_lik_sum",1,TRUE,300
