"mean","lower","upper","ESS","Rhat","var","ivar","converged","ess.thres"
289.039089866386,235.465942335679,356.611853059252,3136.94927677307,1.00063935560408,"rmse",1,TRUE,300
-2870.71752622515,-2890.49874510285,-2853.4415069804,2393.78821097717,1.00170898044894,"log_lik_sum",1,TRUE,300
