"mean","lower","upper","ESS","Rhat","var","ivar","converged","ess.thres"
50.884364399927,35.6476370222362,71.5014154855404,5707.64610672588,1.00041798780947,"rmse",1,TRUE,300
-1700.66137616399,-1715.1399779783,-1685.46188273501,5098.4118625138,0.999744712664888,"log_lik_sum",1,TRUE,300
