"mean","lower","upper","ESS","Rhat","var","ivar","converged","ess.thres"
53.7101499451557,37.1894486821255,75.3511151393279,4093.8219194331,1.00094505952913,"rmse",1,TRUE,300
-1550.77335905699,-1565.79740722473,-1536.65981348375,3082.53371481396,1.00117602909123,"log_lik_sum",1,TRUE,300
