"mean","lower","upper","ESS","Rhat","var","ivar","converged","ess.thres"
23.6830045533497,19.1089852372353,30.2589650836772,6567.41056263973,0.999893075658826,"rmse",1,TRUE,300
-1651.43801755005,-1670.12714060083,-1635.55616453372,5828.21740503571,1.00005016402515,"log_lik_sum",1,TRUE,300
