"mean","lower","upper","ESS","Rhat","var","ivar","converged","ess.thres"
29.8433872041258,23.0078376044744,39.7439835283274,6644.87745231816,0.999912085841537,"rmse",1,TRUE,300
-1547.48605682254,-1564.1239493994,-1532.96812711489,6163.72732545646,1.00016152098114,"log_lik_sum",1,TRUE,300
