"mean","lower","upper","ESS","Rhat","var","ivar","converged","ess.thres"
21.7303495076158,17.0232008196896,29.8632938482095,7127.06356260435,0.999937343031835,"rmse",1,TRUE,300
-1598.75108600517,-1616.57193534196,-1583.32209305434,6655.60703467963,1.00044299101093,"log_lik_sum",1,TRUE,300
