"mean","lower","upper","ESS","Rhat","var","ivar","converged","ess.thres"
65.6740969468274,51.5025721825197,93.9076011008771,983.961586308249,1.00400431136459,"rmse",1,TRUE,300
-2107.46945670932,-2158.11571516374,-2082.32430602893,603.383090360697,1.00668167190546,"log_lik_sum",1,TRUE,300
