"mean","lower","upper","ESS","Rhat","var","ivar","converged","ess.thres"
38.7894972346101,31.176512206714,49.7023059341568,5337.46638247487,1.00020796785547,"rmse",1,TRUE,300
-1860.44164949083,-1883.10087794095,-1842.94874095546,3249.97190455849,1.00168388192324,"log_lik_sum",1,TRUE,300
