"mean","lower","upper","ESS","Rhat","var","ivar","converged","ess.thres"
30.759201772036,25.4965479761303,38.893446739349,6353.89244331579,1.00016845226583,"rmse",1,TRUE,300
-1845.62101122916,-1861.73714851165,-1831.79270994034,5410.18355034157,1.00036015999386,"log_lik_sum",1,TRUE,300
