"mean","lower","upper","ESS","Rhat","var","ivar","converged","ess.thres"
3386.67183099904,2940.66762361517,3760.94617493675,3253.51125731852,1.00086114648509,"rmse",1,TRUE,300
-1986.75553799849,-2000.94965438236,-1972.89924314526,3969.22009976715,0.999732235255488,"log_lik_sum",1,TRUE,300
