"mean","lower","upper","ESS","Rhat","var","ivar","converged","ess.thres"
38.3002487726367,28.5980896120678,54.0237350782506,4115.51438792216,1.00028158948474,"rmse",1,TRUE,300
-1526.01309899393,-1546.49166721856,-1507.48098394163,3102.6461894193,1.0024909283706,"log_lik_sum",1,TRUE,300
