"mean","lower","upper","ESS","Rhat","var","ivar","converged","ess.thres"
31.7315874586513,24.9463252097367,40.2172741086287,6568.34593203686,0.999655887868858,"rmse",1,TRUE,300
-1744.8866232385,-1761.71198257395,-1730.61463040037,5430.77575252897,1.00035317586553,"log_lik_sum",1,TRUE,300
