"mean","lower","upper","ESS","Rhat","var","ivar","converged","ess.thres"
33.9925497728112,23.7804636170075,47.6139131155334,6397.5595817455,1.0000534809239,"rmse",1,TRUE,300
-1305.60480370841,-1322.96460184398,-1288.28737834276,5525.77788788347,1.00043212499554,"log_lik_sum",1,TRUE,300
