"mean","lower","upper","ESS","Rhat","var","ivar","converged","ess.thres"
17.1062466877516,14.181965241527,21.1052177642487,3242.45454943274,1.00179600413372,"rmse",1,TRUE,300
-1636.76301881949,-1655.18162904837,-1620.41135438543,2722.39518085401,1.00179453507313,"log_lik_sum",1,TRUE,300
