"mean","lower","upper","ESS","Rhat","var","ivar","converged","ess.thres"
10.3987735971715,8.97480735803077,12.4942105971202,5771.14788271767,1.00046657640169,"rmse",1,TRUE,300
-1448.69249394948,-1469.00653823799,-1431.26202385227,5064.87218454428,1.00036508484799,"log_lik_sum",1,TRUE,300
