"mean","lower","upper","ESS","Rhat","var","ivar","converged","ess.thres"
21.145602828446,17.7831859462195,26.0404748630106,5502.19007306488,0.999975049175218,"rmse",1,TRUE,300
-1751.58128664851,-1773.478431949,-1733.09111849535,4383.90142018016,1.00006021978954,"log_lik_sum",1,TRUE,300
