"mean","lower","upper","ESS","Rhat","var","ivar","converged","ess.thres"
49.52885883192,29.3177523456035,93.5354868843042,3354.58463945827,1.00050410468872,"rmse",1,TRUE,300
-1491.10335840623,-1518.91558466855,-1465.90508562581,2832.474075309,1.00104765872738,"log_lik_sum",1,TRUE,300
