"mean","lower","upper","ESS","Rhat","var","ivar","converged","ess.thres"
10.2543307773379,7.98118290992623,14.2404066634523,3551.87533616124,0.999812312817348,"rmse",1,TRUE,300
-1084.5008604285,-1104.03398701498,-1068.21973397174,3583.41665034628,1.00004798559002,"log_lik_sum",1,TRUE,300
