"mean","lower","upper","ESS","Rhat","var","ivar","converged","ess.thres"
41.0736603077738,33.7293848925373,53.4183306754512,6810.89357992878,0.999786399326415,"rmse",1,TRUE,300
-2067.13735627641,-2085.47338363253,-2051.69546224406,5955.57793549056,0.999891956312468,"log_lik_sum",1,TRUE,300
