"mean","lower","upper","ESS","Rhat","var","ivar","converged","ess.thres"
15.6156462933983,13.0373453964855,19.4651780991362,3750.56267513953,1.00183519017909,"rmse",1,TRUE,300
-1394.5936709331,-1413.6950974749,-1378.19506402419,2950.04316981073,1.00085884262329,"log_lik_sum",1,TRUE,300
