"mean","lower","upper","ESS","Rhat","var","ivar","converged","ess.thres"
23.9921089599607,19.8876017246909,29.8929089997248,5364.07327360653,0.999786779235983,"rmse",1,TRUE,300
-1670.74040436286,-1689.3033625688,-1655.83734054347,5837.85703115598,1.00017578738987,"log_lik_sum",1,TRUE,300
