"mean","lower","upper","ESS","Rhat","var","ivar","converged","ess.thres"
25.3367063206881,21.4016867667233,30.7151931601599,5763.22552524378,0.999847866276541,"rmse",1,TRUE,300
-1817.36234776297,-1837.31132566638,-1800.86341341944,5618.87942651688,1.00015548982474,"log_lik_sum",1,TRUE,300
