"mean","lower","upper","ESS","Rhat","var","ivar","converged","ess.thres"
9.94470439450446,7.54340682552116,13.4829212028208,4351.9206579567,0.999798080852697,"rmse",1,TRUE,300
-1302.05663756404,-1319.01578302319,-1284.31705535873,4248.90889222464,1.00018101020536,"log_lik_sum",1,TRUE,300
