"mean","lower","upper","ESS","Rhat","var","ivar","converged","ess.thres"
45.2028418687091,36.2606769315032,57.321138871812,6666.7077049075,1.00010683251842,"rmse",1,TRUE,300
-1984.33995666721,-2000.8810657103,-1968.40426899941,5489.72413429045,1.00071635174822,"log_lik_sum",1,TRUE,300
