"mean","lower","mid","upper","ESS","Rhat","var","ivar","converged","ess.thres"
20.7508045514331,19.2084090510384,20.4864524717009,23.7708485320223,5241.27357371618,0.999923078240531,"rmse",1,TRUE,300
-1460.43794700379,-1473.49452847307,-1460.14789989956,-1449.17240774407,4010.20579633942,1.00060699546565,"log_lik_sum",1,TRUE,300
