"mean","lower","mid","upper","ESS","Rhat","var","ivar","converged","ess.thres"
145.620375369043,139.122759940492,144.841984675265,156.754928035678,6921.60412354593,0.999891935978322,"rmse",1,TRUE,300
-2358.34022459181,-2371.22420103168,-2357.9798885405,-2347.54009804632,6747.43776647955,0.999680655509953,"log_lik_sum",1,TRUE,300
