"mean","lower","mid","upper","ESS","Rhat","var","ivar","converged","ess.thres"
25.4766615702876,22.9173714869149,25.0030154425434,30.8925012019498,4517.60191616122,1.00072596900644,"rmse",1,TRUE,300
-1466.21940238135,-1478.74103291632,-1465.83191544565,-1455.63859206659,5179.80089184746,0.999911154941651,"log_lik_sum",1,TRUE,300
