"mean","lower","mid","upper","ESS","Rhat","var","ivar","converged","ess.thres"
41.3794636790159,38.9436786513448,40.9034883404739,46.5479049535414,4770.80067483381,0.999647616543955,"rmse",1,TRUE,300
-1830.45905281261,-1842.43941652149,-1830.03174246564,-1820.49191061248,3760.11611489208,1.0001782504226,"log_lik_sum",1,TRUE,300
