"mean","lower","mid","upper","ESS","Rhat","var","ivar","converged","ess.thres"
108.506090616874,100.917578683273,107.089411401348,124.616897691831,5078.21878222362,0.99966733061795,"rmse",1,TRUE,300
-2302.39666904939,-2313.63326242915,-2302.07749672914,-2292.9784971554,4742.95842391117,1.00077722067949,"log_lik_sum",1,TRUE,300
