"mean","lower","mid","upper","ESS","Rhat","var","ivar","converged","ess.thres"
38.1270300973849,35.5974837974442,37.9271921526783,41.8767803193461,4164.70836782658,0.999758502449381,"rmse",1,TRUE,300
-1636.97570136522,-1651.85584442591,-1636.50342219388,-1624.89319578129,3669.72469423171,0.999730715913573,"log_lik_sum",1,TRUE,300
