"mean","lower","mid","upper","ESS","Rhat","var","ivar","converged","ess.thres"
61.0578344710301,57.9860304221862,60.5045301067931,67.3441574983756,5079.25066918308,0.999922743044938,"rmse",1,TRUE,300
-1859.9109549678,-1872.44027757076,-1859.53043018173,-1849.15677349541,5313.95799696841,1.00011281149392,"log_lik_sum",1,TRUE,300
