"mean","lower","mid","upper","ESS","Rhat","var","ivar","converged","ess.thres"
166.535143177431,156.694434111085,164.870469703787,186.242533057913,5974.84414173271,0.999652839258816,"rmse",1,TRUE,300
-2176.10814873058,-2189.31678917709,-2175.67741590011,-2165.35435329191,6612.41278702058,1.0000700773136,"log_lik_sum",1,TRUE,300
