"mean","lower","mid","upper","ESS","Rhat","var","ivar","converged","ess.thres"
333.819795227999,304.843352453822,329.802793482194,385.939137465169,3229.16548854963,1.00208980054116,"rmse",1,TRUE,300
-2986.18130864575,-2998.71806253472,-2985.83241497259,-2975.55118505624,3657.69665345239,1.00110044552736,"log_lik_sum",1,TRUE,300
