"mean","lower","mid","upper","ESS","Rhat","var","ivar","converged","ess.thres"
59.7355878211574,51.3288343200453,57.9996942185588,77.5851781945754,5377.60673089984,0.999978576247061,"rmse",1,TRUE,300
-1747.88812126126,-1760.7355954614,-1747.42965727826,-1737.18153559046,3212.44269881391,1.00033697272336,"log_lik_sum",1,TRUE,300
