"mean","lower","mid","upper","ESS","Rhat","var","ivar","converged","ess.thres"
9.71332730545971,8.62500685724396,9.46364326585464,12.3372045994855,6589.99681422657,1.00024544832346,"rmse",1,TRUE,300
-1148.38906102782,-1160.915866438,-1148.09199776142,-1137.71117431015,6641.52160895277,1.00005684423942,"log_lik_sum",1,TRUE,300
