"mean","lower","mid","upper","ESS","Rhat","var","ivar","converged","ess.thres"
208.096888320644,197.564797815775,206.324482882554,230.367486491049,6862.24815882407,1.00009664223653,"rmse",1,TRUE,300
-2516.702259274,-2529.53243402073,-2516.31008922192,-2505.6585618528,6604.42023917475,1.00013792076156,"log_lik_sum",1,TRUE,300
