"mean","lower","mid","upper","ESS","Rhat","var","ivar","converged","ess.thres"
210.636508527149,188.967409396428,204.335133343632,269.015719743115,6766.74137881779,1.00004561564128,"rmse",1,TRUE,300
-2535.63300931031,-2548.28299111738,-2535.23038273186,-2525.22749346317,6543.10030153481,1.00064195679313,"log_lik_sum",1,TRUE,300
