"mean","lower","mid","upper","ESS","Rhat","var","ivar","converged","ess.thres"
18.7411497234674,17.0212274546309,18.403385266812,22.4194235674606,4371.77363367876,0.999946940963655,"rmse",1,TRUE,300
-1328.35859811264,-1340.48300265241,-1328.01667405266,-1318.38962802172,4320.82730567719,1.00021464703235,"log_lik_sum",1,TRUE,300
