"mean","lower","mid","upper","ESS","Rhat","var","ivar","converged","ess.thres"
43.709795342236,40.0051397326922,42.9176021786604,52.156080152277,1760.51322854016,1.00291726228266,"rmse",1,TRUE,300
-1812.94096716018,-1824.78076712284,-1812.70949064921,-1803.28227594642,3999.81983926558,1.00077788240588,"log_lik_sum",1,TRUE,300
