"mean","lower","mid","upper","ESS","Rhat","var","ivar","converged","ess.thres"
70.0654248789842,64.3952731825118,68.6283665534751,83.9955686905468,5236.24894316108,0.999929166143131,"rmse",1,TRUE,300
-1855.09679267559,-1868.5882897296,-1854.69979516542,-1843.41036103583,5205.02729214202,1.00067647220968,"log_lik_sum",1,TRUE,300
