"mean","lower","mid","upper","ESS","Rhat","var","ivar","converged","ess.thres"
20.706651628661,19.1411972466425,20.3816429907955,24.101065550335,4955.78595710076,1.00078307350571,"rmse",1,TRUE,300
-1577.30946766951,-1589.44474585539,-1576.85749994115,-1567.23515995058,4257.00356855075,0.999998604019623,"log_lik_sum",1,TRUE,300
