"mean","lower","mid","upper","ESS","Rhat","var","ivar","converged","ess.thres"
60.8915058486751,52.0993230434741,58.5392935854236,83.1560011251554,6095.83169602055,1.00043700848156,"rmse",1,TRUE,300
-1798.81007644534,-1811.72431984422,-1798.44745407503,-1787.86973180407,5652.28616818805,0.999689137105483,"log_lik_sum",1,TRUE,300
