"mean","lower","mid","upper","ESS","Rhat","var","ivar","converged","ess.thres"
37.8096497162347,33.5099962995932,36.836711146633,47.3160059684577,5939.50300102511,0.999828643095699,"rmse",1,TRUE,300
-1735.07686540542,-1747.25956960089,-1734.68556033853,-1725.35775333312,6098.07519393031,0.999732556339265,"log_lik_sum",1,TRUE,300
