"mean","lower","mid","upper","ESS","Rhat","var","ivar","converged","ess.thres"
36.8171332544407,34.9597783849542,36.6056186331378,39.9172699117659,3511.67260147834,0.999905046109109,"rmse",1,TRUE,300
-1723.85812684279,-1735.75520184085,-1723.49555944831,-1714.09899543679,4289.07667727845,1.00061099292366,"log_lik_sum",1,TRUE,300
