"mean","lower","mid","upper","ESS","Rhat","var","ivar","converged","ess.thres"
58.1824379269683,55.1492850336606,57.5583845843177,64.9323955119718,5253.16268497978,1.00056083733418,"rmse",1,TRUE,300
-1791.96342135574,-1804.49346456994,-1791.59497009854,-1781.4098563808,5367.09579144736,1.00047353401837,"log_lik_sum",1,TRUE,300
