"mean","lower","mid","upper","ESS","Rhat","var","ivar","converged","ess.thres"
39.6768216538395,36.6070649754706,39.2618317819927,45.1463177311513,3636.2300829645,1.00092877819691,"rmse",1,TRUE,300
-1851.88117424315,-1864.73547128105,-1851.5714181093,-1841.02068712204,5011.93721719489,0.999650631755317,"log_lik_sum",1,TRUE,300
