"mean","lower","mid","upper","ESS","Rhat","var","ivar","converged","ess.thres"
47.0885619598293,44.6658750436606,46.7554095395782,51.7792206608277,5872.03507256974,1.0004382575755,"rmse",1,TRUE,300
-1906.74314305935,-1919.1770267934,-1906.37999792777,-1896.31244772181,6451.34307117447,1.00000499857469,"log_lik_sum",1,TRUE,300
