"mean","lower","mid","upper","ESS","Rhat","var","ivar","converged","ess.thres"
32.8814757435846,31.0001842871826,32.5444075434398,36.6529616168379,6888.79004868097,0.999675850964886,"rmse",1,TRUE,300
-1710.44173675478,-1722.45519231596,-1710.01193776158,-1700.69328973298,6749.31626239556,0.999795295227612,"log_lik_sum",1,TRUE,300
