"mean","lower","mid","upper","ESS","Rhat","var","ivar","converged","ess.thres"
62.3268232275745,54.5634883199131,61.0383784562998,77.1585879537142,6722.74807479972,0.999832884337535,"rmse",1,TRUE,300
-2043.49920445314,-2055.39230735486,-2043.08604438823,-2033.36756482484,6345.32886157516,0.999993242238511,"log_lik_sum",1,TRUE,300
