"mean","lower","mid","upper","ESS","Rhat","var","ivar","converged","ess.thres"
137.061810778314,127.280748624303,135.908217124524,154.050750639077,6203.46646925862,0.999865442463706,"rmse",1,TRUE,300
-2096.87013530407,-2110.4891241107,-2096.36919614688,-2085.75748676494,6822.91962802561,0.99969757200058,"log_lik_sum",1,TRUE,300
