"mean","lower","mid","upper","ESS","Rhat","var","ivar","converged","ess.thres"
92.6051539128399,83.4402723068897,91.1741801363954,110.460795211184,5583.63936436226,0.999810315390569,"rmse",1,TRUE,300
-1757.53832414655,-1770.46597699189,-1757.17301253773,-1746.78282516364,6058.89453495516,0.999894326791995,"log_lik_sum",1,TRUE,300
