"mean","lower","mid","upper","ESS","Rhat","var","ivar","converged","ess.thres"
22.7922191750883,21.2444543570765,22.4441560361633,26.6027502864714,3053.1136290046,1.00066494275975,"rmse",1,TRUE,300
-1294.30625691244,-1306.38274401796,-1293.98724844821,-1284.20049040951,3187.41540473497,0.999872329222508,"log_lik_sum",1,TRUE,300
