"mean","lower","mid","upper","ESS","Rhat","var","ivar","converged","ess.thres"
31.3424495219086,27.4257628034526,30.7069455000444,39.0805330902755,6700.38982568301,1.00039737314887,"rmse",1,TRUE,300
-1800.52584826125,-1812.35549404449,-1800.15453453831,-1790.54510517488,6059.05691360118,1.00048632555638,"log_lik_sum",1,TRUE,300
