"mean","lower","mid","upper","ESS","Rhat","var","ivar","converged","ess.thres"
50.9173850709468,47.4668071859218,50.4255222808774,57.5987937675088,6587.36459183301,1.00026539809831,"rmse",1,TRUE,300
-2077.05239499598,-2089.39026532072,-2076.70427770359,-2066.99861360066,6557.85363000189,0.999695417080329,"log_lik_sum",1,TRUE,300
