"mean","lower","mid","upper","ESS","Rhat","var","ivar","converged","ess.thres"
12.7462736051914,10.3257421429903,12.070587302115,19.0171458998765,6144.17943738581,0.999942972017107,"rmse",1,TRUE,300
-1191.60559818832,-1203.88851209858,-1191.15881754768,-1181.58548270175,6080.78246837323,0.999770117904464,"log_lik_sum",1,TRUE,300
