"mean","lower","mid","upper","ESS","Rhat","var","ivar","converged","ess.thres"
42.0796700300689,40.0484854329069,41.8468088455339,45.482271921646,6186.64234870226,0.999938035511641,"rmse",1,TRUE,300
-1658.83670409153,-1671.13829125999,-1658.52320737399,-1647.97399111811,4898.01841630473,1.00060708928433,"log_lik_sum",1,TRUE,300
