"mean","lower","mid","upper","ESS","Rhat","var","ivar","converged","ess.thres"
42.4668564413926,39.4969959615763,42.0414372128267,47.9528948822508,5442.68789350862,0.999913111946882,"rmse",1,TRUE,300
-1868.69216201794,-1880.93621034383,-1868.32448252075,-1858.9658708481,5940.20552417982,0.999796552780407,"log_lik_sum",1,TRUE,300
