"mean","lower","mid","upper","ESS","Rhat","var","ivar","converged","ess.thres"
106.759193522108,99.9888795024175,105.993147994189,118.2763144781,6822.45140385181,0.999848841397698,"rmse",1,TRUE,300
-2221.64415437461,-2234.59852041968,-2221.3283520333,-2210.48243014708,6362.05428794737,0.999877865580605,"log_lik_sum",1,TRUE,300
