"mean","lower","mid","upper","ESS","Rhat","var","ivar","converged","ess.thres"
46.4702754027019,43.2786634099947,45.7587424680165,53.5653712487075,6141.03031020935,1.00027685137398,"rmse",1,TRUE,300
-1993.32861038079,-2004.99114887972,-1992.89907056372,-1983.75310512136,4926.87966286384,1.00072094094313,"log_lik_sum",1,TRUE,300
