"mean","lower","mid","upper","ESS","Rhat","var","ivar","converged","ess.thres"
172.22095101093,157.906518583186,168.972854132985,204.304155231483,6446.45489229214,1.00031861958796,"rmse",1,TRUE,300
-2235.50887917165,-2251.90059603627,-2235.00392868781,-2222.07302667452,5933.62002011627,0.999871173365327,"log_lik_sum",1,TRUE,300
