"mean","lower","mid","upper","ESS","Rhat","var","ivar","converged","ess.thres"
38.4565122475647,35.5505998189255,37.8565075446719,44.9916018014974,4017.96196816499,0.999917915446989,"rmse",1,TRUE,300
-1580.22719693258,-1592.38433533185,-1579.88919481655,-1570.24031892852,3948.49284817823,0.99997575838926,"log_lik_sum",1,TRUE,300
