"mean","lower","mid","upper","ESS","Rhat","var","ivar","converged","ess.thres"
33.776210738088,31.6011764507023,33.4129334537348,38.3485481924893,6090.2636254702,0.999765615064751,"rmse",1,TRUE,300
-1565.06245097292,-1577.44635007644,-1564.7187194684,-1555.05140058487,6327.63269768703,0.9998998477863,"log_lik_sum",1,TRUE,300
