"mean","lower","upper","ESS","Rhat","var","ivar","converged","ess.thres"
7.4500023696577,6.35607763059728,8.8484808780594,5762.42986923742,0.999745331409493,"rmse",1,TRUE,300
-1248.89769468573,-1264.42727067505,-1235.52229604516,6231.28884146824,0.999858229925039,"log_lik_sum",1,TRUE,300
