"mean","lower","upper","ESS","Rhat","var","ivar","converged","ess.thres"
12.4077446799624,10.800253854318,14.682092782451,6488.29571493753,0.999632301597401,"rmse",1,TRUE,300
-1627.15883638682,-1644.30334027284,-1612.01815821846,5834.40855878024,1.00015025237799,"log_lik_sum",1,TRUE,300
