"mean","lower","upper","ESS","Rhat","var","ivar","converged","ess.thres"
29.4216765281235,23.4533940332256,37.1252785263855,6138.3279120919,1.00021583215832,"rmse",1,TRUE,300
-1688.22231892503,-1707.90906650684,-1671.06000987616,5383.24855582894,1.00071923078258,"log_lik_sum",1,TRUE,300
