"mean","lower","upper","ESS","Rhat","var","ivar","converged","ess.thres"
10.6809442499756,8.96936974991554,13.052983023795,6798.46093581007,1.00041674704155,"rmse",1,TRUE,300
-1509.84993425846,-1526.01159502004,-1495.66958967802,6141.39105366028,1.00026643957395,"log_lik_sum",1,TRUE,300
