"mean","lower","upper","ESS","Rhat","var","ivar","converged","ess.thres"
29.9199760949732,24.2868241267392,36.3366380120722,7182.41019103258,0.999677499378729,"rmse",1,TRUE,300
-1836.65071380647,-1853.45359469776,-1822.03741160806,6159.83254634866,0.999793074443317,"log_lik_sum",1,TRUE,300
