"mean","lower","upper","ESS","Rhat","var","ivar","converged","ess.thres"
23.1768280899697,19.1381963753236,27.8004141432185,6801.63062733726,1.00002888861718,"rmse",1,TRUE,300
-1641.86953197263,-1658.36748522616,-1627.61728336219,6557.89097826711,0.999887899003592,"log_lik_sum",1,TRUE,300
