"mean","lower","upper","ESS","Rhat","var","ivar","converged","ess.thres"
51.2189052464266,40.55177988102,66.4813069422595,5407.57550617462,1.00095331862718,"rmse",1,TRUE,300
-1843.52292109013,-1863.61112123736,-1826.06801428818,4446.64274306418,1.00072874908492,"log_lik_sum",1,TRUE,300
