"mean","lower","upper","ESS","Rhat","var","ivar","converged","ess.thres"
14.6441916212114,12.8852993540024,17.0885324319032,6943.36709361183,0.999916630189441,"rmse",1,TRUE,300
-1646.43941051817,-1662.41996160775,-1632.51037024955,6446.22663379799,1.00050246689547,"log_lik_sum",1,TRUE,300
