"mean","lower","upper","ESS","Rhat","var","ivar","converged","ess.thres"
26.2029302041983,21.6853325330011,33.253864285515,6738.72553497364,1.00021802996004,"rmse",1,TRUE,300
-1645.83323402095,-1662.97646845496,-1630.49013198378,5765.50697354114,1.00086144205795,"log_lik_sum",1,TRUE,300
