"mean","lower","upper","ESS","Rhat","var","ivar","converged","ess.thres"
7.52671151897241,6.48178629285242,9.07452745768228,6081.94211036818,0.999634355959218,"rmse",1,TRUE,300
-1163.06402314749,-1180.82222863681,-1147.92130216713,5238.78188848338,0.99970275640198,"log_lik_sum",1,TRUE,300
