"mean","lower","upper","ESS","Rhat","var","ivar","converged","ess.thres"
18.6217114588886,15.0711455466693,23.2669575025462,5649.325724095,1.0005448486648,"rmse",1,TRUE,300
-1617.73142013907,-1635.91736269306,-1601.64451724224,5443.23630308854,0.999987982142526,"log_lik_sum",1,TRUE,300
