"mean","lower","upper","ESS","Rhat","var","ivar","converged","ess.thres"
8.5902983332308,7.3436840844236,10.1065094684383,3580.77247010306,1.00014796882225,"rmse",1,TRUE,300
-1120.95820527154,-1137.74355097641,-1106.91738116573,3106.89070259816,1.00030024384083,"log_lik_sum",1,TRUE,300
