"mean","lower","upper","ESS","Rhat","var","ivar","converged","ess.thres"
18.295768280035,14.4246151503053,23.7069971616622,5270.53355352446,1.0003437443856,"rmse",1,TRUE,300
-1510.33414366776,-1527.98402627071,-1495.08562968438,5141.64892974471,1.00055734761435,"log_lik_sum",1,TRUE,300
