"mean","lower","upper","ESS","Rhat","var","ivar","converged","ess.thres"
18.6424298410154,15.9833347131451,22.3914224726327,6528.74763737725,1.00081740799681,"rmse",1,TRUE,300
-1798.19290041381,-1814.04347109783,-1784.24583443788,6189.67694604518,1.00071266512307,"log_lik_sum",1,TRUE,300
