"mean","lower","upper","ESS","Rhat","var","ivar","converged","ess.thres"
7.10792965197693,5.93394994393529,8.8272388343521,5250.0068138621,1.0007205120508,"rmse",1,TRUE,300
-1323.22189220984,-1339.27501318161,-1309.49225186929,5553.16083106023,1.00089945605974,"log_lik_sum",1,TRUE,300
