"mean","lower","upper","ESS","Rhat","var","ivar","converged","ess.thres"
22.1701547244066,17.5665400033624,28.0585461443179,5538.57822015331,0.99989886134862,"rmse",1,TRUE,300
-1460.83331792935,-1479.4544426287,-1444.54706953698,4775.66406615005,1.00055345212303,"log_lik_sum",1,TRUE,300
