"mean","lower","upper","ESS","Rhat","var","ivar","converged","ess.thres"
15.2865252889928,12.3255961182944,19.2344898284097,4888.15311531331,0.999891122127242,"rmse",1,TRUE,300
-1429.27932988329,-1447.73507372443,-1413.90394464276,1579.40545305152,1.00163141893339,"log_lik_sum",1,TRUE,300
