"mean","lower","upper","ESS","Rhat","var","ivar","converged","ess.thres"
31.8839873091203,24.7236423954164,39.9920824442498,6854.49078732552,1.00028415728147,"rmse",1,TRUE,300
-1720.9509216946,-1738.60066372299,-1705.38671519183,5051.84981509267,0.99980833792064,"log_lik_sum",1,TRUE,300
