"mean","lower","upper","ESS","Rhat","var","ivar","converged","ess.thres"
11.5283444390842,9.5917997937195,14.2897878000596,5828.67158494457,1.00058690874265,"rmse",1,TRUE,300
-1437.03049372345,-1455.50440015367,-1419.44901684695,3409.7187548362,1.00035436337668,"log_lik_sum",1,TRUE,300
