"mean","lower","upper","ESS","Rhat","var","ivar","converged","ess.thres"
15.4774891910038,12.1019161221767,20.1865990941336,6476.91898403266,1.00008634205688,"rmse",1,TRUE,300
-1503.0171953068,-1519.50841744401,-1488.57464138406,6538.0902610975,1.0000642896297,"log_lik_sum",1,TRUE,300
