"mean","lower","upper","ESS","Rhat","var","ivar","converged","ess.thres"
18.3687480248502,14.62749496877,23.5568329842555,6235.60265043,0.999828357098463,"rmse",1,TRUE,300
-1605.7088741926,-1622.54316503812,-1590.67242499446,5884.68974862474,1.00040901373518,"log_lik_sum",1,TRUE,300
