"mean","lower","upper","ESS","Rhat","var","ivar","converged","ess.thres"
14.1526936142126,11.0143208273379,19.056220590394,6781.75935921848,1.00026072407319,"rmse",1,TRUE,300
-1233.70087591812,-1251.06794376032,-1218.60900382209,5935.15059058059,0.999826031707762,"log_lik_sum",1,TRUE,300
