"mean","lower","upper","ESS","Rhat","var","ivar","converged","ess.thres"
14.2089129899149,11.9044621011766,17.4008822788929,5092.13549421215,1.00120246298302,"rmse",1,TRUE,300
-1610.5588559638,-1629.14218797048,-1594.30537422359,4617.29633282709,0.999903087327004,"log_lik_sum",1,TRUE,300
