"mean","lower","upper","ESS","Rhat","var","ivar","converged","ess.thres"
9.63187674043665,8.47379851629298,11.208046627226,6497.2894508268,0.999722219785129,"rmse",1,TRUE,300
-1432.8562941044,-1450.12181737734,-1417.73307516683,5749.71708464279,0.999796338001381,"log_lik_sum",1,TRUE,300
