"mean","lower","upper","ESS","Rhat","var","ivar","converged","ess.thres"
14.1780016540282,11.6932139337668,17.3528017866008,7034.99224181298,0.999830231021083,"rmse",1,TRUE,300
-1582.54205688536,-1598.31480389735,-1568.23661794026,6459.10270041157,1.00022544255635,"log_lik_sum",1,TRUE,300
