"mean","lower","upper","ESS","Rhat","var","ivar","converged","ess.thres"
3.77015215170912,3.32582937183823,4.41681578831529,5885.49931078287,0.999957382611153,"rmse",1,TRUE,300
-961.090593781378,-976.50782166327,-947.778292745964,6312.72456514113,1.00018253347768,"log_lik_sum",1,TRUE,300
