"mean","lower","upper","ESS","Rhat","var","ivar","converged","ess.thres"
20.3197040006791,17.4597833820802,24.7307691169164,6652.80874454888,1.0000658021509,"rmse",1,TRUE,300
-1734.53363722874,-1751.20533690654,-1720.04967309305,6426.38050909663,1.00001256255007,"log_lik_sum",1,TRUE,300
