"mean","lower","upper","ESS","Rhat","var","ivar","converged","ess.thres"
16.1680430255567,13.980362525605,19.0218544854395,6568.67710470455,0.999812504818025,"rmse",1,TRUE,300
-1656.44330722785,-1674.38075678252,-1641.21321245974,5655.76647223678,1.00005776844642,"log_lik_sum",1,TRUE,300
