"mean","lower","upper","ESS","Rhat","var","ivar","converged","ess.thres"
32.1054745318382,24.2901705170099,41.3974446786706,5660.37675037379,1.0002642330337,"rmse",1,TRUE,300
-1447.89440998973,-1464.58561543346,-1433.5950161161,5031.86719866889,1.00112469273632,"log_lik_sum",1,TRUE,300
