"mean","lower","upper","ESS","Rhat","var","ivar","converged","ess.thres"
8.29908528366252,6.82342204583413,10.4345254885646,5604.90637613688,0.999843121584492,"rmse",1,TRUE,300
-1068.69849077876,-1084.47770696433,-1055.02831557012,5290.9164498238,0.999974255553311,"log_lik_sum",1,TRUE,300
