"mean","lower","upper","ESS","Rhat","var","ivar","converged","ess.thres"
10.6393326125605,9.03917423609295,12.9713471953657,5469.97377558388,1.00020053605964,"rmse",1,TRUE,300
-1506.18396106036,-1521.89125438535,-1491.92308752695,6336.31330134272,0.999685959076556,"log_lik_sum",1,TRUE,300
