"mean","lower","upper","ESS","Rhat","var","ivar","converged","ess.thres"
13.2387508567445,11.1546557625263,15.913766119552,5311.91647125332,1.00121254569457,"rmse",1,TRUE,300
-1482.93385260238,-1503.4507024244,-1465.63201753164,3484.68148235161,1.00055327746967,"log_lik_sum",1,TRUE,300
