"mean","lower","upper","ESS","Rhat","var","ivar","converged","ess.thres"
4.26566701506239,3.57757062055814,5.36163435853712,5483.51953961188,0.99977643426229,"rmse",1,TRUE,300
-947.101747071493,-965.340374810652,-931.445162776435,4740.52915293828,1.00086723856351,"log_lik_sum",1,TRUE,300
