"mean","lower","upper","ESS","Rhat","var","ivar","converged","ess.thres"
39.3100963028405,33.5039291545401,46.9837239202155,6550.45618563908,0.999927519876902,"rmse",1,TRUE,300
-2051.52690834781,-2070.23961733626,-2035.21431018176,6516.765971002,0.999888962276068,"log_lik_sum",1,TRUE,300
