"mean","lower","upper","ESS","Rhat","var","ivar","converged","ess.thres"
11.7295125992241,9.88398685756947,14.3300390150083,6584.90525248899,0.999993687235778,"rmse",1,TRUE,300
-1361.26435878905,-1377.93586863407,-1346.93643283186,5809.3923710441,0.999817880207306,"log_lik_sum",1,TRUE,300
