"mean","lower","upper","ESS","Rhat","var","ivar","converged","ess.thres"
14.2240207996038,12.2176705332709,16.9226390706993,6048.06498086312,1.00073048406982,"rmse",1,TRUE,300
-1632.70603630695,-1649.41825712996,-1617.21351647491,5673.44495771503,0.99989897301183,"log_lik_sum",1,TRUE,300
