"mean","lower","upper","ESS","Rhat","var","ivar","converged","ess.thres"
30.8774640437899,25.3687386197414,37.0079120673181,4967.32705242934,0.999778725788602,"rmse",1,TRUE,300
-1787.49700354235,-1805.20444886872,-1772.06077396107,5176.14941860799,0.99989473477112,"log_lik_sum",1,TRUE,300
