"mean","lower","upper","ESS","Rhat","var","ivar","converged","ess.thres"
14.7029387139266,12.908986779506,17.1852861929759,6145.44749779366,1.00002253442379,"rmse",1,TRUE,300
-1643.5917889475,-1660.29552609113,-1629.09185187416,6269.08877092394,0.999981257525318,"log_lik_sum",1,TRUE,300
