"mean","lower","upper","ESS","Rhat","var","ivar","converged","ess.thres"
18.3248474268105,15.0054239760962,22.8000501476474,5940.39448217228,0.999795914139208,"rmse",1,TRUE,300
-1551.85883243712,-1569.66941665157,-1536.05895555938,5464.36479517033,1.00096012134645,"log_lik_sum",1,TRUE,300
