"mean","lower","upper","ESS","Rhat","var","ivar","converged","ess.thres"
42.3142665083838,35.2805024505416,51.4954885240376,6026.62036869228,1.00081411333105,"rmse",1,TRUE,300
-1941.0189872879,-1958.72451836271,-1925.55134993577,6000.26115013684,1.00029499527851,"log_lik_sum",1,TRUE,300
