"mean","lower","upper","ESS","Rhat","var","ivar","converged","ess.thres"
10.2283786760274,7.95007995520868,13.201018250611,5400.3397098537,0.999915541145382,"rmse",1,TRUE,300
-1280.15044107827,-1297.38860110551,-1264.87958851502,4710.01804725098,1.00032735193861,"log_lik_sum",1,TRUE,300
