"mean","lower","upper","ESS","Rhat","var","ivar","converged","ess.thres"
18.5131237363281,14.9535455102506,23.5414972581535,4505.55405969642,1.00081286260934,"rmse",1,TRUE,300
-1300.35982508373,-1320.0027303581,-1283.98699303607,3544.68781889196,1.00071675345288,"log_lik_sum",1,TRUE,300
