"mean","lower","mid","upper","ESS","Rhat","var","ivar","converged","ess.thres"
18.4599605341026,17.7778030972212,18.4047601592132,19.4293014280471,6739.22002312255,1.00027782317155,"rmse",1,TRUE,300
-1456.63139270486,-1468.79412911741,-1456.28600352121,-1446.2640106134,6117.27615352469,1.00025899414031,"log_lik_sum",1,TRUE,300
