"mean","lower","mid","upper","ESS","Rhat","var","ivar","converged","ess.thres"
22.6547376268621,21.5341871461539,22.5363075536245,24.5038525357515,6610.59709219334,1.00011581123118,"rmse",1,TRUE,300
-1461.89133754299,-1473.75130313848,-1461.54545367141,-1451.89370774077,6107.93322115835,1.00056295789723,"log_lik_sum",1,TRUE,300
