"mean","lower","mid","upper","ESS","Rhat","var","ivar","converged","ess.thres"
73.4597728673258,69.0837509288722,72.4067244052741,83.836371473031,4960.93998361018,0.999746957163314,"rmse",1,TRUE,300
-2092.27154554047,-2103.21086400777,-2092.00976134777,-2083.09055201851,2293.61603068704,1.00056015735784,"log_lik_sum",1,TRUE,300
