"mean","lower","mid","upper","ESS","Rhat","var","ivar","converged","ess.thres"
34.3056387649617,33.3495198089882,34.2005718038512,35.8746487508981,7015.47190304965,0.999851060667289,"rmse",1,TRUE,300
-1606.64950014021,-1618.0558331234,-1606.31104316012,-1597.07375303403,6416.28064765883,0.999838838866502,"log_lik_sum",1,TRUE,300
