"mean","lower","mid","upper","ESS","Rhat","var","ivar","converged","ess.thres"
58.6820851580891,56.1078836344846,58.4784278073784,62.4376118100879,6830.46186231111,0.999758403481334,"rmse",1,TRUE,300
-1761.0486797437,-1773.10283911295,-1760.75561796848,-1751.24886406229,6941.44261827602,0.999794394348488,"log_lik_sum",1,TRUE,300
