"mean","lower","mid","upper","ESS","Rhat","var","ivar","converged","ess.thres"
49.5823664200573,48.0160244861662,49.4746885699741,51.7966960132852,7158.35037727347,1.0003656937195,"rmse",1,TRUE,300
-1813.26306946311,-1825.16010278252,-1812.95375059121,-1803.34819232826,6879.51396362917,1.00009994912893,"log_lik_sum",1,TRUE,300
