"mean","lower","mid","upper","ESS","Rhat","var","ivar","converged","ess.thres"
38.5795049531438,36.8016212825947,38.3701703505072,41.544509584059,6668.16607187781,1.00000398060602,"rmse",1,TRUE,300
-1964.67173970228,-1975.47084024631,-1964.40130297676,-1955.53204522085,6332.81810703828,1.00041119116346,"log_lik_sum",1,TRUE,300
