"mean","lower","mid","upper","ESS","Rhat","var","ivar","converged","ess.thres"
63.2229627599893,56.9940811976482,62.0998438326478,75.7271711066425,6803.08630224718,0.999741835990459,"rmse",1,TRUE,300
-1915.0513176875,-1926.24144045555,-1914.73391326345,-1905.63004081095,6218.37959534505,0.999840979713689,"log_lik_sum",1,TRUE,300
