"mean","lower","mid","upper","ESS","Rhat","var","ivar","converged","ess.thres"
55.8079980336446,51.1228228647864,54.9461085914808,65.4894621477069,4863.28761250565,1.00045155849417,"rmse",1,TRUE,300
-1699.41769840711,-1710.51931939814,-1699.14877260938,-1690.04572489462,3447.11687395079,0.99998655601623,"log_lik_sum",1,TRUE,300
