"mean","lower","mid","upper","ESS","Rhat","var","ivar","converged","ess.thres"
65.4580009768421,62.7915745744531,65.2302466929507,69.6047014470716,6792.23106640655,0.999647991572137,"rmse",1,TRUE,300
-1759.4743432789,-1771.25138661576,-1759.12079939434,-1749.7107918493,6829.22398300355,0.999832738446838,"log_lik_sum",1,TRUE,300
