"mean","lower","mid","upper","ESS","Rhat","var","ivar","converged","ess.thres"
69.2955402069051,65.4031033544662,69.049627758091,74.8325730301055,6764.35365919694,1.00007012362286,"rmse",1,TRUE,300
-1905.64165157552,-1916.59082259652,-1905.34650394197,-1896.50938137373,6328.5760555159,1.00096700593727,"log_lik_sum",1,TRUE,300
