"mean","lower","mid","upper","ESS","Rhat","var","ivar","converged","ess.thres"
96.2015675921418,91.3479890423835,95.9617554369676,102.498330672483,7167.13210869073,0.999951368084613,"rmse",1,TRUE,300
-2271.69587666111,-2285.06076134134,-2271.34194956392,-2260.27528383484,6776.11454441037,0.999721807770405,"log_lik_sum",1,TRUE,300
