"mean","lower","mid","upper","ESS","Rhat","var","ivar","converged","ess.thres"
16.3226081857971,15.594425317042,16.2242350676454,17.7233199256674,6721.27136214358,1.00007579766845,"rmse",1,TRUE,300
-1303.64637572184,-1315.49801906217,-1303.29947930275,-1293.96388350189,6541.2174263168,1.0002374341382,"log_lik_sum",1,TRUE,300
