"mean","lower","mid","upper","ESS","Rhat","var","ivar","converged","ess.thres"
47.8345717388528,44.7476114139869,47.4140971849064,53.2338871507439,6851.91104773861,0.999790798613484,"rmse",1,TRUE,300
-2031.14878542827,-2043.79564041913,-2030.76036916439,-2020.04796673984,6723.4191790538,0.999829975161101,"log_lik_sum",1,TRUE,300
