"mean","lower","mid","upper","ESS","Rhat","var","ivar","converged","ess.thres"
30.9459757266303,29.422350889589,30.8057224915991,33.1870136110012,6939.35494158839,1.00008513418692,"rmse",1,TRUE,300
-1750.02373853893,-1761.91672121967,-1749.75470423475,-1739.98465720656,6332.79718431606,1.00005625019762,"log_lik_sum",1,TRUE,300
