"mean","lower","mid","upper","ESS","Rhat","var","ivar","converged","ess.thres"
61.1584119802413,56.0647954691035,60.7255383379029,68.6261536164919,3610.09770849025,1.00129370028578,"rmse",1,TRUE,300
-1805.32445034265,-1817.22868762369,-1804.92816108392,-1795.09475905448,5177.69750351823,1.0004053919735,"log_lik_sum",1,TRUE,300
