"mean","lower","mid","upper","ESS","Rhat","var","ivar","converged","ess.thres"
32.2853626514605,30.4149838727253,32.0170399954241,35.6836147368513,6938.66473117182,1.00057323282899,"rmse",1,TRUE,300
-1751.86882161812,-1763.62391162879,-1751.49948603517,-1742.2159734636,6313.29843704998,0.999856347435123,"log_lik_sum",1,TRUE,300
