"mean","lower","mid","upper","ESS","Rhat","var","ivar","converged","ess.thres"
17.8417759857741,17.2251826741131,17.7479090172626,18.986097640133,6267.90841233948,0.999868001498729,"rmse",1,TRUE,300
-1549.70822539865,-1561.69841080073,-1549.26087063501,-1539.57632622364,4484.86330599829,0.999843801959766,"log_lik_sum",1,TRUE,300
