"mean","lower","mid","upper","ESS","Rhat","var","ivar","converged","ess.thres"
56.6686159344543,54.6155953207364,56.4338654795881,59.9886942686006,6974.86210925668,0.99991840248874,"rmse",1,TRUE,300
-1736.2234707614,-1747.44959249995,-1736.00107962288,-1726.37990216334,6396.03298921477,0.999943348454836,"log_lik_sum",1,TRUE,300
