"mean","lower","mid","upper","ESS","Rhat","var","ivar","converged","ess.thres"
93.0652206607832,90.2694820672713,92.8493199345846,97.0141163878501,6759.22714468667,0.999867172304601,"rmse",1,TRUE,300
-2065.75529653312,-2078.01265871241,-2065.42044791847,-2055.33812353865,5064.20787585875,1.00013815130631,"log_lik_sum",1,TRUE,300
