"mean","lower","mid","upper","ESS","Rhat","var","ivar","converged","ess.thres"
34.7202046437931,33.5161591932079,34.5737029009905,36.825031409249,5627.27750891184,0.999778010984561,"rmse",1,TRUE,300
-1691.11978992165,-1702.63485127946,-1690.84425681154,-1681.38090125119,3554.9909462422,1.00016004978442,"log_lik_sum",1,TRUE,300
