"mean","lower","mid","upper","ESS","Rhat","var","ivar","converged","ess.thres"
61.9971622043606,59.8609648510423,61.8650356606446,64.9514994065122,6984.31903517365,1.00023700878983,"rmse",1,TRUE,300
-1880.06439161965,-1892.33615963189,-1879.83267420997,-1869.27827882273,6915.70620107639,1.00006306835674,"log_lik_sum",1,TRUE,300
