"mean","lower","mid","upper","ESS","Rhat","var","ivar","converged","ess.thres"
36.6117328686943,35.3320080287207,36.4986986284612,38.547378720594,7279.4702842469,0.999975576783972,"rmse",1,TRUE,300
-1833.65373011052,-1846.44254163095,-1833.33029997536,-1822.65789217637,6571.31115741976,1.00025125807992,"log_lik_sum",1,TRUE,300
