"mean","lower","mid","upper","ESS","Rhat","var","ivar","converged","ess.thres"
16.8959322751496,16.3226345399961,16.8414551213743,17.7872113648687,6902.95116087202,0.999964252471969,"rmse",1,TRUE,300
-1593.09211813865,-1604.59936180812,-1592.71811819813,-1583.5652826099,7019.05908156988,1.00025437651142,"log_lik_sum",1,TRUE,300
