"mean","lower","mid","upper","ESS","Rhat","var","ivar","converged","ess.thres"
42.8942035908166,41.0260428539415,42.6618841420325,46.1445525669007,6700.68203104911,1.00010529421832,"rmse",1,TRUE,300
-1876.69700421651,-1887.75764556638,-1876.37119013853,-1867.3905875115,6585.4744585207,1.00022891438428,"log_lik_sum",1,TRUE,300
