"mean","lower","mid","upper","ESS","Rhat","var","ivar","converged","ess.thres"
9.62175853915322,9.1034325799997,9.57650521366777,10.4030623350344,6648.20960016576,1.00013918591682,"rmse",1,TRUE,300
-1148.7838492846,-1160.24544755071,-1148.46892798919,-1139.41595688584,5481.73301993594,1.0003562291787,"log_lik_sum",1,TRUE,300
