"mean","lower","mid","upper","ESS","Rhat","var","ivar","converged","ess.thres"
41.5275511827115,39.3842566206242,41.3907008287486,44.4188878158728,7527.28683679267,1.00012048088995,"rmse",1,TRUE,300
-2066.62490808734,-2079.30938056585,-2066.35278386254,-2055.6650396006,6932.86914799982,0.999952078854295,"log_lik_sum",1,TRUE,300
