"mean","lower","mid","upper","ESS","Rhat","var","ivar","converged","ess.thres"
21.4175789859077,20.4892712200571,21.2889596108909,23.1020025547725,6855.36668434345,1.00026303269399,"rmse",1,TRUE,300
-1289.92814846318,-1301.66911402222,-1289.58392781346,-1279.81398509412,5431.76515497163,0.999603184827904,"log_lik_sum",1,TRUE,300
