"mean","lower","mid","upper","ESS","Rhat","var","ivar","converged","ess.thres"
9.87988619703582,8.9545634170102,9.63145703584108,12.3207751845251,6161.77249489548,0.999886760341579,"rmse",1,TRUE,300
-1160.59644842602,-1172.63921191798,-1160.18972266882,-1150.43041989834,3910.34975355882,1.00013310291621,"log_lik_sum",1,TRUE,300
