"mean","lower","mid","upper","ESS","Rhat","var","ivar","converged","ess.thres"
59.8482968441386,57.107404038423,59.5422447431605,64.639304265601,3352,0.999651417734991,"rmse",1,TRUE,300
-1991.42197583269,-2003.44253658342,-1991.19081051918,-1980.93796981189,3455,1.0001150061166,"log_lik_sum",1,TRUE,300
