"mean","lower","mid","upper","ESS","Rhat","var","ivar","converged","ess.thres"
100.564034547919,96.5167463478231,100.151128329945,106.818880848585,7165.37408994608,1.00000884060314,"rmse",1,TRUE,300
-2384.28880899609,-2396.3057649034,-2384.00333841605,-2374.23059894251,6689.69155612839,1.00015022634357,"log_lik_sum",1,TRUE,300
