"mean","lower","mid","upper","ESS","Rhat","var","ivar","converged","ess.thres"
40.2224630735312,38.5865857732022,40.0824690897896,42.6711342457319,7158.83541249478,0.999948463912772,"rmse",1,TRUE,300
-1636.5966616474,-1647.41561670333,-1636.20967364225,-1627.70706787094,6928.66728736814,0.999950277861019,"log_lik_sum",1,TRUE,300
