"mean","lower","mid","upper","ESS","Rhat","var","ivar","converged","ess.thres"
36.0045765027144,34.8324664903382,35.8802887787309,37.9299638646755,6701.49831533108,1.00012970595123,"rmse",1,TRUE,300
-1829.01266330016,-1841.64758563913,-1828.74518231343,-1818.10642358096,6740.70956508454,0.999817333111336,"log_lik_sum",1,TRUE,300
