"mean","lower","mid","upper","ESS","Rhat","var","ivar","converged","ess.thres"
85.5117815737696,81.7908878646696,84.994370475149,92.6103050811492,7325.62560719502,0.99991312453036,"rmse",1,TRUE,300
-2140.27983505419,-2151.64964313864,-2139.95663480364,-2130.77425359143,6997.09758781557,1.00050610810685,"log_lik_sum",1,TRUE,300
