"mean","lower","mid","upper","ESS","Rhat","var","ivar","converged","ess.thres"
15.233554093315,14.6889149155098,15.169740946038,16.1616387470214,6805.48942053394,1.00000076263126,"rmse",1,TRUE,300
-1453.02128947258,-1465.86405224533,-1452.78405135537,-1442.20285077944,6794.21698154977,0.999778257726697,"log_lik_sum",1,TRUE,300
