"mean","lower","mid","upper","ESS","Rhat","var","ivar","converged","ess.thres"
28.6969841057359,27.2813805833816,28.5217931922329,31.212377490352,5138.246357577,1.00064832869858,"rmse",1,TRUE,300
-1527.49288136039,-1539.46932183143,-1527.26165521919,-1517.23861732604,5033.14514945358,0.999923983331404,"log_lik_sum",1,TRUE,300
