"mean","lower","mid","upper","ESS","Rhat","var","ivar","converged","ess.thres"
33.8496968092082,32.2116977288791,33.7236404323086,36.2153319385517,6437.24332142989,0.999717351201872,"rmse",1,TRUE,300
-1523.30435938489,-1534.7955254325,-1522.95325904887,-1513.60178969109,4794.44021151985,1.00008439835165,"log_lik_sum",1,TRUE,300
