"mean","lower","mid","upper","ESS","Rhat","var","ivar","converged","ess.thres"
21.5323003722162,18.6040670603379,21.2785826683397,26.0925255676684,7013.22203606825,1.00023286421144,"rmse",1,TRUE,300
-1540.25818178649,-1551.4395492428,-1540.01361708579,-1530.6332517279,6723.96458010053,0.999747470720443,"log_lik_sum",1,TRUE,300
