"mean","lower","upper","ESS","Rhat","var","ivar","converged","ess.thres"
64.1006992095915,57.0294490639311,73.3004551878328,6282.23911915416,1.00021715335547,"rmse",1,TRUE,300
-2122.33161422158,-2135.13417217964,-2111.60800833353,4713.06417068281,1.00054575086156,"log_lik_sum",1,TRUE,300
