"mean","lower","upper","ESS","Rhat","var","ivar","converged","ess.thres"
40.2813255191742,34.5637900991577,48.0836985861188,6821.70877666556,1.00008114167978,"rmse",1,TRUE,300
-1780.97050843814,-1793.82550845491,-1770.22432637773,5767.1012172877,0.99976529172546,"log_lik_sum",1,TRUE,300
