"mean","lower","upper","ESS","Rhat","var","ivar","converged","ess.thres"
31.3478382998383,26.679347191634,37.2278325152251,6567.716377325,0.999998316116684,"rmse",1,TRUE,300
-1721.77188013295,-1734.54779666316,-1711.0095228272,6093.75772949875,0.99971672171739,"log_lik_sum",1,TRUE,300
