"mean","lower","upper","ESS","Rhat","var","ivar","converged","ess.thres"
41.2565159285214,35.8537104696536,48.844593526407,2475.79816183265,1.00139939366966,"rmse",1,TRUE,300
-1970.0590282479,-1982.19140538559,-1959.80332629396,6519.88431667182,0.999940260248403,"log_lik_sum",1,TRUE,300
