"mean","lower","upper","ESS","Rhat","var","ivar","converged","ess.thres"
16.9728287689593,13.918207547894,20.0731103609665,1047.54522094903,1.00278854574777,"rmse",1,TRUE,300
-1405.32974414103,-1419.63657579122,-1387.47164300254,870.639464845122,1.00377457921476,"log_lik_sum",1,TRUE,300
