"mean","lower","upper","ESS","Rhat","var","ivar","converged","ess.thres"
18.7204989379543,16.6013330698807,21.7646457443356,5214.2645831186,1.000032590596,"rmse",1,TRUE,300
-1696.62228544005,-1708.67532855401,-1686.44883853877,6597.37078194538,0.999784316549833,"log_lik_sum",1,TRUE,300
