"mean","lower","upper","ESS","Rhat","var","ivar","converged","ess.thres"
76.8012054258878,64.8133785281019,92.1634509154358,6145.14260782286,0.999865343628843,"rmse",1,TRUE,300
-2010.3991480184,-2022.88954190545,-1999.5195613,5776.67714932933,1.00006506293881,"log_lik_sum",1,TRUE,300
