"mean","lower","upper","ESS","Rhat","var","ivar","converged","ess.thres"
26.0260578133367,22.4150846800078,31.7930920317185,6360.82211687774,1.000064219749,"rmse",1,TRUE,300
-1675.39342927349,-1688.15401538836,-1664.76019668891,6363.91421165453,0.999718822540337,"log_lik_sum",1,TRUE,300
