"mean","lower","upper","ESS","Rhat","var","ivar","converged","ess.thres"
28.9327856715643,23.4309001654365,36.831559332522,6221.91988968422,1.00020649781738,"rmse",1,TRUE,300
-1526.76772805889,-1539.07577794877,-1516.23859927164,6623.47806561151,0.99994348300462,"log_lik_sum",1,TRUE,300
