"mean","lower","upper","ESS","Rhat","var","ivar","converged","ess.thres"
4.06595354572757,3.56640879665087,4.75084968485277,6481.26428605038,0.999747025772637,"rmse",1,TRUE,300
-964.519785566819,-978.914987251879,-952.570031733866,4585.82441293715,0.999790332930462,"log_lik_sum",1,TRUE,300
