"mean","lower","upper","ESS","Rhat","var","ivar","converged","ess.thres"
42.0424330119839,34.0328868253179,55.2119476142653,4998.10340630976,1.00028946889803,"rmse",1,TRUE,300
-1657.3645766924,-1669.92189199443,-1646.59710681408,5888.76949226039,1.00015016010815,"log_lik_sum",1,TRUE,300
