"mean","lower","upper","ESS","Rhat","var","ivar","converged","ess.thres"
8.36400707202637,7.38830555618567,9.67606443326822,5817.58291130906,1.00001926183633,"rmse",1,TRUE,300
-1172.58134166035,-1185.25438837863,-1161.72760707396,6159.55876200272,1.00061660955801,"log_lik_sum",1,TRUE,300
