"mean","lower","upper","ESS","Rhat","var","ivar","converged","ess.thres"
67.2990584407766,58.5085910360877,79.8107347497085,6952.05830996265,0.999887987068529,"rmse",1,TRUE,300
-2130.12169708508,-2143.88821610233,-2118.63252545811,4052.01528312333,1.00060835208402,"log_lik_sum",1,TRUE,300
