"mean","lower","upper","ESS","Rhat","var","ivar","converged","ess.thres"
53.0239708157987,45.0971475403259,64.5687745350588,3407.97185488788,1.00118206855025,"rmse",1,TRUE,300
-2040.16520927869,-2052.57375214565,-2029.42892765763,5975.2335759625,0.99982946463533,"log_lik_sum",1,TRUE,300
