"mean","lower","upper","ESS","Rhat","var","ivar","converged","ess.thres"
45.1267624830329,38.2131368872431,54.5536379027918,5561.15678512055,1.00027051192683,"rmse",1,TRUE,300
-1927.83370849202,-1941.71388747419,-1916.65245733611,4425.92824297137,0.999864771208582,"log_lik_sum",1,TRUE,300
