"mean","lower","upper","ESS","Rhat","var","ivar","converged","ess.thres"
31.3636908977658,26.5030192955788,37.5971488592306,6578.64406803018,0.999945169942208,"rmse",1,TRUE,300
-1686.73957226478,-1699.38663478923,-1676.22703357532,6415.71844207471,0.999892682652979,"log_lik_sum",1,TRUE,300
