"mean","lower","upper","ESS","Rhat","var","ivar","converged","ess.thres"
13.0562264965018,11.1884610012218,15.7977163632121,4094.46598507293,1.00069994646133,"rmse",1,TRUE,300
-1293.12227199806,-1306.18582757975,-1282.17865056602,3670.39647833547,1.00040611880397,"log_lik_sum",1,TRUE,300
