"mean","lower","upper","ESS","Rhat","var","ivar","converged","ess.thres"
18.6480000738111,15.8374020877225,22.0801987557724,6105.93193728994,0.99968216334491,"rmse",1,TRUE,300
-1602.05087635409,-1620.86520753508,-1583.29909874522,2579.56622775754,0.999751926120818,"log_lik_sum",1,TRUE,300
