"mean","lower","upper","ESS","Rhat","var","ivar","converged","ess.thres"
22.5008501651072,19.3469198568579,27.3803024024993,6073.39221097628,1.00008592809453,"rmse",1,TRUE,300
-1605.49444164943,-1618.3077255183,-1594.76191757446,6072.7016788252,1.00025199649099,"log_lik_sum",1,TRUE,300
