"mean","lower","upper","ESS","Rhat","var","ivar","converged","ess.thres"
15.8072478558856,13.8572661446533,18.3707318952,6695.19801320614,0.999842439313357,"rmse",1,TRUE,300
-1649.43555490947,-1663.30055275014,-1637.79601163752,3742.86278521919,1.00007082721866,"log_lik_sum",1,TRUE,300
