"mean","lower","upper","ESS","Rhat","var","ivar","converged","ess.thres"
8.96102869021481,7.92996082364641,10.5770787914907,5949.45269078323,0.999870934142399,"rmse",1,TRUE,300
-1376.80544122081,-1391.43934310464,-1364.43071854847,3319.03262096394,1.00043841631917,"log_lik_sum",1,TRUE,300
