"mean","lower","upper","ESS","Rhat","var","ivar","converged","ess.thres"
32.1403363794832,27.364859077651,38.3096141436037,4828.38721818237,1.00013400854609,"rmse",1,TRUE,300
-1537.61530212284,-1553.21583801165,-1525.06392091581,2663.55867135846,1.00158314950338,"log_lik_sum",1,TRUE,300
