"mean","lower","upper","ESS","Rhat","var","ivar","converged","ess.thres"
22.7828775113836,18.5008210840945,28.8465809580565,6374.66137377437,1.0001355633385,"rmse",1,TRUE,300
-1451.37230937714,-1463.68745173616,-1441.22082123111,6722.34818259773,1.00036352360699,"log_lik_sum",1,TRUE,300
