"mean","lower","upper","ESS","Rhat","var","ivar","converged","ess.thres"
24.6699886981524,20.8916225105049,30.9764442199864,3864.89768429249,1.00001955759455,"rmse",1,TRUE,300
-1653.93779662596,-1666.50765275069,-1643.14540638038,5736.08583930897,1.00022567685054,"log_lik_sum",1,TRUE,300
