"mean","lower","upper","ESS","Rhat","var","ivar","converged","ess.thres"
17.2015132035371,15.1580380850226,19.9476095270159,5281.59175173108,0.999757057325092,"rmse",1,TRUE,300
-1666.62810970985,-1680.32223873442,-1654.72114060616,4432.59266364867,1.00077660608679,"log_lik_sum",1,TRUE,300
