"mean","lower","upper","ESS","Rhat","var","ivar","converged","ess.thres"
33.9566952994569,28.7836007091704,41.6947384178223,3834.90890014953,1.0003562778902,"rmse",1,TRUE,300
-1910.78255784495,-1923.4504393582,-1900.21289662339,6011.37801133839,0.999706517291167,"log_lik_sum",1,TRUE,300
