"mean","lower","upper","ESS","Rhat","var","ivar","converged","ess.thres"
31.6277378153774,27.8386078575692,36.9625240255934,3385.85825362564,0.99990617802134,"rmse",1,TRUE,300
-1832.34440335509,-1845.02189048566,-1821.67501563322,5923.35524613285,0.999800117287581,"log_lik_sum",1,TRUE,300
