"mean","lower","upper","ESS","Rhat","var","ivar","converged","ess.thres"
65.2731699751773,52.2620396380716,85.0529280879846,5815.22270924729,0.999785852943837,"rmse",1,TRUE,300
-1893.76384268123,-1906.63325400398,-1883.08161001517,6452.49093065134,1.00013853972936,"log_lik_sum",1,TRUE,300
