"mean","lower","upper","ESS","Rhat","var","ivar","converged","ess.thres"
29.0691959222082,23.9962705115403,36.1289293986718,5909.31096783367,0.999928191726758,"rmse",1,TRUE,300
-1490.53027205662,-1503.91606436429,-1479.06803947166,6038.23276938611,0.999857743520966,"log_lik_sum",1,TRUE,300
