"mean","lower","upper","ESS","Rhat","var","ivar","converged","ess.thres"
15.4708398776882,13.2607451397713,18.5410698658762,5098.54394595283,0.999836441723875,"rmse",1,TRUE,300
-1573.36886702047,-1586.82154182436,-1561.71379601102,3525.59655159697,1.00044879502517,"log_lik_sum",1,TRUE,300
