"mean","lower","upper","ESS","Rhat","var","ivar","converged","ess.thres"
37.698699472085,32.8435525543649,44.5945395651748,4739.06353063821,0.999799012430033,"rmse",1,TRUE,300
-1986.36303428229,-2002.96011910554,-1973.47846839822,2130.90405804653,1.00196031864005,"log_lik_sum",1,TRUE,300
