"mean","lower","upper","ESS","Rhat","var","ivar","converged","ess.thres"
10.9171148160697,9.06561259643217,14.1026488299832,5185.18424441012,1.00094196186421,"rmse",1,TRUE,300
-1142.05339164035,-1154.74221991107,-1131.35920592258,4541.58710098938,1.00042126761285,"log_lik_sum",1,TRUE,300
