"mean","lower","upper","ESS","Rhat","var","ivar","converged","ess.thres"
6.94068803766179,5.5869673813176,8.76682939030591,5786.21344358577,0.999938402522461,"rmse",1,TRUE,300
-1029.699695927,-1043.27323418174,-1018.42053955081,6150.94703245915,0.999890771874651,"log_lik_sum",1,TRUE,300
