"mean","lower","upper","ESS","Rhat","var","ivar","converged","ess.thres"
62.4872333773599,57.3474126366685,69.1805026963151,6134.80695826262,0.999711643416935,"rmse",1,TRUE,300
-2162.02803917803,-2175.84257450182,-2150.56722388134,3454.86679140765,1.00064569498059,"log_lik_sum",1,TRUE,300
