"mean","lower","upper","ESS","Rhat","var","ivar","converged","ess.thres"
17.9726650180502,16.1171802704905,20.6026209278911,4910.25551723374,1.00039349277106,"rmse",1,TRUE,300
-1732.28938996543,-1747.07586084455,-1720.03460062704,3064.42057938859,1.00081467746142,"log_lik_sum",1,TRUE,300
