"mean","lower","upper","ESS","Rhat","var","ivar","converged","ess.thres"
37.3803774729725,32.1994427452078,43.3958588838731,6732.47973407136,1.00035446014872,"rmse",1,TRUE,300
-1742.82747323887,-1755.51651992459,-1731.83067469226,4949.9723271919,0.999946117071855,"log_lik_sum",1,TRUE,300
