"mean","lower","upper","ESS","Rhat","var","ivar","converged","ess.thres"
27.0660068597032,21.5786489547084,35.4681476647604,6226.76001133917,1.00071397311176,"rmse",1,TRUE,300
-1635.81270242181,-1648.58037407939,-1624.83428105197,5108.01719788656,1.00003862755108,"log_lik_sum",1,TRUE,300
