"mean","lower","upper","ESS","Rhat","var","ivar","converged","ess.thres"
57.952543407703,48.3896089570008,71.2792269323642,7190.80603000236,0.999686253008108,"rmse",1,TRUE,300
-1871.31543417605,-1883.8865227349,-1860.54440774228,5856.17525076919,0.999648904522147,"log_lik_sum",1,TRUE,300
