"mean","lower","upper","ESS","Rhat","var","ivar","converged","ess.thres"
12.4796911138684,10.8029243542055,14.8951436537135,5379.67981488199,1.00032821659883,"rmse",1,TRUE,300
-1359.64869974906,-1372.63300547327,-1348.87488125849,5669.05200230077,1.00031885478189,"log_lik_sum",1,TRUE,300
