"mean","lower","upper","ESS","Rhat","var","ivar","converged","ess.thres"
11.286901867431,9.46766085873384,13.855379382743,6212.28662335068,1.00033122950108,"rmse",1,TRUE,300
-1398.15462210068,-1411.92695228582,-1386.34581990864,5155.31975698531,1.00005650650466,"log_lik_sum",1,TRUE,300
