"mean","lower","upper","ESS","Rhat","var","ivar","converged","ess.thres"
20.4375516489363,16.4537211135248,26.8908555830368,6652.87762264082,0.999885726681731,"rmse",1,TRUE,300
-1373.11959485402,-1385.9662601553,-1362.2483528076,6344.79899994435,1.00006757377663,"log_lik_sum",1,TRUE,300
