"mean","lower","mid","upper","ESS","Rhat","var","ivar","converged","ess.thres"
40.2645189780876,38.3849036561794,40.0153228030316,43.6778165096305,7070.45420645301,0.999756235628915,"rmse",1,TRUE,300
-1926.09417610151,-1937.18573344355,-1925.77242990282,-1916.72869922357,6863.67363554169,1.00011764791911,"log_lik_sum",1,TRUE,300
