"mean","lower","mid","upper","ESS","Rhat","var","ivar","converged","ess.thres"
103.049389471766,96.5927121625906,102.008418456072,115.357582794719,5086.88630840021,0.999855598741947,"rmse",1,TRUE,300
-2263.75340833518,-2274.60236915305,-2263.44724254395,-2254.73545011246,4375.91067873735,1.00044639070888,"log_lik_sum",1,TRUE,300
