"mean","lower","mid","upper","ESS","Rhat","var","ivar","converged","ess.thres"
81.1066803950989,76.0844593629867,80.1792395869884,91.3718888415924,6860.4128002743,1.0000676678184,"rmse",1,TRUE,300
-2194.1625990396,-2205.23137987657,-2193.75733384099,-2184.83407142339,6275.23135114911,1.00014391375635,"log_lik_sum",1,TRUE,300
