"mean","lower","mid","upper","ESS","Rhat","var","ivar","converged","ess.thres"
63.2853199058884,57.4557333778942,62.4875954291204,73.7449611145611,6923.4627097644,0.999713225776461,"rmse",1,TRUE,300
-1751.10391759332,-1763.32805438152,-1750.83919981703,-1740.88676444513,6233.22066834032,1.00018261970096,"log_lik_sum",1,TRUE,300
