"mean","lower","mid","upper","ESS","Rhat","var","ivar","converged","ess.thres"
50.6286104790457,48.0106487583108,50.2029906699993,55.7159081473714,6873.01679969195,0.999926806426619,"rmse",1,TRUE,300
-1796.87911227487,-1809.00214625721,-1796.47781209255,-1787.15534682906,5941.203553382,0.999646639500216,"log_lik_sum",1,TRUE,300
