"mean","lower","mid","upper","ESS","Rhat","var","ivar","converged","ess.thres"
39.5300580266349,37.9173707673439,39.3219516174368,42.2036060286944,6952.61132831364,1.00000580551993,"rmse",1,TRUE,300
-1906.4549237386,-1917.82326710633,-1906.08062569072,-1897.30088413463,6739.88274922001,1.0003433858192,"log_lik_sum",1,TRUE,300
