"mean","lower","mid","upper","ESS","Rhat","var","ivar","converged","ess.thres"
38.9079973476458,36.5974256189273,38.5530025872163,43.4042227082514,6254.0093474721,1.00055999001882,"rmse",1,TRUE,300
-1961.39709172407,-1971.97309221504,-1961.12370812776,-1952.70707295889,6872.41055815227,0.999775812322815,"log_lik_sum",1,TRUE,300
