"mean","lower","mid","upper","ESS","Rhat","var","ivar","converged","ess.thres"
303.878431206062,280.149076846831,301.286605810546,342.388622448193,6823.89570005226,1.00014657651742,"rmse",1,TRUE,300
-3024.08487277823,-3035.51487511199,-3023.69968543561,-3014.43530926422,6154.89682233195,1.00037282016717,"log_lik_sum",1,TRUE,300
