"mean","lower","mid","upper","ESS","Rhat","var","ivar","converged","ess.thres"
69.9115352977074,58.1522432445026,68.2598321308981,90.7637836560104,7192.24412265527,1.00025027708825,"rmse",1,TRUE,300
-1912.40231714423,-1923.2241552343,-1912.1276971257,-1903.32949689665,6714.30733540117,1.00019333371655,"log_lik_sum",1,TRUE,300
