"mean","lower","mid","upper","ESS","Rhat","var","ivar","converged","ess.thres"
23.6396070990258,18.805191469824,22.7588402125067,33.2723271333922,5673.52710647435,1.00012184900062,"rmse",1,TRUE,300
-1451.2757979235,-1462.42646855938,-1450.85398514056,-1442.19172500706,5472.7116959732,0.999824707045847,"log_lik_sum",1,TRUE,300
