"mean","lower","mid","upper","ESS","Rhat","var","ivar","converged","ess.thres"
178.795088339824,172.116731144145,177.318236385711,194.200481495034,6908.46699779904,0.999803377325667,"rmse",1,TRUE,300
-2437.2036234437,-2448.06696007394,-2436.89907135466,-2428.09859780553,6813.15658939424,0.99997987934584,"log_lik_sum",1,TRUE,300
