"mean","lower","mid","upper","ESS","Rhat","var","ivar","converged","ess.thres"
50.0632916250598,45.694398482255,49.4178368683743,57.8294206974634,6988.53402772769,0.999990011019869,"rmse",1,TRUE,300
-2034.72732056435,-2046.23129151979,-2034.32281184743,-2025.29983728431,6560.78151029497,0.999881912801783,"log_lik_sum",1,TRUE,300
