"mean","lower","mid","upper","ESS","Rhat","var","ivar","converged","ess.thres"
90.5504057605957,87.4356254880019,90.3349026711042,94.8592077263927,6908.84947902094,0.999956083045876,"rmse",1,TRUE,300
-2199.89609344297,-2211.6665435155,-2199.54412459226,-2190.26448482093,6467.37889279677,0.999970149563765,"log_lik_sum",1,TRUE,300
