"mean","lower","mid","upper","ESS","Rhat","var","ivar","converged","ess.thres"
17.2343364871242,15.9443421715787,17.0222143251325,19.8169505379757,7050.99469210024,1.00043845266396,"rmse",1,TRUE,300
-1300.13914980167,-1311.40366687746,-1299.90895776973,-1290.66406171536,6562.39136137766,1.00079518382594,"log_lik_sum",1,TRUE,300
