"mean","lower","mid","upper","ESS","Rhat","var","ivar","converged","ess.thres"
31.3986613870314,29.4887496929183,30.997559177719,35.9308969776704,6818.21991549473,0.999977549679234,"rmse",1,TRUE,300
-1738.02169154408,-1749.1764179717,-1737.68873070586,-1728.65416086838,6830.00340621573,1.00006706774905,"log_lik_sum",1,TRUE,300
