"mean","lower","mid","upper","ESS","Rhat","var","ivar","converged","ess.thres"
64.3636143841351,58.6894048817626,63.6463937279964,74.529578506997,4038.07927356281,0.999902258021289,"rmse",1,TRUE,300
-1809.2941387937,-1821.00849295286,-1808.96776582872,-1799.28340527434,5628.15022501996,1.00073063848799,"log_lik_sum",1,TRUE,300
