"mean","lower","mid","upper","ESS","Rhat","var","ivar","converged","ess.thres"
42.3093739314427,39.7231488539474,41.889902774579,47.1221281331888,7107.95978437532,1.00073684296606,"rmse",1,TRUE,300
-2033.20829401359,-2044.51217849747,-2032.92843973797,-2023.52259574571,6815.67194292702,1.00023288982655,"log_lik_sum",1,TRUE,300
