"mean","lower","mid","upper","ESS","Rhat","var","ivar","converged","ess.thres"
33.5080647779603,30.4768106516646,32.7046378321154,41.2851649863855,7215.92894993695,0.99999569743057,"rmse",1,TRUE,300
-1748.94830326425,-1759.04909417091,-1748.66482164538,-1740.40403915307,7054.24000562767,0.999793816006695,"log_lik_sum",1,TRUE,300
