"mean","lower","mid","upper","ESS","Rhat","var","ivar","converged","ess.thres"
18.3477531092965,17.2953617603278,18.1531764899705,20.5194333505567,5238.87622590313,0.999994523832169,"rmse",1,TRUE,300
-1538.02898622699,-1548.76858685007,-1537.71426852241,-1528.83426230104,3871.90971548807,1.00039577979569,"log_lik_sum",1,TRUE,300
