"mean","lower","mid","upper","ESS","Rhat","var","ivar","converged","ess.thres"
57.7770664538029,54.5099053339596,57.1508702627183,64.6981464028677,7032.17968908939,0.99970845376245,"rmse",1,TRUE,300
-1733.43878612325,-1744.53663884541,-1733.07435051744,-1724.2098558475,6758.13654507748,0.999624426938137,"log_lik_sum",1,TRUE,300
