"mean","lower","mid","upper","ESS","Rhat","var","ivar","converged","ess.thres"
35.1915061531193,33.4777382578724,34.9937090402938,38.0673294609537,5387.82935819505,1.00022344049742,"rmse",1,TRUE,300
-1690.6333569705,-1702.10573290307,-1690.31007479482,-1681.30286662624,4622.59814772709,0.999993931044133,"log_lik_sum",1,TRUE,300
