"mean","lower","mid","upper","ESS","Rhat","var","ivar","converged","ess.thres"
62.350851167662,59.693405303233,61.9760090012607,67.3205953169108,6663.00410616701,1.00018539788598,"rmse",1,TRUE,300
-1876.54308459166,-1888.18718549603,-1876.13652210884,-1866.89870362291,6096.18655489363,1.00043785762632,"log_lik_sum",1,TRUE,300
