"mean","lower","mid","upper","ESS","Rhat","var","ivar","converged","ess.thres"
38.0498746930779,35.9974644054157,37.8494857340594,41.1859681759746,6635.91818838689,0.999965075573481,"rmse",1,TRUE,300
-1826.55280291749,-1838.34599510106,-1826.20161567604,-1816.7195002667,6628.20750383928,1.00017145669087,"log_lik_sum",1,TRUE,300
