"mean","lower","mid","upper","ESS","Rhat","var","ivar","converged","ess.thres"
42.6207793504446,28.4119729559252,40.6704312990737,69.0084888268022,6960.65873827163,1.00017050504851,"rmse",1,TRUE,300
-1428.69316618162,-1440.05826385888,-1428.35896222077,-1419.5160590327,6561.66973241162,0.999910507799848,"log_lik_sum",1,TRUE,300
