"mean","lower","mid","upper","ESS","Rhat","var","ivar","converged","ess.thres"
17.1016359245123,16.4100168271374,17.02192269673,18.2316175515295,6887.16608634309,0.999823715172937,"rmse",1,TRUE,300
-1586.87957301996,-1597.66952829947,-1586.51206520013,-1578.33178807049,6805.76907719561,1.00017116161264,"log_lik_sum",1,TRUE,300
