"mean","lower","mid","upper","ESS","Rhat","var","ivar","converged","ess.thres"
45.2992453580448,41.1685823610423,44.6349435926667,52.9215330144027,7076.18196788559,0.999735300450245,"rmse",1,TRUE,300
-1876.70095733646,-1887.7554641226,-1876.33776475911,-1867.58303842565,6792.91848388492,1.00003662902666,"log_lik_sum",1,TRUE,300
