"mean","lower","mid","upper","ESS","Rhat","var","ivar","converged","ess.thres"
30.586729327606,28.3395091590211,30.1791519257486,34.9714695472333,6761.82749250795,0.999790643057534,"rmse",1,TRUE,300
-1674.49029715538,-1685.73654185813,-1674.09387210345,-1665.08859588146,6664.21245556896,0.999807091073123,"log_lik_sum",1,TRUE,300
