"mean","lower","mid","upper","ESS","Rhat","var","ivar","converged","ess.thres"
21.8672313592418,20.4444871447615,21.5636756696725,25.2136963147932,6320.08126212099,1.00067106810168,"rmse",1,TRUE,300
-1281.46035422981,-1292.72871375086,-1281.18942016412,-1271.88778447369,5154.11644555588,1.00029412482472,"log_lik_sum",1,TRUE,300
