"mean","lower","mid","upper","ESS","Rhat","var","ivar","converged","ess.thres"
12.253430393753,9.28573120700001,11.6530556142223,18.5318944961686,6621.09778541787,1.00043699452062,"rmse",1,TRUE,300
-1158.235172496,-1169.12636096973,-1157.90032973955,-1149.39123213396,5967.38037859171,1.00085420054996,"log_lik_sum",1,TRUE,300
