"mean","lower","mid","upper","ESS","Rhat","var","ivar","converged","ess.thres"
62.0128102859163,57.2045127801736,61.1952554142134,71.3852025886978,7070.72529473119,1.00006550022441,"rmse",1,TRUE,300
-1994.2104411713,-2005.8300605419,-1993.84599332805,-1984.62375657028,6946.69341993424,0.999683347189949,"log_lik_sum",1,TRUE,300
