"mean","lower","mid","upper","ESS","Rhat","var","ivar","converged","ess.thres"
40.4464220363728,38.3025653559754,40.1731652724327,44.2561728486371,7174.44605793499,0.999783121483928,"rmse",1,TRUE,300
-1636.56285348,-1647.57858135041,-1636.18395388772,-1627.53530688565,6795.82205830656,1.00019111562088,"log_lik_sum",1,TRUE,300
