"mean","lower","mid","upper","ESS","Rhat","var","ivar","converged","ess.thres"
36.7837363849662,35.2601038715946,36.5738879333611,39.4607606607634,7016.15350399131,0.999868938697804,"rmse",1,TRUE,300
-1826.46927533077,-1838.11722229537,-1826.14472297919,-1817.00392320431,6859.00915420459,1.00001146054148,"log_lik_sum",1,TRUE,300
