"mean","lower","mid","upper","ESS","Rhat","var","ivar","converged","ess.thres"
70.610366127522,65.0842196336853,69.3939636599407,82.9821004455114,6759.13140564548,1.00037724126567,"rmse",1,TRUE,300
-1962.91585665074,-1973.8922671096,-1962.5700409002,-1953.81997681433,5768.01928108647,0.999800668359311,"log_lik_sum",1,TRUE,300
