"mean","lower","mid","upper","ESS","Rhat","var","ivar","converged","ess.thres"
91.9608868558922,84.2891170486053,91.0354985911884,104.972631035169,7015.61367734417,0.999778021469323,"rmse",1,TRUE,300
-2145.75806640304,-2157.48366387976,-2145.41252874672,-2136.32510136633,6696.51403461435,1.00019946914381,"log_lik_sum",1,TRUE,300
