"mean","lower","mid","upper","ESS","Rhat","var","ivar","converged","ess.thres"
42.1551935428784,39.6369228199968,41.7325016916775,47.0623887037315,6487.97805350835,0.999935229038906,"rmse",1,TRUE,300
-1935.53741189023,-1946.56727474919,-1935.20256750182,-1926.16738297936,6098.84812730465,0.999707633314343,"log_lik_sum",1,TRUE,300
