"mean","lower","mid","upper","ESS","Rhat","var","ivar","converged","ess.thres"
15.5919518925199,14.8291267835182,15.4782790712433,16.9652254726908,6840.1968333323,1.0001341133872,"rmse",1,TRUE,300
-1432.20688222555,-1443.00999223653,-1431.81467267319,-1423.10428286453,6231.47559613078,0.999780123858528,"log_lik_sum",1,TRUE,300
