"mean","lower","mid","upper","ESS","Rhat","var","ivar","converged","ess.thres"
102.886394684709,95.6257251652524,102.239300265873,113.896422847137,6948.32519845536,1.00005993783999,"rmse",1,TRUE,300
-2232.92716178124,-2244.56137020636,-2232.56876657396,-2223.0918617017,6251.66315896144,1.00061258364229,"log_lik_sum",1,TRUE,300
