"mean","lower","mid","upper","ESS","Rhat","var","ivar","converged","ess.thres"
157.789094015148,148.149089729852,156.402221975776,175.603379949532,6754.17414012148,1.00017517953449,"rmse",1,TRUE,300
-2146.04177254418,-2157.72578222883,-2145.67515153835,-2136.38921433384,6305.75734837107,1.00013899483008,"log_lik_sum",1,TRUE,300
