"mean","lower","mid","upper","ESS","Rhat","var","ivar","converged","ess.thres"
28.5930588320193,26.7621744170698,28.3086837846338,31.98706630288,5162.49562579432,1.00002000929712,"rmse",1,TRUE,300
-1509.23401589391,-1520.34948486637,-1508.93777435599,-1500.01747571949,5184.8338962585,0.99993324205683,"log_lik_sum",1,TRUE,300
