"mean","lower","mid","upper","ESS","Rhat","var","ivar","converged","ess.thres"
32.2331322724987,28.6679894584865,31.8401148651914,38.1351496934177,6768.83098592091,0.99993587143104,"rmse",1,TRUE,300
-1473.92861607505,-1485.92368159484,-1473.63060219623,-1463.86612435903,6469.91612553149,0.999836998272497,"log_lik_sum",1,TRUE,300
