"mean","lower","mid","upper","ESS","Rhat","var","ivar","converged","ess.thres"
174.027836796014,167.302477938172,173.248724124023,184.825255175622,6832.64317878374,0.999686707769735,"rmse",1,TRUE,300
-2534.82454072171,-2543.33052780616,-2534.48548215165,-2528.43265730492,6975.600344405,0.999954488350264,"log_lik_sum",1,TRUE,300
