"mean","lower","mid","upper","ESS","Rhat","var","ivar","converged","ess.thres"
29.149125983539,26.9696536381012,28.806869536556,33.286983325445,4875.05699292438,1.00200064046315,"rmse",1,TRUE,300
-1567.39942885071,-1576.92059217059,-1566.95741097656,-1560.50208264019,5518.60075425683,1.00137935739613,"log_lik_sum",1,TRUE,300
