"mean","lower","mid","upper","ESS","Rhat","var","ivar","converged","ess.thres"
126.599050048241,112.926353526153,125.132268210446,148.702709251022,3455.73814294862,1.00188585692833,"rmse",1,TRUE,300
-2336.14849783171,-2345.47718903491,-2335.75691240674,-2329.12832825249,4447.93491050374,1.00111066999239,"log_lik_sum",1,TRUE,300
