"mean","lower","mid","upper","ESS","Rhat","var","ivar","converged","ess.thres"
49.0580772964352,45.0838972999814,48.4888657761594,56.4208158455024,4939.14392766119,0.999712367645887,"rmse",1,TRUE,300
-1748.71690916618,-1758.29584524663,-1748.25035927272,-1741.6882823829,5869.81027788022,0.999777820002792,"log_lik_sum",1,TRUE,300
