"mean","lower","mid","upper","ESS","Rhat","var","ivar","converged","ess.thres"
83.5828030229784,79.7432832849116,83.0689253281008,90.6093552649318,6253.85561989429,1.00083860839702,"rmse",1,TRUE,300
-1961.30044955151,-1970.48511035185,-1960.88195094696,-1954.50562085173,6844.55873392628,1.00032751684657,"log_lik_sum",1,TRUE,300
