"mean","lower","mid","upper","ESS","Rhat","var","ivar","converged","ess.thres"
185.593224745158,178.488764669084,184.392300208081,201.184044609028,6998.65948697609,0.999964826010887,"rmse",1,TRUE,300
-2349.33022860291,-2358.29623738603,-2348.9615915886,-2342.49857843741,6799.63427984654,1.00033100943276,"log_lik_sum",1,TRUE,300
