"mean","lower","mid","upper","ESS","Rhat","var","ivar","converged","ess.thres"
53.599590751852,49.3693447106044,53.103907356056,60.514617345569,6013.41346401949,1.00031883098096,"rmse",1,TRUE,300
-2088.91654741747,-2097.42787700235,-2088.5596386933,-2082.55196354012,6682.77944237007,0.999930195391685,"log_lik_sum",1,TRUE,300
