"mean","lower","mid","upper","ESS","Rhat","var","ivar","converged","ess.thres"
78.6774886714868,73.2243065919698,77.6100735121091,90.1236858313608,1395.70397117471,1.00012376193925,"rmse",1,TRUE,300
-1844.0305269814,-1853.6252898799,-1843.642710692,-1836.73898779144,2107.42253629588,1.0001847767622,"log_lik_sum",1,TRUE,300
