"mean","lower","mid","upper","ESS","Rhat","var","ivar","converged","ess.thres"
12.2936391602266,10.0159040720853,12.0464430885494,16.1549030983798,4221.46529646759,1.00045547602848,"rmse",1,TRUE,300
-1201.70714737842,-1214.42610713879,-1201.2561343181,-1192.06818574298,3845.04076087006,1.00073184032373,"log_lik_sum",1,TRUE,300
