"mean","lower","mid","upper","ESS","Rhat","var","ivar","converged","ess.thres"
246.322333149639,232.892903590099,244.259160759316,271.89227658633,5646.53151687777,1.00046192069171,"rmse",1,TRUE,300
-2635.86690253506,-2644.84906810904,-2635.50477701707,-2629.30109799166,7047.90744585268,1.00007132629797,"log_lik_sum",1,TRUE,300
