"mean","lower","mid","upper","ESS","Rhat","var","ivar","converged","ess.thres"
252.958290220736,237.246892762692,250.950606686266,280.8111795382,6109.54759209515,1.00012436659195,"rmse",1,TRUE,300
-2678.71757583435,-2687.91773743074,-2678.26859919327,-2672.06979924018,6673.15233682679,1.00028177537161,"log_lik_sum",1,TRUE,300
