"mean","lower","mid","upper","ESS","Rhat","var","ivar","converged","ess.thres"
68.2423837132122,61.9973052829078,67.7232143102104,77.1836525952836,5923.96632327291,0.999780531719878,"rmse",1,TRUE,300
-2214.55389837035,-2222.86068422914,-2214.13315286679,-2208.32963704359,6988.43455050958,0.99997777807495,"log_lik_sum",1,TRUE,300
