"mean","lower","mid","upper","ESS","Rhat","var","ivar","converged","ess.thres"
76.3565735564069,74.0412384173543,76.1335298767354,79.9012211912168,6930.42194313298,1.00031805920697,"rmse",1,TRUE,300
-1952.59377183848,-1960.8459147228,-1952.22712939059,-1946.2515771666,7004.65939517495,0.999866348003645,"log_lik_sum",1,TRUE,300
