"mean","lower","mid","upper","ESS","Rhat","var","ivar","converged","ess.thres"
43.0607163780048,40.9526799018603,42.7705620931321,46.8500926912376,5307.35646904693,1.00012284701836,"rmse",1,TRUE,300
-1916.38983546679,-1924.84940064386,-1916.02318817044,-1909.85719215412,6704.32577109203,0.999906868751655,"log_lik_sum",1,TRUE,300
