"mean","lower","mid","upper","ESS","Rhat","var","ivar","converged","ess.thres"
64.054971058109,56.5056590497737,63.4613455315555,75.0518751144337,3786.10057147764,1.00045058038033,"rmse",1,TRUE,300
-1932.33150778446,-1944.03069894366,-1931.92171516898,-1923.09117186628,6934.57655594975,0.999677629055849,"log_lik_sum",1,TRUE,300
