"mean","lower","mid","upper","ESS","Rhat","var","ivar","converged","ess.thres"
28.5161003031974,24.2168802557055,28.1314687018261,35.1740590098522,2170.70989297823,1.00023543346842,"rmse",1,TRUE,300
-1673.51495394831,-1684.01960260929,-1673.02524237995,-1665.64526409295,2289.60380722461,1.00049454434093,"log_lik_sum",1,TRUE,300
