"mean","lower","mid","upper","ESS","Rhat","var","ivar","converged","ess.thres"
91.3059104295708,79.1358129952565,89.6391909088973,112.493827040825,3378.52408713372,0.999924292843411,"rmse",1,TRUE,300
-1902.46181453624,-1913.46975277506,-1901.91198705444,-1894.87750418952,4487.60281685606,1.00042744297966,"log_lik_sum",1,TRUE,300
