"mean","lower","mid","upper","ESS","Rhat","var","ivar","converged","ess.thres"
50.4071785000789,44.1922860603809,49.6872044765647,60.7086646119541,2541.58414927645,1.00144872075597,"rmse",1,TRUE,300
-1784.14849019452,-1793.86391394913,-1783.66944491523,-1777.31209380674,3787.55763285048,1.00127524265769,"log_lik_sum",1,TRUE,300
