"mean","lower","mid","upper","ESS","Rhat","var","ivar","converged","ess.thres"
42.4870488356283,40.2943820127283,42.2060974646995,46.2365612745247,5453.63969068976,1.00013702854711,"rmse",1,TRUE,300
-1844.95103070776,-1853.6760050236,-1844.61829514383,-1838.56468666193,6624.09983167652,1.00011257120031,"log_lik_sum",1,TRUE,300
