"mean","lower","mid","upper","ESS","Rhat","var","ivar","converged","ess.thres"
65.9791250700025,62.1008019540918,64.9927023921383,75.9287937437718,6088.8586986581,0.999703823497739,"rmse",1,TRUE,300
-1933.3925782291,-1942.54659607151,-1932.9571285417,-1926.6943277778,6644.36392140092,1.00001081095274,"log_lik_sum",1,TRUE,300
