"mean","lower","mid","upper","ESS","Rhat","var","ivar","converged","ess.thres"
91.2308634356225,84.0859045858631,90.2050683813608,103.801239523391,4229.12711629223,0.999888056090984,"rmse",1,TRUE,300
-2053.82575641494,-2063.11914241302,-2053.39303143823,-2046.94645099093,5048.46614763784,1.00051659220942,"log_lik_sum",1,TRUE,300
