"mean","lower","mid","upper","ESS","Rhat","var","ivar","converged","ess.thres"
22.7746056306596,20.7725584815812,22.4837861887008,26.3622684515906,4295.96775985862,1.00121206143518,"rmse",1,TRUE,300
-1701.36629140068,-1710.39371537511,-1700.91139871798,-1694.56810199948,5063.49458877476,1.00041754799554,"log_lik_sum",1,TRUE,300
