"mean","lower","mid","upper","ESS","Rhat","var","ivar","converged","ess.thres"
56.0127277125871,53.2554460722902,55.7031226491284,60.6248043211399,6641.23768715186,1.00065627550121,"rmse",1,TRUE,300
-2040.60155588657,-2048.98482097581,-2040.23842393248,-2034.24170081625,6947.67707955918,1.00049639115229,"log_lik_sum",1,TRUE,300
