"mean","lower","mid","upper","ESS","Rhat","var","ivar","converged","ess.thres"
38.5326689625812,36.5946950905222,38.2993306250719,41.9038126225089,6667.81194325075,0.999956511576465,"rmse",1,TRUE,300
-1817.76625354696,-1826.19308709177,-1817.39243204528,-1811.39970525996,7196.82056827548,0.999645952123564,"log_lik_sum",1,TRUE,300
