"mean","lower","mid","upper","ESS","Rhat","var","ivar","converged","ess.thres"
13.5518663353444,12.6281620338524,13.4189037574894,15.2811852355967,6413.02500517036,0.999759778801231,"rmse",1,TRUE,300
-1223.66034641461,-1232.10151473863,-1223.30309072964,-1217.26304547452,7032.87323546413,0.999940641436359,"log_lik_sum",1,TRUE,300
