"mean","lower","mid","upper","ESS","Rhat","var","ivar","converged","ess.thres"
74.2157064720874,69.0973213059105,73.5905862492284,82.8059809360596,6100.30656012018,1.00049036910407,"rmse",1,TRUE,300
-2213.64871925149,-2222.01901096126,-2213.29918826484,-2207.48180466278,6972.7384765159,1.00071787963535,"log_lik_sum",1,TRUE,300
