"mean","lower","mid","upper","ESS","Rhat","var","ivar","converged","ess.thres"
63.4072631749398,57.0388833015954,62.850566422161,73.1712946385151,4510.63031658659,1.00048369030131,"rmse",1,TRUE,300
-2237.84253274502,-2246.77015864501,-2237.49967221233,-2231.07692496024,5359.26372030743,1.00012291176313,"log_lik_sum",1,TRUE,300
