"mean","lower","mid","upper","ESS","Rhat","var","ivar","converged","ess.thres"
103.996954390856,95.3126366745925,102.842799266332,119.066080822026,6087.16426741415,0.999995737180335,"rmse",1,TRUE,300
-2247.5233819523,-2256.45845575172,-2247.10440374525,-2240.87552544513,6623.54198212668,1.00028369050337,"log_lik_sum",1,TRUE,300
