"mean","lower","mid","upper","ESS","Rhat","var","ivar","converged","ess.thres"
170.426111821072,154.976193858406,168.358733420781,197.793132058452,5514.35980548765,1.00025050171668,"rmse",1,TRUE,300
-2583.15436318362,-2591.76970132581,-2582.75955731925,-2576.54914951582,6439.24431960607,1.00015258946358,"log_lik_sum",1,TRUE,300
