"mean","lower","mid","upper","ESS","Rhat","var","ivar","converged","ess.thres"
50.6798698915942,48.0825707196722,50.3874220756362,55.0162291576738,6245.76705360886,0.999987126162874,"rmse",1,TRUE,300
-2031.31516612951,-2039.49361377963,-2030.93630003111,-2025.16446441116,6682.08279102745,0.999792313290651,"log_lik_sum",1,TRUE,300
