"mean","lower","mid","upper","ESS","Rhat","var","ivar","converged","ess.thres"
99.5589749227012,94.6854494911622,98.9864320900304,107.700042755673,6729.17308946792,1.00050985105018,"rmse",1,TRUE,300
-2092.64210482255,-2100.97680645729,-2092.26118226266,-2086.38439158583,6636.0595814124,1.00033292952737,"log_lik_sum",1,TRUE,300
