"mean","lower","mid","upper","ESS","Rhat","var","ivar","converged","ess.thres"
125.541750494129,119.801836256837,124.709232474345,136.098873968678,6974.57535454154,0.999836927500801,"rmse",1,TRUE,300
-2351.7247207868,-2360.47710599545,-2351.34022441023,-2345.2029990366,6374.31876240017,0.999733167904657,"log_lik_sum",1,TRUE,300
