"mean","lower","mid","upper","ESS","Rhat","var","ivar","converged","ess.thres"
61.4449732546637,55.0119921294478,60.8647525137449,71.274592595649,6091.80642177038,1.0004210016961,"rmse",1,TRUE,300
-2089.37447486791,-2097.55593692051,-2089.01017260447,-2083.10667589718,7209.04583146083,0.999655709624986,"log_lik_sum",1,TRUE,300
