"mean","lower","mid","upper","ESS","Rhat","var","ivar","converged","ess.thres"
80.7838679483349,70.7187881461369,79.4337547278582,98.2265529209049,3264.00533871581,1.00019541340927,"rmse",1,TRUE,300
-2023.12175799164,-2033.21573587365,-2022.65898517288,-2015.8250659003,3929.80173156857,1.00033791763997,"log_lik_sum",1,TRUE,300
