"mean","lower","mid","upper","ESS","Rhat","var","ivar","converged","ess.thres"
45.7842011683327,43.8861033809602,45.4868647754183,49.3998119600135,4391.72782406596,0.99999121354307,"rmse",1,TRUE,300
-1648.26960494349,-1657.22714648073,-1647.88506924984,-1641.59784808912,4975.1514167921,1.00049379946939,"log_lik_sum",1,TRUE,300
