"mean","lower","mid","upper","ESS","Rhat","var","ivar","converged","ess.thres"
41.6362860989019,38.4719799059836,40.9557349059251,48.7354251685312,4297.88298216413,1.00063267117427,"rmse",1,TRUE,300
-1675.41533455814,-1685.92737096081,-1674.84014609182,-1668.01731148329,4086.98841400759,0.999837887241196,"log_lik_sum",1,TRUE,300
