"mean","lower","mid","upper","ESS","Rhat","var","ivar","converged","ess.thres"
109.190816030379,104.621510464112,108.398488892753,118.783250992421,4368.81327835139,1.0006834445133,"rmse",1,TRUE,300
-2323.01057402824,-2332.85872514078,-2322.60998892194,-2315.3138298047,4945.95894761027,1.00015856967599,"log_lik_sum",1,TRUE,300
