"mean","lower","mid","upper","ESS","Rhat","var","ivar","converged","ess.thres"
73.4928392428054,64.8220733136751,71.8155615289195,91.775975589437,5862.38863590361,0.999733192730945,"rmse",1,TRUE,300
-1994.64710239564,-2004.2507117512,-1994.33673497678,-1986.86788559046,5688.4831408888,1.00007137191116,"log_lik_sum",1,TRUE,300
