"mean","lower","mid","upper","ESS","Rhat","var","ivar","converged","ess.thres"
164.876875057929,155.241719052843,162.701505513924,187.039333171455,3223,1.00032928683092,"rmse",1,TRUE,300
-2186.70726311156,-2197.03506181234,-2186.35046607565,-2177.64682798526,3126,1.00004500672232,"log_lik_sum",1,TRUE,300
