"mean","lower","mid","upper","ESS","Rhat","var","ivar","converged","ess.thres"
47.7745703476308,44.6836869855306,47.3748458589137,53.1111840014134,6766.73672145726,1.00015194299968,"rmse",1,TRUE,300
-2054.79673373255,-2064.75848617257,-2054.47849834405,-2046.40086929625,6649.99989255786,1.00007651389492,"log_lik_sum",1,TRUE,300
