"mean","lower","mid","upper","ESS","Rhat","var","ivar","converged","ess.thres"
224.338532212776,213.13251282223,222.387303200579,247.652431176207,7212.29906392759,1.00012167231393,"rmse",1,TRUE,300
-2583.76829853427,-2594.1996878797,-2583.44619940103,-2575.21130796005,6951.63711458059,1.000249761966,"log_lik_sum",1,TRUE,300
