"mean","lower","mid","upper","ESS","Rhat","var","ivar","converged","ess.thres"
212.821244851103,202.130414915682,210.943944523339,235.095274820853,3012,1.00017369855994,"rmse",1,TRUE,300
-2533.81657024667,-2545.22048642328,-2533.39065541874,-2524.58085664631,3201,0.999926923150628,"log_lik_sum",1,TRUE,300
