"mean","lower","mid","upper","ESS","Rhat","var","ivar","converged","ess.thres"
69.1819689295892,65.0732522001954,68.3155868474191,78.2798824026344,6877.99231601648,1.00010475170715,"rmse",1,TRUE,300
-1859.99514587544,-1870.20668686918,-1859.69971617843,-1851.46050627174,6213.36421811965,0.99990086368596,"log_lik_sum",1,TRUE,300
