"mean","lower","mid","upper","ESS","Rhat","var","ivar","converged","ess.thres"
49.0162576898683,46.9344323398824,48.7522734205589,52.9167896743707,7000.17450644221,1.0001304697558,"rmse",1,TRUE,300
-1878.64781267433,-1889.67361267677,-1878.30778061424,-1869.68924162921,6890.84231021496,1.00032534538705,"log_lik_sum",1,TRUE,300
