"mean","lower","mid","upper","ESS","Rhat","var","ivar","converged","ess.thres"
21.3684992395463,20.5474892276653,21.2498951496042,22.8651304877317,5711.43655263321,1.00034011538971,"rmse",1,TRUE,300
-1610.47194965886,-1621.39784825748,-1610.1774826796,-1601.51313381415,4591.597695378,1.00013032160135,"log_lik_sum",1,TRUE,300
