"mean","lower","mid","upper","ESS","Rhat","var","ivar","converged","ess.thres"
20.5187564885435,19.6061790892742,20.3906731014582,22.201358985324,6618.66856026322,1.0005212419538,"rmse",1,TRUE,300
-1667.95690170313,-1677.99763123761,-1667.69122422433,-1659.33369805895,6663.12449563826,1.00032101332161,"log_lik_sum",1,TRUE,300
