"mean","lower","mid","upper","ESS","Rhat","var","ivar","converged","ess.thres"
63.1184965356478,57.9986289750143,61.9601514931756,74.8807926766615,7017.70379205402,1.00009196962159,"rmse",1,TRUE,300
-2092.84152980082,-2103.5100748857,-2092.51842840941,-2083.92792977248,6986.32642302022,0.99975496797849,"log_lik_sum",1,TRUE,300
