"mean","lower","mid","upper","ESS","Rhat","var","ivar","converged","ess.thres"
23.2078029686004,21.6521488872116,22.8414053830852,27.0629133781014,6675.01190318814,1.00018393123608,"rmse",1,TRUE,300
-1328.61328793516,-1339.10449304545,-1328.25465079662,-1319.85373420238,5863.49144703483,0.999655430803498,"log_lik_sum",1,TRUE,300
