"mean","lower","mid","upper","ESS","Rhat","var","ivar","converged","ess.thres"
10.8200896714083,9.85926063511396,10.7335179162327,12.3073340671147,6744.341825103,0.99979565179351,"rmse",1,TRUE,300
-1210.13390590494,-1221.27354748182,-1209.79603003869,-1201.12214378613,6247.36373095461,0.999908158740629,"log_lik_sum",1,TRUE,300
