"mean","lower","mid","upper","ESS","Rhat","var","ivar","converged","ess.thres"
69.4389808166418,63.0368606040156,68.1674557568828,83.0422442905958,6619.24714919261,0.999716727568417,"rmse",1,TRUE,300
-1989.60382741918,-2000.26057140386,-1989.25493691066,-1981.02698508276,5655.17505369874,1.00000470053766,"log_lik_sum",1,TRUE,300
