"mean","lower","upper","ESS","Rhat","var","ivar","converged","ess.thres"
18.2890240310299,15.8980777746536,22.1982996554668,2530.73735912918,1.00034813158373,"rmse",1,TRUE,300
-1412.1810219262,-1428.6142208526,-1393.94633806928,1180.78333041041,1.00060086811306,"log_lik_sum",1,TRUE,300
