"mean","lower","upper","ESS","Rhat","var","ivar","converged","ess.thres"
28.276488585092,24.6250047784201,33.0841350080159,5828.11891036689,1.00003683886872,"rmse",1,TRUE,300
-1780.85547799176,-1799.08629516293,-1764.1691743215,4130.79429873898,0.999762498463285,"log_lik_sum",1,TRUE,300
