"mean","lower","upper","ESS","Rhat","var","ivar","converged","ess.thres"
29.0576625844902,23.3675528920461,35.6481525530979,3967.02649025043,0.99990269429515,"rmse",1,TRUE,300
-1671.04219217562,-1691.07950400692,-1645.08528788028,2189.16757781998,1.00027227022379,"log_lik_sum",1,TRUE,300
