"mean","lower","upper","ESS","Rhat","var","ivar","converged","ess.thres"
55.1093181745058,46.8358370797409,65.4894144479325,4455.58463120993,1.00200811512856,"rmse",1,TRUE,300
-2041.13778317522,-2059.80393034771,-2018.89126967795,2071.73584297687,1.00706189556573,"log_lik_sum",1,TRUE,300
