"mean","lower","upper","ESS","Rhat","var","ivar","converged","ess.thres"
331.461816345309,268.581005820487,410.354518417011,6944.12383841525,0.999765763287661,"rmse",1,TRUE,300
-2939.33060653821,-2955.01401553303,-2924.28838752611,4803.70708557057,1.00091338566844,"log_lik_sum",1,TRUE,300
