"mean","lower","upper","ESS","Rhat","var","ivar","converged","ess.thres"
69.0573352514808,60.4827251529283,80.1825268478517,5450.4943344058,0.999970581799169,"rmse",1,TRUE,300
-2074.86015562523,-2096.369904982,-2055.52082602697,3584.29698667379,1.00024982062758,"log_lik_sum",1,TRUE,300
