"mean","lower","upper","ESS","Rhat","var","ivar","converged","ess.thres"
30.9257326325236,25.7669372349152,39.4526651317957,4823.79553482374,1.00054305893147,"rmse",1,TRUE,300
-1933.19119014913,-1963.09718064457,-1909.36603641713,3889.74855460291,1.00073615406611,"log_lik_sum",1,TRUE,300
