"mean","lower","upper","ESS","Rhat","var","ivar","converged","ess.thres"
16.9370188115742,14.2048046735584,21.1068866683321,5884.32838615722,1.00005300499791,"rmse",1,TRUE,300
-1665.03998409473,-1689.66363223285,-1642.22288872456,4464.9826616691,1.00037749937029,"log_lik_sum",1,TRUE,300
