"mean","lower","upper","ESS","Rhat","var","ivar","converged","ess.thres"
42.9974867089805,32.028235865763,57.5822229426166,7066.44043276566,0.999668939976487,"rmse",1,TRUE,300
-1648.00057770322,-1661.84653683499,-1636.05485027168,7159.31662812412,1.00013260438392,"log_lik_sum",1,TRUE,300
