"mean","lower","upper","ESS","Rhat","var","ivar","converged","ess.thres"
34.6292307714424,28.5078396713478,44.6494354546783,5228.39538730908,1.00033953346876,"rmse",1,TRUE,300
-1664.46533844857,-1680.7048071076,-1648.08770981503,3257.45952711946,1.00047385261362,"log_lik_sum",1,TRUE,300
