"mean","lower","upper","ESS","Rhat","var","ivar","converged","ess.thres"
61.1756596625015,54.1634296263024,73.4629755470119,4516.73857337587,0.999842941644458,"rmse",1,TRUE,300
-1831.74433350903,-1845.35564955783,-1819.11180021538,2404.06472501114,1.00081500573323,"log_lik_sum",1,TRUE,300
