"mean","lower","upper","ESS","Rhat","var","ivar","converged","ess.thres"
33.141193527346,25.8838468239867,42.3510194530206,1553.46742783392,1.00116022717666,"rmse",1,TRUE,300
-1792.03228413505,-1821.97876208732,-1761.34165740388,1132.90606788427,1.00239909090406,"log_lik_sum",1,TRUE,300
