"mean","lower","upper","ESS","Rhat","var","ivar","converged","ess.thres"
13.1081018482978,10.1365523828831,17.0906043603637,3665.11865775483,1.00052215856217,"rmse",1,TRUE,300
-1442.27653102082,-1462.71018029521,-1418.4131984691,1619.90302289848,1.00083103867068,"log_lik_sum",1,TRUE,300
