"mean","lower","upper","ESS","Rhat","var","ivar","converged","ess.thres"
50.2732634034686,43.9419216086221,59.4296485196322,5046.67351682515,1.00007899718649,"rmse",1,TRUE,300
-1959.89165399193,-1984.66866242195,-1942.20176366879,4238.79606269355,0.999994380082301,"log_lik_sum",1,TRUE,300
