"mean","lower","upper","ESS","Rhat","var","ivar","converged","ess.thres"
35.3363199814193,29.9357845147976,42.209943972746,6284.76996338044,1.0001527349571,"rmse",1,TRUE,300
-1833.83277478248,-1851.57343342147,-1818.37906144043,4756.52711191334,1.00037127056505,"log_lik_sum",1,TRUE,300
