"mean","lower","upper","ESS","Rhat","var","ivar","converged","ess.thres"
208.359122140954,140.273569333717,468.464270770362,5271.18984876558,0.999792700423248,"rmse",1,TRUE,300
-2099.05059659095,-2118.05674608509,-2083.96800814511,5681.83636060539,1.00013607073492,"log_lik_sum",1,TRUE,300
