"mean","lower","upper","ESS","Rhat","var","ivar","converged","ess.thres"
17.1532748037792,15.2150010491463,20.6959381992269,2527.33984446815,0.999907025633543,"rmse",1,TRUE,300
-1189.23782472576,-1203.19609276181,-1176.76011867225,3542.1046231278,1.00064106617711,"log_lik_sum",1,TRUE,300
