"mean","lower","upper","ESS","Rhat","var","ivar","converged","ess.thres"
36.0852439797899,31.9861059349613,41.7238501324298,6778.43560917959,1.00028654332102,"rmse",1,TRUE,300
-1727.25270819777,-1741.1661047214,-1714.34322819506,6211.91830958238,1.00064578309139,"log_lik_sum",1,TRUE,300
