"mean","lower","upper","ESS","Rhat","var","ivar","converged","ess.thres"
88.0705903437514,65.8095004755932,121.599287477672,1671.10575032697,0.999953254734244,"rmse",1,TRUE,300
-2212.16094469133,-2250.67842742004,-2188.56561120018,1103.32941946877,1.00018397533763,"log_lik_sum",1,TRUE,300
