"mean","lower","upper","ESS","Rhat","var","ivar","converged","ess.thres"
39.3868633862467,35.5648182035447,43.6876284527915,5961.14658546678,1.00077540550971,"rmse",1,TRUE,300
-1850.89966461115,-1864.84698639338,-1838.03170603866,4971.10380893689,1.00072076944472,"log_lik_sum",1,TRUE,300
