"mean","lower","upper","ESS","Rhat","var","ivar","converged","ess.thres"
33.2488315094177,30.1811612541322,37.0574979558859,6990.91566058124,0.999989092846402,"rmse",1,TRUE,300
-1686.55638407716,-1699.08939917754,-1675.75436750883,6791.48757328749,1.00007818974125,"log_lik_sum",1,TRUE,300
