"mean","lower","upper","ESS","Rhat","var","ivar","converged","ess.thres"
13.7393979012168,12.0626068903622,16.3915603972938,6506.46152813311,1.00041391656608,"rmse",1,TRUE,300
-1355.49639080276,-1369.72659615369,-1344.11525678875,6082.24786301855,1.00015981137223,"log_lik_sum",1,TRUE,300
