"mean","lower","upper","ESS","Rhat","var","ivar","converged","ess.thres"
25.7735200496217,19.7574881080845,41.2971648229898,2218.69667595529,1.00068454852068,"rmse",1,TRUE,300
-1420.73727940923,-1435.65885462894,-1407.42286251883,3614.99877577388,0.999994894848871,"log_lik_sum",1,TRUE,300
