"mean","lower","upper","ESS","Rhat","var","ivar","converged","ess.thres"
65.2273554150161,57.9435258779823,74.0750801288271,6418.79918800851,1.00002144668432,"rmse",1,TRUE,300
-2063.89507131502,-2081.11356266849,-2049.10569851644,4550.70170100911,1.00000036201546,"log_lik_sum",1,TRUE,300
