"mean","lower","upper","ESS","Rhat","var","ivar","converged","ess.thres"
10.5091050384706,8.56158628091029,14.0179663544053,6320.58690219624,1.00058906933039,"rmse",1,TRUE,300
-1291.92657445405,-1309.26737013066,-1276.81058254853,5684.00890959938,1.00069192041967,"log_lik_sum",1,TRUE,300
