"mean","lower","upper","ESS","Rhat","var","ivar","converged","ess.thres"
11.2542499625497,9.51781424206471,13.5762206913363,5997.20601270208,1.00002597248445,"rmse",1,TRUE,300
-1535.64285646132,-1554.51069110227,-1519.10053368278,4933.1005165435,0.999887287293584,"log_lik_sum",1,TRUE,300
