"mean","lower","upper","ESS","Rhat","var","ivar","converged","ess.thres"
25.0884472426598,21.6253409688703,29.885700553696,6953.66240681641,1.00009350545743,"rmse",1,TRUE,300
-1852.36241481639,-1871.85497959508,-1836.63827719816,4489.85906280003,1.00077413329979,"log_lik_sum",1,TRUE,300
