"mean","lower","upper","ESS","Rhat","var","ivar","converged","ess.thres"
34.918184285166,30.2831485861078,41.5408388101136,7059.78937041818,1.00012766264129,"rmse",1,TRUE,300
-1625.37734264742,-1645.72667941669,-1606.62467168903,3783.34220218993,1.00035336268181,"log_lik_sum",1,TRUE,300
