"mean","lower","upper","ESS","Rhat","var","ivar","converged","ess.thres"
26.5700468359587,22.4889739313698,33.372993929875,5723.42388403739,0.999746125021592,"rmse",1,TRUE,300
-1661.05200512586,-1678.35604055788,-1646.64733794029,5471.39736856854,0.999922046289489,"log_lik_sum",1,TRUE,300
