"mean","lower","upper","ESS","Rhat","var","ivar","converged","ess.thres"
36.0106577701233,28.0244287160845,49.6137682893616,4968.46823733862,1.00030002267906,"rmse",1,TRUE,300
-1538.79721001577,-1556.6007476494,-1523.21862525785,1993.03084779029,1.00174732096267,"log_lik_sum",1,TRUE,300
