"mean","lower","upper","ESS","Rhat","var","ivar","converged","ess.thres"
3.63233066905934,3.16801911598937,4.2716778250838,6857.27277400501,1.00006395230676,"rmse",1,TRUE,300
-936.983631266608,-953.594708297296,-922.679270084613,6276.23268693378,1.00056458042047,"log_lik_sum",1,TRUE,300
