"mean","lower","upper","ESS","Rhat","var","ivar","converged","ess.thres"
43.9858309255788,38.5871193934199,50.1416171603101,7133.42670608531,1.00045868985015,"rmse",1,TRUE,300
-1626.50077588793,-1643.39547273952,-1611.76097126514,5398.07416526701,1.00032064690202,"log_lik_sum",1,TRUE,300
