"mean","lower","upper","ESS","Rhat","var","ivar","converged","ess.thres"
30.6691213042258,26.1114596910342,37.8449052273391,6853.64107523208,1.00044668194455,"rmse",1,TRUE,300
-1854.06644662596,-1870.7329335281,-1839.30930188933,5285.56932563192,1.00039190236911,"log_lik_sum",1,TRUE,300
