"mean","lower","upper","ESS","Rhat","var","ivar","converged","ess.thres"
8.4842330601491,7.2810137131406,10.1098907814247,2724,1.00084119819315,"rmse",1,TRUE,300
-1154.57976797723,-1174.74134310478,-1137.69010481995,978,1.00217092748308,"log_lik_sum",1,TRUE,300
