"mean","lower","upper","ESS","Rhat","var","ivar","converged","ess.thres"
83.8583436279375,74.0491340778198,96.1954592276695,6696.1569510305,0.999886848075178,"rmse",1,TRUE,300
-2166.62247923053,-2185.57600859876,-2150.8615101312,4876.93114384495,1.00055457862533,"log_lik_sum",1,TRUE,300
