"mean","lower","upper","ESS","Rhat","var","ivar","converged","ess.thres"
23.6660747669455,20.2377120858158,29.4694540133667,6039.15416299675,0.999939066050088,"rmse",1,TRUE,300
-1623.65633051303,-1640.55858076543,-1608.57557682052,4377.59707491858,1.00094806435611,"log_lik_sum",1,TRUE,300
