"mean","lower","upper","ESS","Rhat","var","ivar","converged","ess.thres"
32.3213594581394,27.9876715742506,38.3329825199386,6454.82622584821,1.00039883018131,"rmse",1,TRUE,300
-1863.62523585739,-1881.82117639432,-1848.57731719712,5819.11875434523,0.999915643713929,"log_lik_sum",1,TRUE,300
