"mean","lower","upper","ESS","Rhat","var","ivar","converged","ess.thres"
12.9604878538235,10.5304335943623,16.178263035151,6669.69936022939,1.00023949482423,"rmse",1,TRUE,300
-1539.43469794034,-1558.17611645916,-1522.54816143627,4508.23029736644,1.00018569430937,"log_lik_sum",1,TRUE,300
