"mean","lower","upper","ESS","Rhat","var","ivar","converged","ess.thres"
12.6226284254545,10.5981289691152,15.2914505686455,6525.24905321421,0.999833779465556,"rmse",1,TRUE,300
-1569.41846709348,-1588.91041841079,-1552.39572475725,4529.01551719472,1.00009295371885,"log_lik_sum",1,TRUE,300
