"mean","lower","upper","ESS","Rhat","var","ivar","converged","ess.thres"
41.3270258000141,34.3416418976736,49.8900369252446,7075.00890864727,1.00017534851089,"rmse",1,TRUE,300
-1808.70862702934,-1827.79967642761,-1792.45511385104,4418.43097971635,1.00081531289672,"log_lik_sum",1,TRUE,300
