"mean","lower","upper","ESS","Rhat","var","ivar","converged","ess.thres"
22.910059691495,19.1568597674315,28.520927157804,6945.70417892679,0.999752406940681,"rmse",1,TRUE,300
-1658.16705957019,-1676.11199126658,-1642.86725209905,5212.14640135412,1.00094264626063,"log_lik_sum",1,TRUE,300
