"mean","lower","upper","ESS","Rhat","var","ivar","converged","ess.thres"
15.1838212696571,12.9938380625188,18.427070668144,6581.12184060377,0.999916343119291,"rmse",1,TRUE,300
-1644.39790984188,-1662.74607261761,-1627.94941844467,5280.29354435803,1.00022333773744,"log_lik_sum",1,TRUE,300
