"mean","lower","upper","ESS","Rhat","var","ivar","converged","ess.thres"
18.5002093492072,15.7238174182544,22.0613759472543,2925,1.00047365877903,"rmse",1,TRUE,300
-1640.52590985115,-1657.05618954066,-1626.78543214198,2180,1.00000651071917,"log_lik_sum",1,TRUE,300
