"mean","lower","upper","ESS","Rhat","var","ivar","converged","ess.thres"
20.8253643790896,18.4042039684366,24.2611531001801,6039.91641865604,0.999963994580086,"rmse",1,TRUE,300
-1771.01387151435,-1786.74893251938,-1757.47672981466,5664.59432923465,0.999753505029757,"log_lik_sum",1,TRUE,300
