"mean","lower","upper","ESS","Rhat","var","ivar","converged","ess.thres"
74.5907770366146,63.6703748625625,88.6807133757007,6847.73983711244,1.00057176738623,"rmse",1,TRUE,300
-1884.13135043543,-1902.5059420737,-1868.58576200224,5166.25335522436,1.00016406894444,"log_lik_sum",1,TRUE,300
