"mean","lower","upper","ESS","Rhat","var","ivar","converged","ess.thres"
11.6578726169548,9.95314295758129,14.1194371650938,6724.99232919152,0.999740330906053,"rmse",1,TRUE,300
-1538.69390158893,-1556.04665422137,-1523.33353447549,5616.75785943974,1.0000132282576,"log_lik_sum",1,TRUE,300
