"mean","lower","upper","ESS","Rhat","var","ivar","converged","ess.thres"
9.20195856562075,7.69057654726873,11.2510716524195,6123.89320263262,0.999760625497753,"rmse",1,TRUE,300
-1095.62575497247,-1114.4280120965,-1079.37056987677,4086.13309382219,1.00018696796993,"log_lik_sum",1,TRUE,300
