"mean","lower","upper","ESS","Rhat","var","ivar","converged","ess.thres"
5.58616911902917,4.52506374074828,7.40022220049226,5221.96929964717,0.999851718512781,"rmse",1,TRUE,300
-1000.76337124751,-1020.01848208446,-982.767099748796,2620.08352941022,1.00018818118879,"log_lik_sum",1,TRUE,300
