"mean","lower","upper","ESS","Rhat","var","ivar","converged","ess.thres"
39.622650300037,35.6941120891056,44.7777394943543,5381.68125578609,1.00014709430813,"rmse",1,TRUE,300
-1827.44690360135,-1844.42432132438,-1812.67878651803,5172.86622010899,0.999697054373321,"log_lik_sum",1,TRUE,300
