"mean","lower","upper","ESS","Rhat","var","ivar","converged","ess.thres"
19.1267181637267,17.241738562466,21.5701286339522,6567.47431626525,1.00007633297582,"rmse",1,TRUE,300
-1419.29640313411,-1439.69019374931,-1401.01593790054,3660.40558699171,1.00027688601486,"log_lik_sum",1,TRUE,300
