"mean","lower","upper","ESS","Rhat","var","ivar","converged","ess.thres"
24.9485771581551,21.4187330145343,30.3041333947103,7069.90755463782,1.00013754909503,"rmse",1,TRUE,300
-1688.76493611449,-1707.29900681813,-1673.29278426085,5075.89644742745,0.999976365781095,"log_lik_sum",1,TRUE,300
