"mean","lower","upper","ESS","Rhat","var","ivar","converged","ess.thres"
44.3350032366269,39.6366477718027,50.1228869050856,7099.0719132395,1.00018978162534,"rmse",1,TRUE,300
-1886.17288872046,-1902.22032000542,-1872.19784587139,5601.26802841919,1.00027375936799,"log_lik_sum",1,TRUE,300
