"mean","lower","upper","ESS","Rhat","var","ivar","converged","ess.thres"
17.6661601425309,15.678806252161,20.6782701265881,6776.93704906185,0.999750522118498,"rmse",1,TRUE,300
-1673.9431127479,-1692.01463294819,-1658.65000141063,5070.75771163041,1.00081001286006,"log_lik_sum",1,TRUE,300
