"mean","lower","upper","ESS","Rhat","var","ivar","converged","ess.thres"
70.4708486120491,61.9342550563471,83.3028295061415,3263,1.00002628353232,"rmse",1,TRUE,300
-1897.11199226691,-1913.25437884869,-1882.77828161861,2300,1.00190386457362,"log_lik_sum",1,TRUE,300
