"mean","lower","upper","ESS","Rhat","var","ivar","converged","ess.thres"
16.2230047391857,13.694707212264,19.8727147841517,5976.29460451047,0.999990378562688,"rmse",1,TRUE,300
-1360.5027603517,-1379.71889687426,-1343.96172610412,3738.42134561245,1.00018406992916,"log_lik_sum",1,TRUE,300
