"mean","lower","upper","ESS","Rhat","var","ivar","converged","ess.thres"
67.8677135990135,59.8462646717374,78.9607108078396,6318.97151810307,0.999711445027211,"rmse",1,TRUE,300
-2099.1854565902,-2113.15323104431,-2087.28126948825,5451.06604238444,0.999967610665749,"log_lik_sum",1,TRUE,300
