"mean","lower","upper","ESS","Rhat","var","ivar","converged","ess.thres"
16.692339019214,14.904417440292,18.9152112041391,6743.40649381464,1.00056148592684,"rmse",1,TRUE,300
-1740.59199204283,-1754.2263767785,-1729.00378977367,5913.71776663263,1.00040538999427,"log_lik_sum",1,TRUE,300
