"mean","lower","upper","ESS","Rhat","var","ivar","converged","ess.thres"
9.99406307089241,8.7687518295491,11.7354132337561,6796.25111966051,0.999797742041946,"rmse",1,TRUE,300
-1315.45484385046,-1329.46623733456,-1303.54561259899,6457.44399845682,0.999769892254551,"log_lik_sum",1,TRUE,300
