"mean","lower","upper","ESS","Rhat","var","ivar","converged","ess.thres"
13.6088249362181,12.1261283649503,15.6009294489018,7000.32941453607,1.00005952883973,"rmse",1,TRUE,300
-1590.58808587236,-1604.72555243973,-1578.68506309064,5957.55516324371,1.0004337984042,"log_lik_sum",1,TRUE,300
