"mean","lower","upper","ESS","Rhat","var","ivar","converged","ess.thres"
25.579138335152,22.5489478886844,29.3328231711702,7094.78021678849,0.999966345179863,"rmse",1,TRUE,300
-1709.12183066845,-1722.95213010457,-1697.2154937827,5477.60564150193,0.999960643388056,"log_lik_sum",1,TRUE,300
