"mean","lower","upper","ESS","Rhat","var","ivar","converged","ess.thres"
30.7631709716279,27.0593175699826,35.5900192851697,6844.81769476796,1.00024248464579,"rmse",1,TRUE,300
-1950.26027929772,-1963.87501349274,-1938.93600214445,5662.95972989353,1.0000947478871,"log_lik_sum",1,TRUE,300
