"mean","lower","upper","ESS","Rhat","var","ivar","converged","ess.thres"
28.4352635226423,23.7181513155848,35.7438079518914,5744.99766366857,1.00088646289123,"rmse",1,TRUE,300
-1606.1769273474,-1619.74910851994,-1594.65947165138,6328.22610988101,1.00021423288194,"log_lik_sum",1,TRUE,300
