"mean","lower","upper","ESS","Rhat","var","ivar","converged","ess.thres"
17.1198539193624,15.359712622513,19.5171895071303,5735.59960272327,0.999966858847129,"rmse",1,TRUE,300
-1669.72976710744,-1683.28958479861,-1658.75982289784,5446.94016615408,0.999859968581549,"log_lik_sum",1,TRUE,300
