"mean","lower","upper","ESS","Rhat","var","ivar","converged","ess.thres"
61.1724304722784,50.683513061679,75.354434010238,6759.94052992331,1.00016830414973,"rmse",1,TRUE,300
-1963.26056984881,-1976.63475401311,-1951.7369264238,5659.21444445564,1.00058331217699,"log_lik_sum",1,TRUE,300
