"mean","lower","upper","ESS","Rhat","var","ivar","converged","ess.thres"
200.99143823416,183.122287098605,222.652118314939,6610.30021354783,1.00050888209296,"rmse",1,TRUE,300
-2963.12457784781,-2979.010210741,-2949.7307402028,5931.45847589349,1.00034002994553,"log_lik_sum",1,TRUE,300
