"mean","lower","upper","ESS","Rhat","var","ivar","converged","ess.thres"
8.88920970789109,7.7359069289644,10.3863787019987,5957.21833059556,1.00050225830615,"rmse",1,TRUE,300
-1188.29535607134,-1202.31328032169,-1176.4731586051,4860.73282004083,1.00047555017348,"log_lik_sum",1,TRUE,300
