"mean","lower","upper","ESS","Rhat","var","ivar","converged","ess.thres"
24.3949266335701,21.5190165835004,28.570094382934,5969.0096572615,1.00113864166102,"rmse",1,TRUE,300
-1661.74784048486,-1675.51509378485,-1650.22751283584,5092.04149371745,1.0013450562986,"log_lik_sum",1,TRUE,300
