"mean","lower","upper","ESS","Rhat","var","ivar","converged","ess.thres"
26.7295339226405,23.3112937308925,30.7575138382196,6299.78207857302,0.999914962523585,"rmse",1,TRUE,300
-1731.47999361502,-1745.21749626436,-1720.25141897638,5034.71535384013,0.99990599400074,"log_lik_sum",1,TRUE,300
