"mean","lower","upper","ESS","Rhat","var","ivar","converged","ess.thres"
34.8362246547844,29.8715341792838,42.1415625754857,6555.80245659342,0.999828847545446,"rmse",1,TRUE,300
-1632.03971916165,-1646.12157424646,-1620.31343030944,6390.91834407317,0.999823369111626,"log_lik_sum",1,TRUE,300
