"mean","lower","upper","ESS","Rhat","var","ivar","converged","ess.thres"
69.8125271350389,59.3341884598974,82.2862940116607,7065.5667416077,0.999960609349393,"rmse",1,TRUE,300
-2118.91461085382,-2132.62316124721,-2107.34094996438,5224.93538124976,1.00022700695766,"log_lik_sum",1,TRUE,300
