"mean","lower","upper","ESS","Rhat","var","ivar","converged","ess.thres"
7.77720469272754,6.88741573445845,8.89424711471784,7275.22860099258,0.999771712195709,"rmse",1,TRUE,300
-1164.92262097346,-1179.48427575212,-1152.77181408983,5768.28292349466,0.999928294887901,"log_lik_sum",1,TRUE,300
