"mean","lower","upper","ESS","Rhat","var","ivar","converged","ess.thres"
42.1359871667509,36.1749323639685,49.3267899301098,6803.42159148993,0.999670541152896,"rmse",1,TRUE,300
-2015.57751444169,-2029.00065147791,-2004.42987504617,5941.99172233136,0.999639345202615,"log_lik_sum",1,TRUE,300
