"mean","lower","upper","ESS","Rhat","var","ivar","converged","ess.thres"
12.1406851799075,10.6661677424913,14.5513265141149,4379.55166161546,1.00049345747949,"rmse",1,TRUE,300
-1285.93072770955,-1299.29776964045,-1274.31798584644,3227.7854219351,1.0028614396686,"log_lik_sum",1,TRUE,300
