"mean","lower","upper","ESS","Rhat","var","ivar","converged","ess.thres"
16.3300319578166,13.9765011059022,19.2659116747818,6034.03982868747,0.999975496407777,"rmse",1,TRUE,300
-1581.63981647824,-1598.06897940206,-1567.2703540159,4150.05838725463,0.999722505885918,"log_lik_sum",1,TRUE,300
