"mean","lower","upper","ESS","Rhat","var","ivar","converged","ess.thres"
24.2933597231561,19.5965511137575,32.8855252742734,6918.1464850814,1.00077172695481,"rmse",1,TRUE,300
-1588.29348599523,-1600.97542655105,-1577.33372065833,6788.72191831355,0.999701827074995,"log_lik_sum",1,TRUE,300
