"mean","lower","upper","ESS","Rhat","var","ivar","converged","ess.thres"
21.8412544332516,19.6129197086969,24.7706489642409,7332.64107238027,0.999900792061921,"rmse",1,TRUE,300
-1899.30416472245,-1914.15423937398,-1886.45079537378,4413.48312384041,0.999763579556001,"log_lik_sum",1,TRUE,300
