"mean","lower","upper","ESS","Rhat","var","ivar","converged","ess.thres"
13.9339085832953,11.928281427459,16.7267020364087,7219.24560906466,0.9997645901876,"rmse",1,TRUE,300
-1635.86210580963,-1650.09001458035,-1623.82250110133,4688.76366944665,0.999948184510888,"log_lik_sum",1,TRUE,300
