"mean","lower","upper","ESS","Rhat","var","ivar","converged","ess.thres"
8.21937051298333,7.51931504676074,9.17278527204231,6597.98797458442,0.999682354592851,"rmse",1,TRUE,300
-1382.20767733219,-1398.04033338993,-1368.8797921399,3488.81111408305,1.00049837261729,"log_lik_sum",1,TRUE,300
