"mean","lower","upper","ESS","Rhat","var","ivar","converged","ess.thres"
30.0968436130006,26.342558270233,34.6203014173621,7081.23803180029,1.00002468218495,"rmse",1,TRUE,300
-1531.09406285659,-1545.62144423412,-1518.79177233784,4696.36136310803,1.00015389263593,"log_lik_sum",1,TRUE,300
