"mean","lower","upper","ESS","Rhat","var","ivar","converged","ess.thres"
20.2848305728435,16.794601199034,25.289204595166,6805.69675714542,1.00001669441694,"rmse",1,TRUE,300
-1445.63077573757,-1458.73966283847,-1434.4410380463,6265.2690843014,0.999723698947535,"log_lik_sum",1,TRUE,300
