"mean","lower","upper","ESS","Rhat","var","ivar","converged","ess.thres"
37.7600429102969,33.3375225181741,43.7369841239285,6039.62625303465,1.00017727161053,"rmse",1,TRUE,300
-1819.92371055161,-1833.649975783,-1808.08522053042,4336.01916556553,1.00016829230887,"log_lik_sum",1,TRUE,300
