"mean","lower","upper","ESS","Rhat","var","ivar","converged","ess.thres"
22.1896424932016,18.5045552108263,26.8395978846595,6862.19848492635,0.999974722075334,"rmse",1,TRUE,300
-1636.83943528044,-1650.1134488064,-1625.84086629567,5366.34025090026,1.00035455495287,"log_lik_sum",1,TRUE,300
