"mean","lower","upper","ESS","Rhat","var","ivar","converged","ess.thres"
17.5132307121307,15.6329318514534,19.7432319167139,6105.77621759372,1.00041164826776,"rmse",1,TRUE,300
-1684.53802570792,-1698.3718896174,-1673.0026884001,6619.92189093792,0.999723571808907,"log_lik_sum",1,TRUE,300
