"mean","lower","upper","ESS","Rhat","var","ivar","converged","ess.thres"
15.9065673147028,12.4480443907249,20.5681592616182,6881.51569354769,0.999966840038928,"rmse",1,TRUE,300
-1287.80113199274,-1301.42461369135,-1276.35022981794,6287.82041941255,1.00055988271144,"log_lik_sum",1,TRUE,300
