"mean","lower","upper","ESS","Rhat","var","ivar","converged","ess.thres"
4.34047043559837,3.68170359778305,5.22724495042868,6525.04920031526,0.999734104327823,"rmse",1,TRUE,300
-999.823065175031,-1014.76281551319,-987.316221543705,5200.6548358443,1.00085812162831,"log_lik_sum",1,TRUE,300
