"mean","lower","upper","ESS","Rhat","var","ivar","converged","ess.thres"
26.8729754474745,23.5928214108662,30.8141159276146,6025.61983454498,1.00013862546048,"rmse",1,TRUE,300
-1878.57480684624,-1891.83362521417,-1867.47672022073,7061.13950506768,0.999961120011085,"log_lik_sum",1,TRUE,300
