"mean","lower","upper","ESS","Rhat","var","ivar","converged","ess.thres"
24.2016023907001,22.1642567601318,26.6068336179502,6135.91713068337,1.00036570526595,"rmse",1,TRUE,300
-1823.41032259834,-1836.77597811887,-1811.88974315038,5349.14052431494,1.00293579818274,"log_lik_sum",1,TRUE,300
