"mean","lower","upper","ESS","Rhat","var","ivar","converged","ess.thres"
31.3558074185819,25.7387576855173,39.6090235792149,6751.97382397707,1.0003775816466,"rmse",1,TRUE,300
-1483.34041435607,-1496.84763104148,-1472.06366635719,6223.96782736017,0.999938817062239,"log_lik_sum",1,TRUE,300
