"mean","lower","upper","ESS","Rhat","var","ivar","converged","ess.thres"
26.3642542336747,23.8501581526269,29.4815585371673,5718.74743280475,0.999837499512149,"rmse",1,TRUE,300
-1964.4069023385,-1978.52305100919,-1952.34236566369,4614.90319063184,1.00042042063589,"log_lik_sum",1,TRUE,300
