"mean","lower","upper","ESS","Rhat","var","ivar","converged","ess.thres"
9.88420931420825,8.58482373572886,11.6193018171519,6912.47411835663,1.00044352243701,"rmse",1,TRUE,300
-1138.01635227298,-1151.60395898842,-1126.52885802922,6306.61892444969,0.999983378113308,"log_lik_sum",1,TRUE,300
