"mean","lower","upper","ESS","Rhat","var","ivar","converged","ess.thres"
4.82285699842203,4.21766546933825,5.67275921450188,6440.19294123345,1.00012710726461,"rmse",1,TRUE,300
-984.513821293489,-998.749204257109,-972.510719171116,4800.68219708805,1.00063020822912,"log_lik_sum",1,TRUE,300
