"mean","lower","upper","ESS","Rhat","var","ivar","converged","ess.thres"
39.5042943194903,34.7672692591895,46.646625844663,5823.89536128455,1.00006376202002,"rmse",1,TRUE,300
-1839.10806324927,-1852.40473576584,-1827.6468095226,5471.45337147973,0.999998270404242,"log_lik_sum",1,TRUE,300
