"mean","lower","upper","ESS","Rhat","var","ivar","converged","ess.thres"
61.2659545463708,56.5305116148717,66.8634058441021,6871.61782547339,0.999873673774449,"rmse",1,TRUE,300
-2151.44664937185,-2166.21776013073,-2138.87108519696,4809.56213814472,1.00049815101162,"log_lik_sum",1,TRUE,300
