"mean","lower","upper","ESS","Rhat","var","ivar","converged","ess.thres"
17.513661755429,15.347113779419,20.396381962827,6911.49774210055,1.00011881740113,"rmse",1,TRUE,300
-1421.69437953132,-1434.70932803534,-1410.77643448659,5731.19285687316,1.00032253510649,"log_lik_sum",1,TRUE,300
