"mean","lower","upper","ESS","Rhat","var","ivar","converged","ess.thres"
37.2951456329265,32.9472751935158,43.6343231795066,5956.24057267891,0.999778945766552,"rmse",1,TRUE,300
-1884.39904310592,-1897.3454333091,-1873.11098778562,5374.75122829939,1.00020895480703,"log_lik_sum",1,TRUE,300
