"mean","lower","upper","ESS","Rhat","var","ivar","converged","ess.thres"
18.7973161765611,17.2770724909491,21.1588364520357,6957.95636274503,0.999804862673839,"rmse",1,TRUE,300
-1693.92689285064,-1707.13827865622,-1682.65609283389,6196.36755496983,1.00046506213985,"log_lik_sum",1,TRUE,300
