"mean","lower","upper","ESS","Rhat","var","ivar","converged","ess.thres"
26.4503690931959,21.5048655748079,34.2533658435794,6047.99916668873,0.999780160488993,"rmse",1,TRUE,300
-1630.27996217615,-1644.31655283033,-1618.40067060446,5096.51871090696,1.00007598741711,"log_lik_sum",1,TRUE,300
