"mean","lower","upper","ESS","Rhat","var","ivar","converged","ess.thres"
50.3674774153905,44.8105523913239,56.9961066667365,6027.36299240799,1.0004954961421,"rmse",1,TRUE,300
-2042.00454199967,-2056.47772592015,-2029.84189046597,4356.85847981558,0.999817150865572,"log_lik_sum",1,TRUE,300
