"mean","lower","upper","ESS","Rhat","var","ivar","converged","ess.thres"
52.6100905828868,42.4243932019425,67.793954222417,6961.24243973407,1.00018276169974,"rmse",1,TRUE,300
-1857.43384124781,-1869.98380402157,-1846.85901700076,6700.1190351198,0.99997943059254,"log_lik_sum",1,TRUE,300
