"mean","lower","upper","ESS","Rhat","var","ivar","converged","ess.thres"
11.2273881421322,9.65176034819478,13.2927165122088,7131.28009105446,0.999741264842421,"rmse",1,TRUE,300
-1342.95900994144,-1356.60948027791,-1331.65238950839,6044.78859671316,0.999912992739099,"log_lik_sum",1,TRUE,300
