"mean","lower","upper","ESS","Rhat","var","ivar","converged","ess.thres"
16.5133425365504,14.2914963935576,19.3612313703484,6481.1905718602,1.00035611915862,"rmse",1,TRUE,300
-1381.39308826438,-1395.07374632915,-1369.82274944535,5545.3806596875,1.00028277747245,"log_lik_sum",1,TRUE,300
