"mean","lower","upper","ESS","Rhat","var","ivar","converged","ess.thres"
9.92490038815041,8.25587762989034,12.4600540929797,7033.25363380981,0.99990303178198,"rmse",1,TRUE,300
-1379.78336153795,-1394.93910596455,-1366.38976408124,4426.45932614858,1.000774600389,"log_lik_sum",1,TRUE,300
