"mean","lower","upper","ESS","Rhat","var","ivar","converged","ess.thres"
16.8207335753644,14.1489860023292,21.0256276864285,6826.29998526661,0.999928346696199,"rmse",1,TRUE,300
-1357.75507534276,-1371.32765562072,-1346.25237825693,6641.33996077688,0.999969345891952,"log_lik_sum",1,TRUE,300
