"mean","lower","mid","upper","ESS","Rhat","var","ivar","converged","ess.thres"
18.347431912621,17.5802465654226,18.2679479175056,19.596423935052,6532.04522763147,0.999889910918814,"rmse",1,TRUE,300
-1447.61293401073,-1459.72077804463,-1447.41357732509,-1437.12577490109,5431.34441946574,0.999933773677263,"log_lik_sum",1,TRUE,300
