"mean","lower","mid","upper","ESS","Rhat","var","ivar","converged","ess.thres"
111.318567311756,106.142512802767,110.770920661425,119.480167295248,7201.42571766494,0.999940866461908,"rmse",1,TRUE,300
-2245.55398723228,-2258.08721688455,-2245.27235473978,-2234.66446336851,6813.85510187702,0.99979919642607,"log_lik_sum",1,TRUE,300
