"mean","lower","mid","upper","ESS","Rhat","var","ivar","converged","ess.thres"
40.2206323190994,38.3396501016553,39.9956693635502,43.5018753079617,6770.23626041557,0.999854269610502,"rmse",1,TRUE,300
-1929.27571910155,-1941.56413436536,-1928.98169991382,-1918.72456778414,6600.74874921268,1.00031820008741,"log_lik_sum",1,TRUE,300
