"mean","lower","mid","upper","ESS","Rhat","var","ivar","converged","ess.thres"
84.2855745788868,80.4892663677333,83.9777429611542,89.7647516930938,6981.84997065529,0.999820176781063,"rmse",1,TRUE,300
-1912.00987338054,-1924.12539230621,-1911.78690797123,-1901.48473713602,6373.53657226599,1.00013819500254,"log_lik_sum",1,TRUE,300
