"mean","lower","mid","upper","ESS","Rhat","var","ivar","converged","ess.thres"
33.8210602308355,32.3985543837793,33.6580622151749,36.168408270968,5753.79913124874,1.00050258645568,"rmse",1,TRUE,300
-1771.04871906361,-1783.26888784791,-1770.66712586831,-1760.5994161789,5148.98252585544,1.00034478909738,"log_lik_sum",1,TRUE,300
