"mean","lower","mid","upper","ESS","Rhat","var","ivar","converged","ess.thres"
102.095757121439,96.8979032906067,101.227837348725,112.664396843319,5610.67407554504,0.999845205080839,"rmse",1,TRUE,300
-2267.28087070629,-2278.21471247204,-2266.90846188035,-2258.1885509497,4831.41503930427,0.999741814286492,"log_lik_sum",1,TRUE,300
