"mean","lower","mid","upper","ESS","Rhat","var","ivar","converged","ess.thres"
73.8190899342287,69.2123930180999,72.8175134691725,84.5566714328147,5612.42402496301,1.00003825115204,"rmse",1,TRUE,300
-2090.41765660592,-2101.19543211862,-2090.04060998126,-2081.55699776116,3859.82232463862,1.00028371614201,"log_lik_sum",1,TRUE,300
