"mean","lower","mid","upper","ESS","Rhat","var","ivar","converged","ess.thres"
58.4468944457545,55.2441780099505,57.9469120567591,64.663761603168,6781.46635071819,0.999775306808561,"rmse",1,TRUE,300
-1743.09370450974,-1755.20960288611,-1742.7780471674,-1732.48122172032,6611.81838487236,1.00005655080302,"log_lik_sum",1,TRUE,300
