"mean","lower","mid","upper","ESS","Rhat","var","ivar","converged","ess.thres"
49.2030145968633,47.4329777513053,49.037767677463,51.9416768343857,6915.06076282658,0.999795958872715,"rmse",1,TRUE,300
-1795.97954749796,-1808.59189875079,-1795.57778051737,-1785.11363404825,6553.7552406661,0.999669897262562,"log_lik_sum",1,TRUE,300
