"mean","lower","mid","upper","ESS","Rhat","var","ivar","converged","ess.thres"
39.2450692380547,37.7336347946772,39.0570098131526,41.9918360166792,6709.55471589727,1.00036382477117,"rmse",1,TRUE,300
-1902.49444815255,-1914.0216310441,-1902.19473953175,-1892.4229340662,6618.32265100067,1.00018838713681,"log_lik_sum",1,TRUE,300
