"mean","lower","mid","upper","ESS","Rhat","var","ivar","converged","ess.thres"
38.4969226367345,36.5470396246731,38.3099363706121,41.683941618477,6948.51832467551,1.00001335532761,"rmse",1,TRUE,300
-1963.70143304512,-1974.76636257083,-1963.36418682014,-1954.62213622277,6762.90693419374,1.00029934012842,"log_lik_sum",1,TRUE,300
