"mean","lower","mid","upper","ESS","Rhat","var","ivar","converged","ess.thres"
62.5317334012723,55.9244704168466,61.2063404236875,76.3879474103652,6553.9329535312,0.999905082321394,"rmse",1,TRUE,300
-1914.2708930555,-1925.4289455792,-1913.96930306269,-1905.16603960729,6343.39746737742,1.00001007313178,"log_lik_sum",1,TRUE,300
