"mean","lower","mid","upper","ESS","Rhat","var","ivar","converged","ess.thres"
22.3306576321734,18.6144498345798,21.6817182734522,29.6890041176425,5207.70707980882,1.00101492355836,"rmse",1,TRUE,300
-1451.32176479044,-1462.82688817225,-1450.89910045727,-1441.67172736293,4266.91788871216,1.00019057554819,"log_lik_sum",1,TRUE,300
