"mean","lower","mid","upper","ESS","Rhat","var","ivar","converged","ess.thres"
57.3155976454283,51.2454857257192,56.093302118364,69.8483609614257,6270.42075743324,0.999898085097948,"rmse",1,TRUE,300
-1691.93154200501,-1703.72544196211,-1691.62070648515,-1682.227659381,3887.3376332064,0.999911307322901,"log_lik_sum",1,TRUE,300
