"mean","lower","mid","upper","ESS","Rhat","var","ivar","converged","ess.thres"
8.52414878096694,8.11198126403334,8.46727125369861,9.27093504781975,6958.72577683741,0.999743296928837,"rmse",1,TRUE,300
-1122.25726028555,-1134.43006864005,-1121.88503150304,-1111.99460975616,6687.35984314088,1.00000363571741,"log_lik_sum",1,TRUE,300
