"mean","lower","mid","upper","ESS","Rhat","var","ivar","converged","ess.thres"
92.3643858945512,88.2625050128891,92.0436633047725,98.1826641846539,7334.7573544716,0.999893811864635,"rmse",1,TRUE,300
-2197.64335727891,-2210.27073287782,-2197.36970478155,-2186.27690722528,6786.14109942714,1.0003093226692,"log_lik_sum",1,TRUE,300
