"mean","lower","mid","upper","ESS","Rhat","var","ivar","converged","ess.thres"
70.5156222030142,66.1695638930243,69.9635788110377,78.2279844111259,7173.44820289261,0.999932363612648,"rmse",1,TRUE,300
-1901.47341960328,-1913.32762523784,-1901.15830592736,-1891.61879819161,6953.18166783677,0.999801289533298,"log_lik_sum",1,TRUE,300
