"mean","lower","mid","upper","ESS","Rhat","var","ivar","converged","ess.thres"
179.57248966314,173.414150664837,178.72616791774,190.760753170587,6854.12906081173,1.00019185884205,"rmse",1,TRUE,300
-2435.90154858839,-2447.45612606394,-2435.61019697413,-2425.92426459787,6716.51672841889,0.999680960153675,"log_lik_sum",1,TRUE,300
