"mean","lower","mid","upper","ESS","Rhat","var","ivar","converged","ess.thres"
16.4654394960299,15.551605933375,16.3130976884381,18.2498758645609,6868.78865007405,0.999762052475802,"rmse",1,TRUE,300
-1296.75041046663,-1308.35970406221,-1296.46774661617,-1286.7209872427,5798.08248862799,1.00008925688072,"log_lik_sum",1,TRUE,300
