"mean","lower","mid","upper","ESS","Rhat","var","ivar","converged","ess.thres"
27.5547475449774,25.8022153435051,27.2379577751448,31.1493642901798,4209.27749388938,1.00156059888398,"rmse",1,TRUE,300
-1502.1114912589,-1513.64774577365,-1501.7715744856,-1492.86198591781,4207.21831119363,1.00119019226825,"log_lik_sum",1,TRUE,300
