"mean","lower","mid","upper","ESS","Rhat","var","ivar","converged","ess.thres"
41.0718417960314,39.2366974599207,40.8578731857105,44.0809872511306,7002.60424117262,1.00025327036677,"rmse",1,TRUE,300
-2028.80487610024,-2041.38585436973,-2028.50568263341,-2017.90693884057,6790.22995831471,1.00005460215541,"log_lik_sum",1,TRUE,300
