"mean","lower","mid","upper","ESS","Rhat","var","ivar","converged","ess.thres"
33.9929729417862,32.9490046289651,33.8876533741477,35.6354083151722,6667.50962684225,1.00026879674392,"rmse",1,TRUE,300
-1784.32084920902,-1796.53459043935,-1784.00846436848,-1773.63982120628,6364.59438163228,1.00001318764598,"log_lik_sum",1,TRUE,300
