"mean","lower","mid","upper","ESS","Rhat","var","ivar","converged","ess.thres"
32.2098118668963,30.3765071958685,31.9532814923283,35.6083654251559,7097.7405411987,0.999800529103326,"rmse",1,TRUE,300
-1748.90459005957,-1760.52266276247,-1748.732585946,-1738.69879305376,6953.96729628707,0.999711321144442,"log_lik_sum",1,TRUE,300
