"mean","lower","mid","upper","ESS","Rhat","var","ivar","converged","ess.thres"
36.6182713486874,33.1153283641639,35.8927790924868,44.0755446176039,5343.6059853466,1.00006996997873,"rmse",1,TRUE,300
-1709.73450188954,-1720.73139494654,-1709.50578138369,-1700.49691594354,5380.62846762263,1.00017918763472,"log_lik_sum",1,TRUE,300
