"mean","lower","mid","upper","ESS","Rhat","var","ivar","converged","ess.thres"
52.1520329118405,50.3242195240268,51.8260191074192,56.1583141040097,6820.41088243805,0.99973054503693,"rmse",1,TRUE,300
-1747.42365146026,-1760.23470726017,-1747.20189074329,-1736.04166317421,6186.45824786583,1.00101511940538,"log_lik_sum",1,TRUE,300
