"mean","lower","mid","upper","ESS","Rhat","var","ivar","converged","ess.thres"
16.9135581318977,16.2826261876367,16.8500656593474,17.8765181007306,7068.27357438012,0.999740688387299,"rmse",1,TRUE,300
-1591.17600796183,-1602.90547195326,-1590.82260938306,-1581.26173412609,6381.76379173727,1.00020345225308,"log_lik_sum",1,TRUE,300
