"mean","lower","mid","upper","ESS","Rhat","var","ivar","converged","ess.thres"
28.6855293239301,27.4456627511816,28.4938522425659,31.0651719688022,7273.29946917265,1.00029344865411,"rmse",1,TRUE,300
-1671.53022231822,-1683.58186228969,-1671.20616214343,-1661.54166982713,6759.11197965307,0.999880239148898,"log_lik_sum",1,TRUE,300
