"mean","lower","mid","upper","ESS","Rhat","var","ivar","converged","ess.thres"
42.7898245774191,40.8474520590193,42.5618488910239,46.1545894426273,6984.91705304994,0.999920933275115,"rmse",1,TRUE,300
-1870.05032251457,-1881.84446003266,-1869.72264937654,-1860.25820823096,6325.64391042043,1.00011513731581,"log_lik_sum",1,TRUE,300
