"mean","lower","mid","upper","ESS","Rhat","var","ivar","converged","ess.thres"
54.8177868320329,50.5631679063538,53.8095145408233,64.5022179981224,7081.71315272345,0.999895898766772,"rmse",1,TRUE,300
-2042.83132668719,-2055.545900765,-2042.5302107753,-2031.85300216301,6881.136817123,0.999908675804393,"log_lik_sum",1,TRUE,300
