"mean","lower","mid","upper","ESS","Rhat","var","ivar","converged","ess.thres"
128.885791907406,119.063323377552,127.336432485201,147.811705038417,7093.37939665832,0.999834883908048,"rmse",1,TRUE,300
-2030.96784853863,-2043.18154414075,-2030.67545787974,-2020.26311327381,6849.22577199246,1.00038222202129,"log_lik_sum",1,TRUE,300
