"mean","lower","mid","upper","ESS","Rhat","var","ivar","converged","ess.thres"
88.3033645640928,82.39090440806,86.9581284650629,101.561158991704,7015.14587142647,1.00009714653744,"rmse",1,TRUE,300
-1683.11635864861,-1694.5275708115,-1682.80315331004,-1673.40152318767,6624.81611448961,1.00064433960646,"log_lik_sum",1,TRUE,300
