"mean","lower","mid","upper","ESS","Rhat","var","ivar","converged","ess.thres"
21.7077392811689,20.3998285122253,21.3575901632171,25.2820796388116,6429.11689495335,1.00024447145842,"rmse",1,TRUE,300
-1283.63832077443,-1295.56058133049,-1283.37670886777,-1273.50244928106,5149.0669735725,1.00066251511593,"log_lik_sum",1,TRUE,300
