"mean","lower","mid","upper","ESS","Rhat","var","ivar","converged","ess.thres"
24.356956542813,22.3747725617637,24.1862948696511,27.3869764110456,6937.26054600749,1.00021386379604,"rmse",1,TRUE,300
-1763.14343245876,-1775.67376751025,-1762.7276444324,-1752.80172762781,6505.92586342046,1.00008752782658,"log_lik_sum",1,TRUE,300
