"mean","lower","mid","upper","ESS","Rhat","var","ivar","converged","ess.thres"
21.5082714668065,20.2109069440324,21.1390632687708,24.9102034366686,7150.35470995913,0.999766405501229,"rmse",1,TRUE,300
-1195.08140552467,-1206.16351518016,-1194.78269087324,-1185.71822930084,6962.36732517533,0.99983321748411,"log_lik_sum",1,TRUE,300
