"mean","lower","mid","upper","ESS","Rhat","var","ivar","converged","ess.thres"
101.224585829718,96.5794780741511,100.798159115889,108.397843340974,7265.02441905403,0.99996165333274,"rmse",1,TRUE,300
-2378.60412855789,-2390.89829917354,-2378.25042741811,-2368.11774015643,6728.96864820953,1.00007046758143,"log_lik_sum",1,TRUE,300
