"mean","lower","mid","upper","ESS","Rhat","var","ivar","converged","ess.thres"
69.3470387107214,65.4955611445384,69.0354280496881,74.9580692626178,5990.00567088592,1.00045498702956,"rmse",1,TRUE,300
-1962.35060546496,-1974.12101697356,-1962.00876448456,-1952.90005499343,5293.45100891549,1.00060558036357,"log_lik_sum",1,TRUE,300
