"mean","lower","mid","upper","ESS","Rhat","var","ivar","converged","ess.thres"
86.1818333256815,81.729222169034,85.4344747505935,94.7477527174116,6716.81364890319,0.99987400185477,"rmse",1,TRUE,300
-2133.45154062418,-2145.25764635429,-2133.15411814838,-2123.40404139875,6844.2873139885,0.999700355105089,"log_lik_sum",1,TRUE,300
