"mean","lower","mid","upper","ESS","Rhat","var","ivar","converged","ess.thres"
41.8746049726197,39.5092810179619,41.5190018859354,46.3613581686899,7421.55121989138,1.00071360822867,"rmse",1,TRUE,300
-1931.97966798671,-1943.72504511335,-1931.68356682044,-1921.84296899387,6843.35725891902,0.999757960834193,"log_lik_sum",1,TRUE,300
