"mean","lower","mid","upper","ESS","Rhat","var","ivar","converged","ess.thres"
55.2187173046111,51.6636965897108,54.4683552923884,62.8293011084254,6746.11178904987,0.999959471448438,"rmse",1,TRUE,300
-1882.51017067811,-1894.0408183578,-1882.24873934581,-1872.6423098788,6207.93034487692,1.00005646184539,"log_lik_sum",1,TRUE,300
