"mean","lower","mid","upper","ESS","Rhat","var","ivar","converged","ess.thres"
15.1489761302107,14.5518017861409,15.0721399666425,16.2418928265434,6777.25893716562,1.00020699631832,"rmse",1,TRUE,300
-1430.74984573497,-1442.34130761505,-1430.46161482333,-1421.09934645388,6665.18942189563,0.999769822863437,"log_lik_sum",1,TRUE,300
