"mean","lower","mid","upper","ESS","Rhat","var","ivar","converged","ess.thres"
155.714156479039,145.393205815513,153.561928583369,178.127960975837,7147.21213783581,1.00010921812836,"rmse",1,TRUE,300
-2138.27917660062,-2149.81512355997,-2137.9821914528,-2128.41177895777,5970.24212754762,1.00024220438694,"log_lik_sum",1,TRUE,300
