"mean","lower","mid","upper","ESS","Rhat","var","ivar","converged","ess.thres"
30.0528498107182,27.3529576444774,29.6818093274956,34.8593004343679,6944.67303679142,1.00008831675011,"rmse",1,TRUE,300
-1461.78686131229,-1473.54897345544,-1461.52295504296,-1451.79268207685,6411.31332143671,0.999674753330231,"log_lik_sum",1,TRUE,300
