"mean","lower","upper","ESS","Rhat","var","ivar","converged","ess.thres"
8.73263838431466,7.56934821300283,10.363075160101,6611.25674251801,1.00004098635604,"rmse",1,TRUE,300
-1296.44658832288,-1311.48250995808,-1283.99015052049,6731.37994710789,1.0005428941848,"log_lik_sum",1,TRUE,300
