"mean","lower","upper","ESS","Rhat","var","ivar","converged","ess.thres"
12.7818752868714,11.2569823136286,14.9048219918244,6788.06518569918,1.00041017203136,"rmse",1,TRUE,300
-1654.71340331547,-1669.40127085538,-1642.28748215922,6088.2831512145,0.999960138740476,"log_lik_sum",1,TRUE,300
