"mean","lower","upper","ESS","Rhat","var","ivar","converged","ess.thres"
9.90944292847923,8.44024337193647,12.3554316973637,6987.2399947666,1.00021640714026,"rmse",1,TRUE,300
-1296.48439457644,-1310.72096816368,-1284.45877987864,6507.06688282085,0.999788704441941,"log_lik_sum",1,TRUE,300
