"mean","lower","upper","ESS","Rhat","var","ivar","converged","ess.thres"
36.8363368007103,32.1875526167444,42.8757933227346,7230.59000256767,1.00000011162662,"rmse",1,TRUE,300
-1847.90622988033,-1861.97559915584,-1835.62445465136,6821.35677551058,1.00033405460684,"log_lik_sum",1,TRUE,300
