"mean","lower","upper","ESS","Rhat","var","ivar","converged","ess.thres"
27.2069157207818,22.3976453359202,34.2785401549815,7160.45360358943,1.00004198036453,"rmse",1,TRUE,300
-1864.33684454505,-1878.67168407176,-1851.79316797863,6748.33042812298,0.999791734948088,"log_lik_sum",1,TRUE,300
