"mean","lower","upper","ESS","Rhat","var","ivar","converged","ess.thres"
32.6576688950728,24.0280160490274,44.5821469266886,7009.43664886745,0.999826030749639,"rmse",1,TRUE,300
-1529.9815542998,-1545.08087362644,-1516.91905882441,5535.1416531012,1.00113821650855,"log_lik_sum",1,TRUE,300
