"mean","lower","upper","ESS","Rhat","var","ivar","converged","ess.thres"
21.5348766182411,17.4359521963473,27.8514087652801,7038.64704535569,1.00055300937624,"rmse",1,TRUE,300
-1610.05794294491,-1625.41589627293,-1597.14030763224,6831.14331854228,1.00033602918536,"log_lik_sum",1,TRUE,300
