"mean","lower","upper","ESS","Rhat","var","ivar","converged","ess.thres"
13.8965641380827,12.2475319588534,16.2195573405298,6816.41596490092,0.999907009629968,"rmse",1,TRUE,300
-1639.80182999963,-1653.78585822925,-1627.37073592519,6467.06020730502,1.0001060350258,"log_lik_sum",1,TRUE,300
