"mean","lower","upper","ESS","Rhat","var","ivar","converged","ess.thres"
8.97672232070641,7.40940168747334,11.1876414201012,6929.81181914337,0.99986280933898,"rmse",1,TRUE,300
-1175.03825138909,-1189.94162846805,-1161.85228535584,6413.87124010271,0.999831578161502,"log_lik_sum",1,TRUE,300
