"mean","lower","upper","ESS","Rhat","var","ivar","converged","ess.thres"
30.8312777568578,24.6961008176043,39.0196381046537,6762.97915231309,1.00011814036217,"rmse",1,TRUE,300
-1630.72071765385,-1645.67117805827,-1617.61441846755,6733.89843846502,0.999850819900465,"log_lik_sum",1,TRUE,300
