"mean","lower","upper","ESS","Rhat","var","ivar","converged","ess.thres"
22.0631938024575,18.4264925350395,26.7936457681229,6926.25482975233,0.999946534301481,"rmse",1,TRUE,300
-1682.0288660165,-1696.83461491308,-1669.36689205985,6663.09948969947,0.999901523294627,"log_lik_sum",1,TRUE,300
