"mean","lower","upper","ESS","Rhat","var","ivar","converged","ess.thres"
3.59500028596489,3.21290167837578,4.13529036479807,6945.43687056264,0.999816556265316,"rmse",1,TRUE,300
-906.172561753962,-921.189188368428,-893.53438027878,6798.52079269508,0.999647807139903,"log_lik_sum",1,TRUE,300
