"mean","lower","upper","ESS","Rhat","var","ivar","converged","ess.thres"
41.1217838803645,34.6793665744344,50.6260000993508,7133.74970278773,1.0001094245565,"rmse",1,TRUE,300
-2042.42539991332,-2056.92192979088,-2029.72292108693,5931.85620798665,0.999914173311023,"log_lik_sum",1,TRUE,300
