"mean","lower","upper","ESS","Rhat","var","ivar","converged","ess.thres"
32.3950501557242,27.2900707635592,40.0269745154324,7176.94318433901,0.99998835212356,"rmse",1,TRUE,300
-1846.58468317151,-1861.03476598433,-1834.00216454558,6107.89944086137,0.99977325942468,"log_lik_sum",1,TRUE,300
