"mean","lower","upper","ESS","Rhat","var","ivar","converged","ess.thres"
19.8271461648673,16.0346481997143,25.5513902063904,7193.2248490587,0.999922620398079,"rmse",1,TRUE,300
-1609.00678275132,-1624.14335082871,-1595.99216428403,6282.39932455641,1.00061852706225,"log_lik_sum",1,TRUE,300
