"mean","lower","upper","ESS","Rhat","var","ivar","converged","ess.thres"
9.63028320516159,7.8543245744286,12.6259101069894,5180.94201020538,1.00015055210727,"rmse",1,TRUE,300
-1235.77993761432,-1250.82346420621,-1222.93370561607,4347.73755742874,1.00095873014513,"log_lik_sum",1,TRUE,300
