"mean","lower","upper","ESS","Rhat","var","ivar","converged","ess.thres"
10.668597926628,9.27560357487475,12.7315481982408,6552.14237296198,0.999829932466292,"rmse",1,TRUE,300
-1493.60481360231,-1507.7859255022,-1481.10961153743,6021.14945567885,1.00038449944981,"log_lik_sum",1,TRUE,300
