"mean","lower","upper","ESS","Rhat","var","ivar","converged","ess.thres"
25.0407616810366,19.9798782782499,33.4324194789819,7124.85503862461,0.999955290819273,"rmse",1,TRUE,300
-1560.73476550592,-1575.62846960359,-1547.70502859194,6589.7684254897,1.00043721264051,"log_lik_sum",1,TRUE,300
