"mean","lower","upper","ESS","Rhat","var","ivar","converged","ess.thres"
21.0055094116461,18.4954082005204,24.9537626445408,6838.1890238119,0.999655448403891,"rmse",1,TRUE,300
-1846.74823282691,-1861.50203935252,-1833.95107278376,6424.30371168861,0.999694253614727,"log_lik_sum",1,TRUE,300
