"mean","lower","upper","ESS","Rhat","var","ivar","converged","ess.thres"
13.5063659667781,11.4083487653778,16.6771232211522,6862.49379507998,0.999938756132645,"rmse",1,TRUE,300
-1480.22530408254,-1494.14130175763,-1468.02991910709,6460.76578288591,0.99972406811809,"log_lik_sum",1,TRUE,300
