"mean","lower","upper","ESS","Rhat","var","ivar","converged","ess.thres"
7.17147635662928,6.26015779231812,8.64051932446432,6382.82335003121,1.00039246747014,"rmse",1,TRUE,300
-1332.68647743525,-1347.18668362222,-1320.50875519292,6428.98898336107,0.999990915293764,"log_lik_sum",1,TRUE,300
