"mean","lower","upper","ESS","Rhat","var","ivar","converged","ess.thres"
17.0060257148595,14.0121194917132,20.8076165528811,7240.34524041512,0.999710024942636,"rmse",1,TRUE,300
-1437.72681320428,-1451.7607127959,-1425.6972008625,6791.04853611932,1.00020744528556,"log_lik_sum",1,TRUE,300
