"mean","lower","upper","ESS","Rhat","var","ivar","converged","ess.thres"
10.7068414990911,9.48314866107467,12.4417415081349,6831.65147080508,1.00015485751697,"rmse",1,TRUE,300
-1451.61861794077,-1466.0597521842,-1438.90678137391,4653.30588058115,1.0002108287305,"log_lik_sum",1,TRUE,300
