"mean","lower","upper","ESS","Rhat","var","ivar","converged","ess.thres"
19.6198118201727,16.1089072655987,24.1256374399943,6679.14506651161,0.999932856122501,"rmse",1,TRUE,300
-1557.63761825778,-1572.26428467342,-1544.93927895488,3090.85301643913,1.00048518135029,"log_lik_sum",1,TRUE,300
