"mean","lower","upper","ESS","Rhat","var","ivar","converged","ess.thres"
24.0513617541569,18.1612557327607,32.4591773964814,7055.33016234052,0.999835584184843,"rmse",1,TRUE,300
-1624.41226038265,-1639.00671552383,-1611.86337926962,6739.78063090767,0.999958414377205,"log_lik_sum",1,TRUE,300
