"mean","lower","upper","ESS","Rhat","var","ivar","converged","ess.thres"
14.1993797673546,11.7763752137166,17.4471617668354,6756.55933714775,1.00023725815304,"rmse",1,TRUE,300
-1599.18069839552,-1614.0944219552,-1586.26728715098,6287.96262599024,0.999714968799429,"log_lik_sum",1,TRUE,300
