"mean","lower","upper","ESS","Rhat","var","ivar","converged","ess.thres"
3.31075540444629,2.97224003407754,3.8550762962734,7359.99632173458,0.999751998963573,"rmse",1,TRUE,300
-979.719907410864,-995.398391529956,-966.686265325092,6688.85984018438,1.00035576185834,"log_lik_sum",1,TRUE,300
