"mean","lower","upper","ESS","Rhat","var","ivar","converged","ess.thres"
22.7537496900548,19.3207495753047,27.8963089668354,7194.13654575076,1.00004545982242,"rmse",1,TRUE,300
-1806.72997109973,-1820.90156345988,-1794.3479510737,6439.76664716363,0.999764695262253,"log_lik_sum",1,TRUE,300
