"mean","lower","upper","ESS","Rhat","var","ivar","converged","ess.thres"
18.4708467250318,16.2204308642048,21.4865566574444,7168.77679474933,0.99984426683657,"rmse",1,TRUE,300
-1722.57689732302,-1737.46226456719,-1709.65839084095,5562.85755189929,1.00031606675275,"log_lik_sum",1,TRUE,300
