"mean","lower","upper","ESS","Rhat","var","ivar","converged","ess.thres"
67.3774680744075,53.9231011787868,85.1009824807253,7206.07186524295,0.999920679106177,"rmse",1,TRUE,300
-1832.56583144689,-1847.11988229992,-1819.81105921973,6558.25898827589,0.999962959529764,"log_lik_sum",1,TRUE,300
