"mean","lower","upper","ESS","Rhat","var","ivar","converged","ess.thres"
12.578599078795,10.3668273958705,15.6250202821966,7148.50817424584,1.00005915474389,"rmse",1,TRUE,300
-1514.57967058772,-1529.43594673368,-1501.83179800342,6705.82780005564,0.999785775519847,"log_lik_sum",1,TRUE,300
