"mean","lower","upper","ESS","Rhat","var","ivar","converged","ess.thres"
23.1767235390739,20.5615794360619,26.7301309194448,6933.32726280817,1.00010938849157,"rmse",1,TRUE,300
-1882.96628702144,-1897.5483661895,-1870.95389599904,6483.12051306888,0.999927792668547,"log_lik_sum",1,TRUE,300
