"mean","lower","upper","ESS","Rhat","var","ivar","converged","ess.thres"
4.06677447195809,3.38606602961318,5.52314296611071,6755.43334498682,0.999976811546409,"rmse",1,TRUE,300
-926.853339047407,-942.153140554508,-913.664774201312,5701.73088430626,1.00052333984456,"log_lik_sum",1,TRUE,300
