"mean","lower","upper","ESS","Rhat","var","ivar","converged","ess.thres"
26.13623328813,21.9983283381106,32.3655504708885,6993.49598908318,0.999752554217688,"rmse",1,TRUE,300
-1758.95277430878,-1773.62609152871,-1746.29455933194,6520.1181670532,0.999661424091951,"log_lik_sum",1,TRUE,300
