"mean","lower","upper","ESS","Rhat","var","ivar","converged","ess.thres"
12.8701739665558,11.2293141338815,14.9839535326587,7016.27512634346,0.999923354260403,"rmse",1,TRUE,300
-1376.71423056204,-1391.63051895437,-1364.07867484064,6253.70938292538,1.00053793738963,"log_lik_sum",1,TRUE,300
