"mean","lower","upper","ESS","Rhat","var","ivar","converged","ess.thres"
24.9930940799491,20.2384163776518,33.3830133439663,7162.37789088768,0.999931498903838,"rmse",1,TRUE,300
-1674.66928117658,-1689.18322800188,-1662.12945810232,6864.44837301358,0.999761949667522,"log_lik_sum",1,TRUE,300
