"mean","lower","upper","ESS","Rhat","var","ivar","converged","ess.thres"
17.0393694409897,13.772476114614,22.3466077984221,7288.1056426251,1.00004765674484,"rmse",1,TRUE,300
-1541.74787711437,-1555.65769664975,-1529.57545812079,6306.92327057503,0.999905986550594,"log_lik_sum",1,TRUE,300
