"mean","lower","upper","ESS","Rhat","var","ivar","converged","ess.thres"
6.12189724621236,5.43276057130861,7.10088084831049,6691.41681378017,0.999651888091857,"rmse",1,TRUE,300
-1268.61995668045,-1283.33599157333,-1256.29337406247,6728.13765494759,0.999632259448915,"log_lik_sum",1,TRUE,300
