"mean","lower","upper","ESS","Rhat","var","ivar","converged","ess.thres"
49.4379441070427,40.7142464646198,60.6860695335378,6802.66327995068,0.999904829839457,"rmse",1,TRUE,300
-2009.40152140843,-2024.13487487345,-1997.1717575839,6733.22797652697,1.000469067957,"log_lik_sum",1,TRUE,300
