"mean","lower","upper","ESS","Rhat","var","ivar","converged","ess.thres"
61.7247359938945,47.268066723577,85.729278303201,7097.48670679383,1.00006371969435,"rmse",1,TRUE,300
-1841.706946904,-1856.77053389346,-1828.63323389365,6711.28608139695,0.999914661845719,"log_lik_sum",1,TRUE,300
