"mean","lower","upper","ESS","Rhat","var","ivar","converged","ess.thres"
10.0845909949902,8.49636433169611,12.5302596988799,6994.31231612687,0.999827457551466,"rmse",1,TRUE,300
-1303.72340732013,-1318.39144108839,-1291.17073833099,6642.32971230044,0.999606979859038,"log_lik_sum",1,TRUE,300
