"mean","lower","upper","ESS","Rhat","var","ivar","converged","ess.thres"
13.6950416438145,11.5447741947046,16.7196301206621,6476.90690171848,0.99974549864092,"rmse",1,TRUE,300
-1344.78374879239,-1359.57347184992,-1332.12267585263,6703.05707838881,0.9999063382771,"log_lik_sum",1,TRUE,300
