"mean","lower","upper","ESS","Rhat","var","ivar","converged","ess.thres"
17.5566023260939,13.8153629720226,23.1519071694319,6896.65004360425,1.00002775933347,"rmse",1,TRUE,300
-1332.78061993638,-1347.60223714224,-1320.01493905624,6432.69205549023,0.99977804232678,"log_lik_sum",1,TRUE,300
