"mean","lower","mid","upper","ESS","Rhat","var","ivar","converged","ess.thres"
20.656665704699,19.514713932447,20.628522589993,21.9638827537132,1848.17917296116,1.00238936923749,"rmse",1,TRUE,300
-1463.51276217773,-1474.77277223114,-1463.21483232187,-1453.60808148022,3640.3841528386,1.00050588074498,"log_lik_sum",1,TRUE,300
