"mean","lower","mid","upper","ESS","Rhat","var","ivar","converged","ess.thres"
146.177799368188,138.051504098892,145.96915591196,155.55757260498,7049.5956369762,1.00018501143319,"rmse",1,TRUE,300
-2383.18356740848,-2394.78693885163,-2382.77772263612,-2373.70639937294,5308.64461653144,1.00075624540884,"log_lik_sum",1,TRUE,300
