"mean","lower","mid","upper","ESS","Rhat","var","ivar","converged","ess.thres"
40.7607124592025,38.0789803236451,40.6149379942067,44.3335656695605,4607.63885091359,1.00049506221896,"rmse",1,TRUE,300
-1937.87115935958,-1949.05157699928,-1937.44452616779,-1928.82097207956,6209.16093723138,1.0006755896619,"log_lik_sum",1,TRUE,300
