"mean","lower","mid","upper","ESS","Rhat","var","ivar","converged","ess.thres"
108.344643787073,103.476436278386,108.179416369995,113.895337294115,6963.7408987858,0.999841401227955,"rmse",1,TRUE,300
-2018.42875370918,-2029.84257640519,-2017.98867856705,-2009.23245573183,4822.40227463867,0.999811360277629,"log_lik_sum",1,TRUE,300
