"mean","lower","mid","upper","ESS","Rhat","var","ivar","converged","ess.thres"
24.5291212673503,23.0671896764594,24.5055665826691,26.1548447723739,5516.19574840472,1.00051697278293,"rmse",1,TRUE,300
-1472.06599622489,-1483.22746079019,-1471.80978564151,-1463.00377285017,5288.76107603203,0.999779785169861,"log_lik_sum",1,TRUE,300
