"mean","lower","mid","upper","ESS","Rhat","var","ivar","converged","ess.thres"
35.9707542070287,33.4598622496722,35.7734597481557,39.7345451933407,1491.30065160475,1.0002441201746,"rmse",1,TRUE,300
-1787.35754204374,-1798.83022187001,-1787.18282362593,-1777.73239914251,2593.50850202462,1.00029505228063,"log_lik_sum",1,TRUE,300
