"mean","lower","mid","upper","ESS","Rhat","var","ivar","converged","ess.thres"
75.7832764160497,69.7700903626936,74.5514381167453,88.9434515799722,4673.73275927649,0.999761820044626,"rmse",1,TRUE,300
-2088.2783179118,-2099.46026100629,-2087.9935226608,-2078.69172020101,3874.52560702516,0.999984308294981,"log_lik_sum",1,TRUE,300
