"mean","lower","mid","upper","ESS","Rhat","var","ivar","converged","ess.thres"
100.272317600279,94.9022556332786,99.8815817986354,107.51543885345,1765.03870805202,1.00098264480994,"rmse",1,TRUE,300
-2259.96397952257,-2270.91292250967,-2259.64551056988,-2250.44195193376,3687.86051213329,1.00222564588332,"log_lik_sum",1,TRUE,300
