"mean","lower","mid","upper","ESS","Rhat","var","ivar","converged","ess.thres"
84.4294046723109,79.2690043457393,83.5706806093501,94.721759747591,7006.6787049202,0.999670410097365,"rmse",1,TRUE,300
-2204.33173227036,-2218.40256281686,-2204.24783245798,-2190.92641651378,6806.22412810302,0.999982294020632,"log_lik_sum",1,TRUE,300
