"mean","lower","mid","upper","ESS","Rhat","var","ivar","converged","ess.thres"
56.6717332830544,53.9121938460876,56.5546493482788,60.1256810193712,1017.00247806421,1.0073592593231,"rmse",1,TRUE,300
-1827.81807959076,-1839.21839129132,-1827.42257448865,-1818.2688008349,2333.1265748198,1.00372107492599,"log_lik_sum",1,TRUE,300
