"mean","lower","mid","upper","ESS","Rhat","var","ivar","converged","ess.thres"
45.7178922615406,43.6716100545338,45.6059729347473,48.4366980682154,6365.94001574419,0.999898956701681,"rmse",1,TRUE,300
-1972.48166081322,-1983.95556140846,-1972.07191931017,-1962.97546764276,6489.67880427871,1.00004616406076,"log_lik_sum",1,TRUE,300
