"mean","lower","mid","upper","ESS","Rhat","var","ivar","converged","ess.thres"
41.0980044745147,38.1420691420105,40.717349527265,46.1897575147903,4770.01194268736,1.00010465915159,"rmse",1,TRUE,300
-1969.94543830264,-1981.36810292849,-1969.61334838173,-1960.45845983183,6556.70807246585,1.00010004865503,"log_lik_sum",1,TRUE,300
