"mean","lower","mid","upper","ESS","Rhat","var","ivar","converged","ess.thres"
68.420949905101,60.4204593759051,67.4896110925579,81.663405814272,6666.48091908192,0.999989347875882,"rmse",1,TRUE,300
-1925.46650109275,-1936.80994171443,-1925.18664803111,-1915.88772811903,6321.77259089862,1.00027548203785,"log_lik_sum",1,TRUE,300
