"mean","lower","mid","upper","ESS","Rhat","var","ivar","converged","ess.thres"
10.0347046905195,8.74894035553577,9.90012224821069,12.0952184921711,7285.50460972945,0.999845358281257,"rmse",1,TRUE,300
-1122.01118643351,-1133.73373174091,-1121.7323311764,-1111.78716137103,6583.36447855095,1.00037701102836,"log_lik_sum",1,TRUE,300
