"mean","lower","mid","upper","ESS","Rhat","var","ivar","converged","ess.thres"
83.1402608896916,78.8662205972459,83.0250822749766,88.0190309661842,6781.47808639406,0.999871431923958,"rmse",1,TRUE,300
-1842.90110084803,-1854.60004276718,-1842.62878808835,-1832.87292900733,4986.70033318974,1.00108929067448,"log_lik_sum",1,TRUE,300
