"mean","lower","mid","upper","ESS","Rhat","var","ivar","converged","ess.thres"
78.3386664309549,73.756011384851,78.2864296805763,83.3191607660759,6274.36973737422,1.00039869654365,"rmse",1,TRUE,300
-1922.62673480973,-1934.22945872442,-1922.25776917246,-1913.3280664984,5946.85148656973,0.999760255188418,"log_lik_sum",1,TRUE,300
