"mean","lower","mid","upper","ESS","Rhat","var","ivar","converged","ess.thres"
49.426906690162,46.6011055511647,49.0738534284692,54.2922086715713,6695.30371880719,0.999871343515093,"rmse",1,TRUE,300
-2043.98337225574,-2055.57510606513,-2043.57545989889,-2034.47356497227,6308.47002883095,1.00033240162788,"log_lik_sum",1,TRUE,300
