"mean","lower","mid","upper","ESS","Rhat","var","ivar","converged","ess.thres"
183.514762254056,173.996951933653,182.920615610971,196.719648236774,6796.21554027394,0.999706550115486,"rmse",1,TRUE,300
-2453.73428267145,-2465.51389718814,-2453.45273239934,-2443.43462601131,6757.7209250468,0.999740018695666,"log_lik_sum",1,TRUE,300
