"mean","lower","mid","upper","ESS","Rhat","var","ivar","converged","ess.thres"
105.024253401588,99.8264947481743,104.836394088393,111.065651542069,5656.88574502787,0.999938721920473,"rmse",1,TRUE,300
-2213.63995503462,-2224.48608414141,-2213.29682549802,-2204.72516130687,6434.81694192308,0.999824389116541,"log_lik_sum",1,TRUE,300
