"mean","lower","mid","upper","ESS","Rhat","var","ivar","converged","ess.thres"
18.0470394904732,17.0715435772478,17.9421152386852,19.6164092306485,6466.94905807666,1.00093955951622,"rmse",1,TRUE,300
-1316.71217682703,-1327.65453392635,-1316.36216247522,-1307.88055995528,5788.53742695361,1.00028193521601,"log_lik_sum",1,TRUE,300
