"mean","lower","mid","upper","ESS","Rhat","var","ivar","converged","ess.thres"
43.3727694708493,40.8429603250102,43.0354700561244,47.876997612761,4898.73963549509,1.00032567888406,"rmse",1,TRUE,300
-2041.43933008358,-2053.26965239068,-2041.12611171354,-2031.11665401226,5839.82958669139,1.00163242824302,"log_lik_sum",1,TRUE,300
