"mean","lower","mid","upper","ESS","Rhat","var","ivar","converged","ess.thres"
34.7279631897399,33.4785708695143,34.5976755088083,36.6835339093429,6439.60573098358,0.999912698184571,"rmse",1,TRUE,300
-1786.60959529272,-1797.25616100714,-1786.27029393217,-1777.6486390578,5548.53530897092,0.999701348464379,"log_lik_sum",1,TRUE,300
