"mean","lower","mid","upper","ESS","Rhat","var","ivar","converged","ess.thres"
41.1664571720954,34.0960280350605,40.3460314343865,52.6624078395695,7195.25961134924,0.99984371805483,"rmse",1,TRUE,300
-1765.36305558236,-1778.37399405305,-1765.19630443551,-1753.64742510535,6361.57985670575,0.999897984849065,"log_lik_sum",1,TRUE,300
