"mean","lower","mid","upper","ESS","Rhat","var","ivar","converged","ess.thres"
57.9642284005451,51.9854876735722,57.9718019250652,64.0676519374462,6386.89261682028,0.99978276232997,"rmse",1,TRUE,300
-1740.91962257756,-1754.49750901748,-1741.05613201032,-1726.7771819662,6430.76762047012,0.999956620449177,"log_lik_sum",1,TRUE,300
