"mean","lower","mid","upper","ESS","Rhat","var","ivar","converged","ess.thres"
107.728158183909,101.358721971732,107.732163921583,114.07568472756,2976.14291942641,1.00107381771692,"rmse",1,TRUE,300
-2135.20257737578,-2146.29270045241,-2134.9250923271,-2126.09888531059,5981.12985728462,1.00018389519849,"log_lik_sum",1,TRUE,300
