"mean","lower","mid","upper","ESS","Rhat","var","ivar","converged","ess.thres"
39.5306295136644,36.9834467341142,39.3167414296189,43.2825656087228,4491.95026442359,1.00004918400604,"rmse",1,TRUE,300
-1734.7716191646,-1745.80801933821,-1734.5527253443,-1725.50582442354,4476.91903647432,1.00031689909648,"log_lik_sum",1,TRUE,300
