"mean","lower","mid","upper","ESS","Rhat","var","ivar","converged","ess.thres"
17.9809896193804,16.5420452127865,17.8137077549367,20.3653510528209,6938.05775322816,0.999726227580015,"rmse",1,TRUE,300
-1585.23264018385,-1596.59298209919,-1584.92863718584,-1575.64059983863,6866.61346991129,0.999927347518218,"log_lik_sum",1,TRUE,300
