"mean","lower","mid","upper","ESS","Rhat","var","ivar","converged","ess.thres"
32.5364112346191,30.9305501944847,32.4584964241208,34.6027869352516,6070.59080975679,1.00010475567101,"rmse",1,TRUE,300
-1719.81579219241,-1730.91596049053,-1719.45029791213,-1710.83817686522,6323.58946837212,1.00038815512521,"log_lik_sum",1,TRUE,300
