"mean","lower","mid","upper","ESS","Rhat","var","ivar","converged","ess.thres"
65.3885333006347,60.0243183203013,65.2841787587611,71.6689082730228,5179.06605086636,1.00033683321894,"rmse",1,TRUE,300
-2080.68224217608,-2091.51584553542,-2080.39839494369,-2071.51808047393,6621.50882339618,0.999829254382992,"log_lik_sum",1,TRUE,300
