"mean","lower","mid","upper","ESS","Rhat","var","ivar","converged","ess.thres"
25.9912465850178,23.4841968801344,25.7230628932159,30.0195510813388,6710.10198874062,0.99984304834154,"rmse",1,TRUE,300
-1765.81711216996,-1776.84475567489,-1765.43543279135,-1756.71120504852,5522.70208218463,1.00024204391067,"log_lik_sum",1,TRUE,300
