"mean","lower","mid","upper","ESS","Rhat","var","ivar","converged","ess.thres"
43.3558099407504,39.9274354870326,43.0129243475419,48.8578083087767,4090.90483976876,1.00038152534916,"rmse",1,TRUE,300
-2041.83994422693,-2053.23831459144,-2041.46828160854,-2032.42351632072,5944.63740705289,0.999908705826653,"log_lik_sum",1,TRUE,300
