"mean","lower","mid","upper","ESS","Rhat","var","ivar","converged","ess.thres"
23.2834232700483,21.5159705870838,23.1063217950928,26.4416992848086,5561.0220345036,0.999803069908062,"rmse",1,TRUE,300
-1217.58751197285,-1227.59533543377,-1217.35694181291,-1209.17125429808,7015.651251177,1.00002313134482,"log_lik_sum",1,TRUE,300
