"mean","lower","mid","upper","ESS","Rhat","var","ivar","converged","ess.thres"
82.1152958733117,76.3817787391914,81.7430918738992,89.8927639386011,5105.4279911388,1.00036412439536,"rmse",1,TRUE,300
-2118.22229141705,-2129.50880288043,-2117.93052144497,-2108.65925679121,6389.75101018447,0.999918526959627,"log_lik_sum",1,TRUE,300
