"mean","lower","mid","upper","ESS","Rhat","var","ivar","converged","ess.thres"
112.421795521434,103.036472036932,111.236370983507,128.079280336157,6286.70954925768,0.999898708820846,"rmse",1,TRUE,300
-2391.22944419023,-2403.12353101798,-2391.07547597654,-2380.86503496012,5840.45137582642,1.00024380709869,"log_lik_sum",1,TRUE,300
