"mean","lower","mid","upper","ESS","Rhat","var","ivar","converged","ess.thres"
45.6079068942844,43.2110551617216,45.5752416707396,48.1500730125673,7039.45690843764,0.999818565804533,"rmse",1,TRUE,300
-1685.39858826215,-1697.59837699301,-1685.35100365786,-1673.71301956638,6861.26963314241,1.0001724091713,"log_lik_sum",1,TRUE,300
