"mean","lower","mid","upper","ESS","Rhat","var","ivar","converged","ess.thres"
71.3942264785504,67.4410331770669,71.0494022016334,77.1987964964697,6774.47530079598,1.00020899352293,"rmse",1,TRUE,300
-1986.27436206665,-1997.29944929487,-1985.99835586645,-1976.77637616346,6030.26339678747,1.00012300504005,"log_lik_sum",1,TRUE,300
