"mean","lower","mid","upper","ESS","Rhat","var","ivar","converged","ess.thres"
107.12693505253,99.6498822703864,106.676168016272,117.572139581654,6012.23650155669,1.00026085550784,"rmse",1,TRUE,300
-2250.08478752818,-2262.31808203635,-2249.85320934657,-2239.26729902133,4534.52008956981,1.00014246294871,"log_lik_sum",1,TRUE,300
