"mean","lower","mid","upper","ESS","Rhat","var","ivar","converged","ess.thres"
44.3859681579251,41.2713694853367,44.3105236804768,48.0826668788513,4041.14095851242,0.999838030981923,"rmse",1,TRUE,300
-1962.5310538297,-1973.63358384182,-1962.20330291734,-1952.94520710098,6312.40363995432,0.999755854318264,"log_lik_sum",1,TRUE,300
