"mean","lower","mid","upper","ESS","Rhat","var","ivar","converged","ess.thres"
30.2848032702307,28.0198847046954,30.2332159970555,32.932121400164,3631.99920769514,1.00006885342525,"rmse",1,TRUE,300
-1532.08724848954,-1543.27380710911,-1531.7670821049,-1522.80125344296,4923.90890562631,0.999631014546025,"log_lik_sum",1,TRUE,300
