"mean","lower","mid","upper","ESS","Rhat","var","ivar","converged","ess.thres"
37.5465381437625,35.4271940026967,37.5501792313228,39.6758059962442,2730.67214216594,1.00220008584898,"rmse",1,TRUE,300
-1546.7281512853,-1557.83193261251,-1546.46342395747,-1537.33958088882,5094.27189760466,1.00078819864531,"log_lik_sum",1,TRUE,300
