"mean","lower","mid","upper","ESS","Rhat","var","ivar","converged","ess.thres"
20.773399517491,19.1693128020309,20.4880964146773,24.037845264715,5453.50475026831,0.999777275001701,"rmse",1,TRUE,300
-1451.80230639912,-1465.72710075793,-1451.37787858368,-1440.22494962715,3211.64998685818,0.999919730586648,"log_lik_sum",1,TRUE,300
