"mean","lower","mid","upper","ESS","Rhat","var","ivar","converged","ess.thres"
47.4132966796957,42.5676080254378,46.4630332320437,57.6321384963368,6878.3343173742,1.00006476652926,"rmse",1,TRUE,300
-1947.74990619769,-1960.98737361072,-1947.42848280981,-1936.41181399206,5261.04228215575,1.00025532183653,"log_lik_sum",1,TRUE,300
