"mean","lower","mid","upper","ESS","Rhat","var","ivar","converged","ess.thres"
101.118053429686,93.9620300781844,99.6507950274641,117.806236676818,6864.70407524923,0.999710372286406,"rmse",1,TRUE,300
-1986.22042871644,-1998.05298553903,-1985.9407696504,-1976.10057865771,5386.37298116968,0.999915403547796,"log_lik_sum",1,TRUE,300
