"mean","lower","mid","upper","ESS","Rhat","var","ivar","converged","ess.thres"
89.6800555197508,83.3977300464225,88.8223648194015,100.951503948467,6769.41155398713,1.00050768918685,"rmse",1,TRUE,300
-2188.44708724045,-2202.2274792221,-2188.12321041333,-2176.74096952675,6721.82924037552,1.0000550858785,"log_lik_sum",1,TRUE,300
