"mean","lower","mid","upper","ESS","Rhat","var","ivar","converged","ess.thres"
38.3091809551491,35.2459512114416,37.9242879051834,43.754160354723,5133.74293230079,0.999971564887635,"rmse",1,TRUE,300
-1630.21657157351,-1643.97256348414,-1629.90387509047,-1618.54190544834,3089.08652972856,1.00019883111212,"log_lik_sum",1,TRUE,300
