"mean","lower","mid","upper","ESS","Rhat","var","ivar","converged","ess.thres"
75.1062768463288,68.0103889118259,74.143316071803,87.8200070347499,4734.26212231603,1.00043155398443,"rmse",1,TRUE,300
-1800.16489853501,-1812.75618441654,-1799.83234796684,-1789.60531404615,5390.54109055874,0.999766563689291,"log_lik_sum",1,TRUE,300
