"mean","lower","mid","upper","ESS","Rhat","var","ivar","converged","ess.thres"
45.3600035735841,41.7558824554427,44.8316985097499,52.0878876954018,6596.78018745394,0.999989370134195,"rmse",1,TRUE,300
-1920.05430720892,-1934.10444160743,-1919.60168382191,-1908.6633784803,4896.05049815637,1.0006318339356,"log_lik_sum",1,TRUE,300
