"mean","lower","mid","upper","ESS","Rhat","var","ivar","converged","ess.thres"
47.8100588108695,43.4786949070857,47.0037494306621,56.4458108924482,7031.18526958808,1.00022255402597,"rmse",1,TRUE,300
-2032.56267163756,-2045.5064477267,-2032.22613147481,-2021.8645188791,5336.07680034973,1.00004855503725,"log_lik_sum",1,TRUE,300
