"mean","lower","mid","upper","ESS","Rhat","var","ivar","converged","ess.thres"
26.3257897126995,20.4651084299743,24.9825669781974,40.1700034136287,2538.8252957108,1.00238254362119,"rmse",1,TRUE,300
-1493.3481556163,-1507.11609868087,-1493.08949920677,-1481.06345811204,2433.66288477541,1.00133165477628,"log_lik_sum",1,TRUE,300
