"mean","lower","mid","upper","ESS","Rhat","var","ivar","converged","ess.thres"
65.3819377656845,56.5490212149311,63.13340917295,87.2923208699609,7181.44301117689,0.999755104609344,"rmse",1,TRUE,300
-1938.30252274615,-1951.0773320727,-1937.91795227463,-1927.93885213043,6363.26485758886,1.00006637084044,"log_lik_sum",1,TRUE,300
