"mean","lower","mid","upper","ESS","Rhat","var","ivar","converged","ess.thres"
64.3958281266838,51.1744847769697,61.4779510592757,93.2355839895376,4705.65514830528,1.00000433245245,"rmse",1,TRUE,300
-1742.82666870242,-1757.61901524203,-1742.4696084632,-1730.58422270675,2209.8154886125,0.999845512073991,"log_lik_sum",1,TRUE,300
