"mean","lower","mid","upper","ESS","Rhat","var","ivar","converged","ess.thres"
68.6290372049178,63.209195877852,67.7224277583973,79.1877084659352,6285.5457619771,0.999780212161661,"rmse",1,TRUE,300
-1961.43287782662,-1974.7076585352,-1961.10137059738,-1950.09495280027,5052.28228138973,0.999984525898183,"log_lik_sum",1,TRUE,300
