"mean","lower","mid","upper","ESS","Rhat","var","ivar","converged","ess.thres"
78.6711262293344,71.4607143005707,77.5541459361765,92.6924682157351,6991.29604206038,0.999884267806387,"rmse",1,TRUE,300
-1784.0517851745,-1796.87252592585,-1783.82542332937,-1773.01838055019,7016.46823534714,0.999874875150902,"log_lik_sum",1,TRUE,300
