"mean","lower","mid","upper","ESS","Rhat","var","ivar","converged","ess.thres"
59.4551273112713,54.0316310316393,58.6024588025961,69.5906297986217,6665.34080336424,0.999990418203102,"rmse",1,TRUE,300
-2104.89744261857,-2117.04834976673,-2104.62025691436,-2094.48235090799,6435.17255523934,0.999911862371658,"log_lik_sum",1,TRUE,300
