"mean","lower","mid","upper","ESS","Rhat","var","ivar","converged","ess.thres"
111.51330427628,104.891826605936,110.209824490503,125.448668033843,5531.95338419243,1.00010293419265,"rmse",1,TRUE,300
-2231.23012201226,-2244.82805035651,-2230.7090221915,-2220.16255830921,3844.43922828944,1.00004314996647,"log_lik_sum",1,TRUE,300
