"mean","lower","mid","upper","ESS","Rhat","var","ivar","converged","ess.thres"
78.2961560281606,70.80905584626,77.0198910170134,94.1624440297494,4992.97359454848,1.00113224820039,"rmse",1,TRUE,300
-1962.03323376268,-1973.4281461786,-1961.70191534809,-1952.49576188813,6200.48053925322,1.00039078743782,"log_lik_sum",1,TRUE,300
