"mean","lower","mid","upper","ESS","Rhat","var","ivar","converged","ess.thres"
52.1751918963656,48.1073143877774,51.3878104177784,60.8622898478918,5809.84833287432,0.999977945184417,"rmse",1,TRUE,300
-2057.21685615902,-2068.98396651571,-2056.89498518863,-2047.1753540428,5640.48774479979,0.999948753750905,"log_lik_sum",1,TRUE,300
