"mean","lower","mid","upper","ESS","Rhat","var","ivar","converged","ess.thres"
39.977070918635,37.9982932913608,39.611108331799,44.2980125364476,5973.45478622123,1.00024350144716,"rmse",1,TRUE,300
-1812.82353509547,-1824.37439010299,-1812.52954920571,-1802.8430787039,5922.18357842616,0.999790850171713,"log_lik_sum",1,TRUE,300
