"mean","lower","mid","upper","ESS","Rhat","var","ivar","converged","ess.thres"
48.4662600733095,44.6509021197696,47.6388855334218,57.4107751373054,7000.31942038931,1.00009117933243,"rmse",1,TRUE,300
-1850.37142749811,-1862.48340817922,-1850.04820592142,-1840.18533865014,7048.4307155942,1.00075789798278,"log_lik_sum",1,TRUE,300
