"mean","lower","mid","upper","ESS","Rhat","var","ivar","converged","ess.thres"
37.916168311918,33.5643228244163,36.7355368225661,49.4217811854276,6291.05996213992,1.00066397480495,"rmse",1,TRUE,300
-1736.83637775899,-1750.39849340022,-1736.41701640799,-1725.69993591795,4563.78499494006,1.00048006362095,"log_lik_sum",1,TRUE,300
