"mean","lower","mid","upper","ESS","Rhat","var","ivar","converged","ess.thres"
104.311775734045,95.9415108901285,102.208638153298,124.947404812021,3134.02289805441,1.00088533135117,"rmse",1,TRUE,300
-2082.68841715366,-2095.58265803109,-2082.42309540593,-2071.90769395694,3609.42830839119,1.00098650367657,"log_lik_sum",1,TRUE,300
