"mean","lower","mid","upper","ESS","Rhat","var","ivar","converged","ess.thres"
58.8303907161739,54.9585652674599,57.9713734168734,67.7340589833242,4785.10373415913,1.00035506810401,"rmse",1,TRUE,300
-1778.81957713128,-1792.47904725006,-1778.38181251049,-1767.28927022266,2521.45501594725,1.00068889749708,"log_lik_sum",1,TRUE,300
