"mean","lower","mid","upper","ESS","Rhat","var","ivar","converged","ess.thres"
74.688948704125,69.5803237742352,73.8151428904864,84.873943883133,4744.2480954052,1.00068748639584,"rmse",1,TRUE,300
-1923.41812041186,-1935.55181284502,-1923.10975087487,-1912.92998614383,4894.08381659466,1.00036631800137,"log_lik_sum",1,TRUE,300
