"mean","lower","mid","upper","ESS","Rhat","var","ivar","converged","ess.thres"
18.8470498683029,17.3086513812202,18.5589999368499,22.0697445070932,6383.34160857756,0.999868541725358,"rmse",1,TRUE,300
-1639.56853355345,-1651.84178010932,-1639.19922432953,-1629.21112813793,5502.08392264462,1.00001277586316,"log_lik_sum",1,TRUE,300
