"mean","lower","mid","upper","ESS","Rhat","var","ivar","converged","ess.thres"
34.5684294476862,31.465936359702,34.0634773184662,40.4473459199616,6957.84555518365,1.00006084410684,"rmse",1,TRUE,300
-1701.5711104552,-1713.83835951731,-1701.11529293448,-1691.2866156938,6333.08366917518,0.999789867248939,"log_lik_sum",1,TRUE,300
