"mean","lower","mid","upper","ESS","Rhat","var","ivar","converged","ess.thres"
10.580058500361,8.33803469834625,9.977343265127,16.2391750881935,4979.51606749302,1.00056124316498,"rmse",1,TRUE,300
-1109.60089317865,-1122.22464489115,-1109.27660995847,-1098.83022397957,5133.6722361106,1.00002424104863,"log_lik_sum",1,TRUE,300
