"mean","lower","mid","upper","ESS","Rhat","var","ivar","converged","ess.thres"
22.9726606428553,20.6230108617438,22.3347163162317,28.8794561185856,6655.15559002202,0.999945066107027,"rmse",1,TRUE,300
-1207.53851859344,-1219.90231658237,-1207.18312159125,-1197.06036209259,6560.25350384802,1.0000365225214,"log_lik_sum",1,TRUE,300
