"mean","lower","mid","upper","ESS","Rhat","var","ivar","converged","ess.thres"
86.8997703925685,73.6589685159684,84.794361372679,112.188886969625,6225.88042341895,1.00108472760147,"rmse",1,TRUE,300
-2041.572076335,-2056.11378983817,-2041.03904218951,-2030.09481431029,1728.69773648424,1.00124213547021,"log_lik_sum",1,TRUE,300
