"mean","lower","mid","upper","ESS","Rhat","var","ivar","converged","ess.thres"
140.200257411879,129.05617099841,138.307601209574,162.762009839385,4905.60362291801,1.0001571928329,"rmse",1,TRUE,300
-2462.79065793557,-2475.70595303348,-2462.46309137189,-2451.58413700383,4880.1031422304,1.00034556661127,"log_lik_sum",1,TRUE,300
