"mean","lower","mid","upper","ESS","Rhat","var","ivar","converged","ess.thres"
41.8977105954499,38.7852712617565,41.5212114444386,47.5407752266677,6685.95922431332,1.00000423519212,"rmse",1,TRUE,300
-1653.11635707215,-1666.55946662474,-1652.77506002035,-1641.83854672749,6277.57671095947,1.00014680996316,"log_lik_sum",1,TRUE,300
