"mean","lower","mid","upper","ESS","Rhat","var","ivar","converged","ess.thres"
89.7038005503421,81.7008527357286,88.6427145708592,104.682630378468,5036.18411073054,1.00095642867533,"rmse",1,TRUE,300
-2009.91854928539,-2022.92071096216,-2009.47038337455,-1999.67852732969,5577.62054051262,0.999855882176128,"log_lik_sum",1,TRUE,300
