"mean","lower","mid","upper","ESS","Rhat","var","ivar","converged","ess.thres"
46.6052635378724,42.2804529950291,45.8103866704708,55.4995261846364,4250.42006982403,0.999725186055378,"rmse",1,TRUE,300
-1992.13821280723,-2003.99675726921,-1991.7960320048,-1981.77926275665,4641.31465518031,0.999970525227482,"log_lik_sum",1,TRUE,300
