"mean","lower","mid","upper","ESS","Rhat","var","ivar","converged","ess.thres"
59.3527008590405,53.5701951782267,57.7360145535221,73.8171087427508,6021.78962867342,1.00011203095474,"rmse",1,TRUE,300
-1918.99833387287,-1932.218096237,-1918.69886834158,-1907.69477261581,4410.16423101469,1.00014918258448,"log_lik_sum",1,TRUE,300
