"mean","lower","mid","upper","ESS","Rhat","var","ivar","converged","ess.thres"
39.7305812752687,35.7892237621757,38.8790686334094,48.5810861399358,5725.0855219795,1.0003424589143,"rmse",1,TRUE,300
-1579.85883836364,-1592.70222153617,-1579.48221959599,-1568.88908767604,3970.96522020494,1.00059125941488,"log_lik_sum",1,TRUE,300
