"mean","lower","mid","upper","ESS","Rhat","var","ivar","converged","ess.thres"
32.9626731648174,30.6958335430254,32.5805676440438,37.4622712399348,6201.49156573129,0.999666954849156,"rmse",1,TRUE,300
-1560.26927761209,-1573.72296592359,-1559.8967099769,-1549.26377970692,5834.13298962452,1.00018630040767,"log_lik_sum",1,TRUE,300
