"mean","lower","mid","upper","ESS","Rhat","var","ivar","converged","ess.thres"
22.3383347565991,20.2066096501074,22.1099044372361,25.8253206425287,2996.98915636308,1.00038865925523,"rmse",1,TRUE,300
-1437.36317194225,-1448.76489686245,-1437.04868358024,-1427.69467542486,4381.42521053236,1.00016479154018,"log_lik_sum",1,TRUE,300
