"mean","lower","mid","upper","ESS","Rhat","var","ivar","converged","ess.thres"
34.2340724082133,32.0966952632153,33.8528826025978,38.4484834936671,5085.35451846282,0.999831667662619,"rmse",1,TRUE,300
-1759.20254867366,-1771.03538488609,-1758.92266332294,-1749.31449859442,3965.02578944036,1.00035987348487,"log_lik_sum",1,TRUE,300
