"mean","lower","mid","upper","ESS","Rhat","var","ivar","converged","ess.thres"
99.8061476279317,92.5918660650082,99.0850207457896,111.061578291948,3352.6283228441,0.999899965347243,"rmse",1,TRUE,300
-2258.23439220406,-2270.2125734309,-2258.03063559459,-2247.52309006265,4234.11995010012,1.00015246598708,"log_lik_sum",1,TRUE,300
