"mean","lower","mid","upper","ESS","Rhat","var","ivar","converged","ess.thres"
80.4452458482851,73.7959445647134,79.2514711501142,94.1357136902981,7271.2449701439,1.00004691359335,"rmse",1,TRUE,300
-2148.23344558592,-2164.28080320103,-2148.04883722549,-2133.66798810259,6526.94863673413,0.999915255390388,"log_lik_sum",1,TRUE,300
