"mean","lower","mid","upper","ESS","Rhat","var","ivar","converged","ess.thres"
33.7813910174881,32.0859154688733,33.4922816410544,37.2787362635421,5374.0004491421,1.00011560864359,"rmse",1,TRUE,300
-1575.49012886954,-1587.72567668717,-1575.2147904846,-1564.77786346388,3992.0493320741,1.0000953427656,"log_lik_sum",1,TRUE,300
