"mean","lower","mid","upper","ESS","Rhat","var","ivar","converged","ess.thres"
59.7311830177143,54.8132241109122,58.9885817651365,68.5072482431668,5521.49040835017,0.999823756137376,"rmse",1,TRUE,300
-1730.74283525734,-1742.81657145839,-1730.39250207991,-1720.26702404661,4174.17560002571,1.00034590119863,"log_lik_sum",1,TRUE,300
