"mean","lower","mid","upper","ESS","Rhat","var","ivar","converged","ess.thres"
39.3595717705037,36.6404921622394,38.913872977149,44.7955823139543,6891.87871355695,0.999869054994929,"rmse",1,TRUE,300
-1957.19725353601,-1968.93265462138,-1956.79042733143,-1947.45968129257,6523.05920413841,1.00001169787279,"log_lik_sum",1,TRUE,300
