"mean","lower","mid","upper","ESS","Rhat","var","ivar","converged","ess.thres"
303.496624395769,275.040170938878,300.438435840114,348.946331058386,6567.23109947023,0.999619555343566,"rmse",1,TRUE,300
-2973.12985187785,-2986.34313261367,-2972.77668510479,-2961.7668950922,5819.69397923303,0.999863568701982,"log_lik_sum",1,TRUE,300
