"mean","lower","mid","upper","ESS","Rhat","var","ivar","converged","ess.thres"
23.0833090599942,18.6986409548371,22.3366890698835,32.1161814559271,5656.97230090583,1.0003164547777,"rmse",1,TRUE,300
-1451.25327555536,-1462.96514032732,-1450.8858477175,-1441.58367937647,4348.38160729913,1.00010781493745,"log_lik_sum",1,TRUE,300
