"mean","lower","mid","upper","ESS","Rhat","var","ivar","converged","ess.thres"
69.4067890718017,56.9893940014235,67.3764595002557,93.2744031472598,7039.89832818358,0.999982757644666,"rmse",1,TRUE,300
-1909.59707110314,-1921.62339651439,-1909.35847338579,-1899.54584549487,6410.26839537486,1.00078458175673,"log_lik_sum",1,TRUE,300
