"mean","lower","mid","upper","ESS","Rhat","var","ivar","converged","ess.thres"
65.1560375742565,51.6180454939257,62.9598932827777,91.4530122565842,4512.72001070887,0.999736529526859,"rmse",1,TRUE,300
-1695.66141587482,-1707.5390529622,-1695.29544268011,-1685.59502895376,4148.17219501285,0.999906522767125,"log_lik_sum",1,TRUE,300
