"mean","lower","mid","upper","ESS","Rhat","var","ivar","converged","ess.thres"
63.1642945370027,58.1958556255542,62.5319446003907,71.5354775170659,6673.89138407933,0.999889276099484,"rmse",1,TRUE,300
-1939.76005611487,-1950.74624513452,-1939.52873196383,-1930.17488563459,6585.19942316859,1.0003263999637,"log_lik_sum",1,TRUE,300
