"mean","lower","mid","upper","ESS","Rhat","var","ivar","converged","ess.thres"
8.67678041528328,8.12929337603939,8.5679801511147,9.82116118968256,6049.74496266196,0.999830656357529,"rmse",1,TRUE,300
-1111.64512726053,-1123.43427007962,-1111.37882885418,-1101.62970990268,6574.10425165897,0.999715544130862,"log_lik_sum",1,TRUE,300
