"mean","lower","mid","upper","ESS","Rhat","var","ivar","converged","ess.thres"
67.508893955849,62.3019890015301,66.8903005373253,76.6296682617783,6305.16570268612,0.999800267378013,"rmse",1,TRUE,300
-1728.389322774,-1740.28298944218,-1728.17010671071,-1717.58304951016,6760.76957153054,1.00004706295756,"log_lik_sum",1,TRUE,300
