"mean","lower","mid","upper","ESS","Rhat","var","ivar","converged","ess.thres"
17.6778777044913,15.8820804211206,17.4059521476439,20.9741950884303,6893.03726652265,0.999916431111336,"rmse",1,TRUE,300
-1285.5861905561,-1297.03154451629,-1285.24364781905,-1275.97069908517,6466.4026009705,0.999889235334988,"log_lik_sum",1,TRUE,300
