"mean","lower","mid","upper","ESS","Rhat","var","ivar","converged","ess.thres"
48.2884405968476,44.4336353898293,47.7183582977815,55.5056482892132,7329.52189550211,0.999770385064082,"rmse",1,TRUE,300
-2018.11916999432,-2029.80959694956,-2017.88834520712,-2007.86769215611,6138.5155269778,0.999799966202591,"log_lik_sum",1,TRUE,300
