"mean","lower","mid","upper","ESS","Rhat","var","ivar","converged","ess.thres"
30.6622557843893,28.8680567302764,30.3228564093421,34.5343092861928,6863.41452669355,1.000665649648,"rmse",1,TRUE,300
-1720.68809066187,-1733.58611763861,-1720.48769936824,-1708.86886682509,6007.68260414444,1.00059416785602,"log_lik_sum",1,TRUE,300
