"mean","lower","mid","upper","ESS","Rhat","var","ivar","converged","ess.thres"
42.4639039655751,39.2128905913595,41.9513156023103,48.7431376977423,7240.48838861815,1.00000073373555,"rmse",1,TRUE,300
-2010.03169695074,-2022.42894381718,-2009.73297970014,-1999.11353640376,6824.35673700221,1.00008202273006,"log_lik_sum",1,TRUE,300
