"mean","lower","mid","upper","ESS","Rhat","var","ivar","converged","ess.thres"
32.8021479583215,30.1774479728952,32.170699163474,39.2421444004983,6992.88332057986,0.999902055682381,"rmse",1,TRUE,300
-1735.98278686395,-1748.37238993181,-1735.82011379314,-1724.70209227377,6905.26367023896,1.00067093484451,"log_lik_sum",1,TRUE,300
