"mean","lower","mid","upper","ESS","Rhat","var","ivar","converged","ess.thres"
47.8815907419191,40.4485322406937,47.5397580046981,57.1778607739437,7064.12107286238,0.999755916180098,"rmse",1,TRUE,300
-1706.89656492292,-1725.36707182098,-1706.39027741588,-1690.56716441074,6974.44530942926,0.999745794002012,"log_lik_sum",1,TRUE,300
