"mean","lower","mid","upper","ESS","Rhat","var","ivar","converged","ess.thres"
93.4024793434807,83.9838824821701,92.9258204080174,107.100925941892,2743.58376827634,1.00051394217375,"rmse",1,TRUE,300
-2051.79194303899,-2063.68774668834,-2051.45623773056,-2041.81109288274,5067.10371375468,1.00071465650253,"log_lik_sum",1,TRUE,300
