"mean","lower","mid","upper","ESS","Rhat","var","ivar","converged","ess.thres"
35.1408741485155,32.8052026454958,34.9097373032889,38.8711102314331,4958.0370311241,1.00044477078814,"rmse",1,TRUE,300
-1680.29066413723,-1692.68272783577,-1679.99376069403,-1669.26134535528,5030.4750418676,1.00019071953537,"log_lik_sum",1,TRUE,300
