"mean","lower","mid","upper","ESS","Rhat","var","ivar","converged","ess.thres"
53.9393427472998,50.8942322440182,53.4017696161797,60.0451855223082,7003.29829339938,0.999878410942335,"rmse",1,TRUE,300
-1729.92058786695,-1742.99390067936,-1729.59963706916,-1718.59134530842,5116.38145461988,0.999771639528102,"log_lik_sum",1,TRUE,300
