"mean","lower","mid","upper","ESS","Rhat","var","ivar","converged","ess.thres"
64.0441525893574,59.8782944833474,63.363259154156,71.8206966324093,6487.81445857083,0.999896508823828,"rmse",1,TRUE,300
-1847.93568924609,-1859.83001049273,-1847.56887861404,-1837.79563026154,4773.35613817177,1.00040512843307,"log_lik_sum",1,TRUE,300
