"mean","lower","mid","upper","ESS","Rhat","var","ivar","converged","ess.thres"
38.0290395270428,35.1738991830661,37.7771685231389,42.449636044116,6082.01460266179,1.00021143051822,"rmse",1,TRUE,300
-1806.27387991712,-1818.75521663725,-1806.0215818647,-1795.00391407655,5542.03920730753,1.00178735308105,"log_lik_sum",1,TRUE,300
