"mean","lower","mid","upper","ESS","Rhat","var","ivar","converged","ess.thres"
44.2771110403706,39.3665404348235,43.5828477356103,53.0297195553697,6810.72936611951,0.999672482888624,"rmse",1,TRUE,300
-1860.4332385515,-1872.15858456781,-1860.20660323466,-1849.61897404989,6735.83156920547,0.999908578418423,"log_lik_sum",1,TRUE,300
