"mean","lower","mid","upper","ESS","Rhat","var","ivar","converged","ess.thres"
30.3228430308518,28.0266085701799,29.8927599506428,35.0382405109997,7064.60057864968,0.999892191639897,"rmse",1,TRUE,300
-1665.98388428274,-1677.93344035757,-1665.59520961703,-1656.22105710263,5787.46618743254,1.00009371847545,"log_lik_sum",1,TRUE,300
