"mean","lower","mid","upper","ESS","Rhat","var","ivar","converged","ess.thres"
9.16971218276751,8.44643779520564,9.11595857413711,10.2323469617854,5667.30133540563,0.999751662097636,"rmse",1,TRUE,300
-1126.76565264491,-1139.49436085996,-1126.62502381726,-1114.92103341855,5077.08692138058,0.999822049248713,"log_lik_sum",1,TRUE,300
