"mean","lower","mid","upper","ESS","Rhat","var","ivar","converged","ess.thres"
55.1656893604379,50.3934282458841,54.4491889441757,63.9053483744182,6997.18355173018,0.999940398692111,"rmse",1,TRUE,300
-2013.69258666488,-2025.41683806616,-2013.35579463033,-2003.70918370833,6643.36336891497,0.999742697475466,"log_lik_sum",1,TRUE,300
