"mean","lower","mid","upper","ESS","Rhat","var","ivar","converged","ess.thres"
46.5607981752915,43.5539490250114,46.0969288986231,52.1493952269906,7169.92629010785,1.00010569483703,"rmse",1,TRUE,300
-1961.71361568678,-1973.24804763949,-1961.40467223737,-1951.73951219538,6774.69641980355,0.999763268796038,"log_lik_sum",1,TRUE,300
