"mean","lower","mid","upper","ESS","Rhat","var","ivar","converged","ess.thres"
129.669850713847,117.489798717559,128.759375860215,147.67291102845,6876.31368998279,0.999934371370411,"rmse",1,TRUE,300
-2023.50182185901,-2036.2400979876,-2023.23382515788,-2012.44931944125,6696.59257707454,0.999822486270992,"log_lik_sum",1,TRUE,300
