"mean","lower","mid","upper","ESS","Rhat","var","ivar","converged","ess.thres"
24.9543516761118,22.3631295195236,24.6504161114173,29.401052793042,7275.1905417231,1.00079624052035,"rmse",1,TRUE,300
-1750.74901090604,-1762.54862516823,-1750.38401961712,-1741.08234167082,6901.62250047942,1.00045206914249,"log_lik_sum",1,TRUE,300
