"mean","lower","mid","upper","ESS","Rhat","var","ivar","converged","ess.thres"
21.6703403714548,19.7543760286295,21.4210894977666,25.033211513944,4971.151366735,1.00018783308403,"rmse",1,TRUE,300
-1259.44676820451,-1270.89087616606,-1259.11318997865,-1249.86060495297,4779.68659168347,1.00014738581173,"log_lik_sum",1,TRUE,300
