"mean","lower","mid","upper","ESS","Rhat","var","ivar","converged","ess.thres"
41.5797819797462,37.7788280178904,41.2293365355183,47.4147809537459,6804.47142415933,0.999855948737612,"rmse",1,TRUE,300
-2006.18479312287,-2018.66719877489,-2005.88329589334,-1995.5516295544,6409.71383546648,0.999683417139973,"log_lik_sum",1,TRUE,300
