"mean","lower","mid","upper","ESS","Rhat","var","ivar","converged","ess.thres"
12.6748092683077,9.18602282415376,11.9036979943998,20.3903724761077,6089.30363003766,0.999924591617557,"rmse",1,TRUE,300
-1149.39127596624,-1161.56581917952,-1149.03922387114,-1139.43196469421,5242.72815568275,1.00018546722071,"log_lik_sum",1,TRUE,300
