"mean","lower","mid","upper","ESS","Rhat","var","ivar","converged","ess.thres"
22.0695238788843,20.0891084615171,21.6186220137322,26.5635519609013,6961.83945256245,1.00030955098997,"rmse",1,TRUE,300
-1192.4473518898,-1203.64833666053,-1192.15370406693,-1183.08466713744,6678.03469691692,1.00053192224696,"log_lik_sum",1,TRUE,300
