"mean","lower","mid","upper","ESS","Rhat","var","ivar","converged","ess.thres"
36.9638691005888,35.2075821329943,36.7426573509062,39.9819785887143,6440.53812108692,1.00018915532497,"rmse",1,TRUE,300
-1802.80025906189,-1814.56103785197,-1802.54356148288,-1792.79399104829,6091.02643448775,0.999826320225023,"log_lik_sum",1,TRUE,300
