"mean","lower","mid","upper","ESS","Rhat","var","ivar","converged","ess.thres"
67.2858773645361,62.5004241199771,66.2775176849887,78.3431566938001,6972.63988541511,1.00010966285484,"rmse",1,TRUE,300
-1948.72983600557,-1961.3287590415,-1948.41376231315,-1937.84666541925,6139.45273859491,1.00015657601349,"log_lik_sum",1,TRUE,300
