"mean","lower","mid","upper","ESS","Rhat","var","ivar","converged","ess.thres"
88.8063645900387,80.3630235408217,87.9428947117702,102.229439401493,7253.00319474577,0.999949486714338,"rmse",1,TRUE,300
-2134.66170064853,-2148.48894098209,-2134.46245329254,-2122.20418388883,7100.85334368185,0.999718755510042,"log_lik_sum",1,TRUE,300
