"mean","lower","mid","upper","ESS","Rhat","var","ivar","converged","ess.thres"
53.4616533477781,47.5094558988532,52.5902350303377,64.210069072187,7395.07454273054,0.99961400996759,"rmse",1,TRUE,300
-1859.03323641742,-1872.45984982534,-1858.88543052457,-1846.72292784906,6893.91859781491,1.00040014596577,"log_lik_sum",1,TRUE,300
