"mean","lower","mid","upper","ESS","Rhat","var","ivar","converged","ess.thres"
15.2633695748464,14.2727408545613,15.1896126265537,16.7091960883255,6109.92397527733,0.999913280365041,"rmse",1,TRUE,300
-1411.10669811251,-1423.38013311137,-1410.7990986134,-1400.71375496552,6237.05236049024,0.99979920135209,"log_lik_sum",1,TRUE,300
