"mean","lower","mid","upper","ESS","Rhat","var","ivar","converged","ess.thres"
160.219255935429,147.774118917851,157.923558087284,185.468929801788,6702.0367360825,1.00016732707982,"rmse",1,TRUE,300
-2143.74404168151,-2156.00013504581,-2143.43154253173,-2133.12883737939,6091.76455539664,1.00045495867812,"log_lik_sum",1,TRUE,300
