"mean","lower","mid","upper","ESS","Rhat","var","ivar","converged","ess.thres"
28.5787561256712,25.387008454487,28.2959446481861,33.4590214281347,4125.00467756103,1.00072931783534,"rmse",1,TRUE,300
-1494.04336274875,-1505.62553000013,-1493.71648015428,-1484.03619129994,4982.14529340319,0.999625577506452,"log_lik_sum",1,TRUE,300
