"mean","lower","mid","upper","ESS","Rhat","var","ivar","converged","ess.thres"
20.6606002379587,16.9966820551955,20.229978515993,26.9138641080335,7102.90643109689,1.00021204601362,"rmse",1,TRUE,300
-1477.41018561449,-1494.42710060756,-1476.97468239422,-1462.44318342532,6547.78767451429,1.00008197029103,"log_lik_sum",1,TRUE,300
