"mean","lower","mid","upper","ESS","Rhat","var","ivar","converged","ess.thres"
33.9050070490253,28.423698757578,33.0322506919423,44.7272834925835,6788.10213155555,1.00036461781253,"rmse",1,TRUE,300
-1463.3919177245,-1475.56205437822,-1463.11938142174,-1453.01576190241,5951.24375247598,1.00020051144902,"log_lik_sum",1,TRUE,300
