"mean","lower","upper","ESS","Rhat","var","ivar","converged","ess.thres"
7.67178044102959,6.68490119704709,9.10254762891056,5794.23615196896,1.00000365311052,"rmse",1,TRUE,300
-1282.48334677973,-1301.08669581725,-1266.29624934788,6046.50999323436,1.00003035447179,"log_lik_sum",1,TRUE,300
