"mean","lower","upper","ESS","Rhat","var","ivar","converged","ess.thres"
12.8916631375867,11.3638193380957,15.1015987653216,7010.22143539357,0.999875156796681,"rmse",1,TRUE,300
-1643.07232643702,-1662.01140903951,-1623.52496816331,3639.19760210241,0.999979442217156,"log_lik_sum",1,TRUE,300
