"mean","lower","upper","ESS","Rhat","var","ivar","converged","ess.thres"
10.7638422912138,8.6403517427389,14.7203624394986,6928.15225086657,1.00002894449523,"rmse",1,TRUE,300
-1287.98296490271,-1306.05093585041,-1272.47435748937,6219.80304715279,0.999962770625854,"log_lik_sum",1,TRUE,300
