"mean","lower","upper","ESS","Rhat","var","ivar","converged","ess.thres"
33.2790625822253,27.3543768558445,39.8746353236976,7155.57567426524,0.999618494506138,"rmse",1,TRUE,300
-1864.6834013253,-1883.11525072392,-1848.91682746316,5558.61451987965,0.999910334609654,"log_lik_sum",1,TRUE,300
