"mean","lower","upper","ESS","Rhat","var","ivar","converged","ess.thres"
23.9852916174987,20.5965246959969,28.6530943785946,6716.94228380045,1.00022794312211,"rmse",1,TRUE,300
-1844.57208541221,-1861.6082484444,-1830.13673759692,6253.74951967837,0.999961626076175,"log_lik_sum",1,TRUE,300
