"mean","lower","upper","ESS","Rhat","var","ivar","converged","ess.thres"
22.0747010381728,19.1154807238444,25.770209319364,6841.93298883216,1.0003908597275,"rmse",1,TRUE,300
-1593.1195955469,-1610.6437253317,-1578.13203740515,5296.8159162193,1.00069299938732,"log_lik_sum",1,TRUE,300
