"mean","lower","upper","ESS","Rhat","var","ivar","converged","ess.thres"
80.3813015814089,69.6418082080294,94.4125207541331,7304.64292588445,0.999943950401685,"rmse",1,TRUE,300
-1935.18873552019,-1952.64891842801,-1920.40709637476,5385.47425536161,1.00000272940355,"log_lik_sum",1,TRUE,300
