"mean","lower","upper","ESS","Rhat","var","ivar","converged","ess.thres"
16.9930973045521,15.3320047849395,19.5397820245034,6745.82321152059,0.999997695130013,"rmse",1,TRUE,300
-1678.89367586738,-1695.95972332581,-1664.28919826138,6288.77117245813,1.0001995472157,"log_lik_sum",1,TRUE,300
