"mean","lower","upper","ESS","Rhat","var","ivar","converged","ess.thres"
7.74642992785741,6.86915659723648,9.03101104257676,6802.16080514146,0.999912410435694,"rmse",1,TRUE,300
-1192.96841039011,-1212.75758568006,-1175.90122645769,5515.72682516945,1.00051938000111,"log_lik_sum",1,TRUE,300
