"mean","lower","upper","ESS","Rhat","var","ivar","converged","ess.thres"
28.1307373893974,23.4722723411693,36.6546539567193,7056.02106096962,1.00033800118296,"rmse",1,TRUE,300
-1666.85787280358,-1687.76087111169,-1647.26474970088,4226.08952005139,1.00008863620907,"log_lik_sum",1,TRUE,300
