"mean","lower","upper","ESS","Rhat","var","ivar","converged","ess.thres"
37.409448400419,28.7680943601754,51.5355270092556,6230.92914335491,0.999870275807889,"rmse",1,TRUE,300
-1539.34850298575,-1557.72735994124,-1523.65338166576,3295.91255255909,1.00006662836336,"log_lik_sum",1,TRUE,300
