"mean","lower","upper","ESS","Rhat","var","ivar","converged","ess.thres"
21.2628467690562,18.1263835067149,25.394457170029,6531.94050158022,1.00102361439991,"rmse",1,TRUE,300
-1658.13127372341,-1675.33845998918,-1643.44443993307,5182.61076841609,1.00006970137817,"log_lik_sum",1,TRUE,300
