"mean","lower","upper","ESS","Rhat","var","ivar","converged","ess.thres"
43.743457460082,38.3780368627101,50.1647610207349,7166.5909798754,0.999974915889899,"rmse",1,TRUE,300
-1617.96902058845,-1637.25727913994,-1601.32490588432,6422.50150780305,0.999958408731598,"log_lik_sum",1,TRUE,300
