"mean","lower","upper","ESS","Rhat","var","ivar","converged","ess.thres"
30.436331754817,26.0819451393443,37.4819310821443,6856.28147407391,1.00006660099563,"rmse",1,TRUE,300
-1852.98897165916,-1870.21607586957,-1838.04779896301,6416.60580176534,1.000271869675,"log_lik_sum",1,TRUE,300
