"mean","lower","upper","ESS","Rhat","var","ivar","converged","ess.thres"
31.814400748465,27.7656826949984,37.4991657226003,7030.63173286451,1.00038791980202,"rmse",1,TRUE,300
-1854.07814912396,-1871.26638112126,-1839.51444771513,6125.5592011479,0.999906341201056,"log_lik_sum",1,TRUE,300
