"mean","lower","upper","ESS","Rhat","var","ivar","converged","ess.thres"
23.1158707135305,19.9397180058234,28.22648159083,6971.75606955106,0.999630520552496,"rmse",1,TRUE,300
-1612.24633840244,-1630.12820137906,-1597.42950941045,6502.28967959456,0.999749351091336,"log_lik_sum",1,TRUE,300
