"mean","lower","upper","ESS","Rhat","var","ivar","converged","ess.thres"
8.20775898426807,7.11213343093187,9.73696368170758,6423.7549794527,0.999787149956389,"rmse",1,TRUE,300
-1144.90166204515,-1161.87592283671,-1129.86202069354,3150.43158141621,1.00027592662163,"log_lik_sum",1,TRUE,300
