"mean","lower","upper","ESS","Rhat","var","ivar","converged","ess.thres"
12.7841013165769,10.3253707454743,16.0539929734817,7131.9616917806,1.00005727755438,"rmse",1,TRUE,300
-1538.00954301121,-1554.97750495078,-1522.98459920266,5881.71898736221,0.999812451975191,"log_lik_sum",1,TRUE,300
