"mean","lower","upper","ESS","Rhat","var","ivar","converged","ess.thres"
22.9294399268358,19.5285733405729,29.5389562729591,7313.32787295688,0.999709407910447,"rmse",1,TRUE,300
-1566.58300333024,-1583.95640507221,-1552.14929079985,6220.04455323856,1.00115008887895,"log_lik_sum",1,TRUE,300
