"mean","lower","upper","ESS","Rhat","var","ivar","converged","ess.thres"
18.9454382428407,16.5923273010164,22.3036777112956,6887.36615508956,0.999986477904784,"rmse",1,TRUE,300
-1830.61931700478,-1850.16817426599,-1813.40920554329,5662.15122306161,0.999910239615912,"log_lik_sum",1,TRUE,300
