"mean","lower","upper","ESS","Rhat","var","ivar","converged","ess.thres"
12.3303177332908,10.2327320821123,15.1039045425397,6970.32565299214,1.00037247264344,"rmse",1,TRUE,300
-1562.47922796506,-1580.16186389745,-1546.85013374341,6030.33647771445,0.999684708141147,"log_lik_sum",1,TRUE,300
