"mean","lower","upper","ESS","Rhat","var","ivar","converged","ess.thres"
7.88133342136738,6.6665861613613,9.62907099818853,6957.33258367577,1.0005367721515,"rmse",1,TRUE,300
-1355.37335728277,-1373.67916916279,-1339.38251674457,6122.87201354762,0.999830538809449,"log_lik_sum",1,TRUE,300
