"mean","lower","upper","ESS","Rhat","var","ivar","converged","ess.thres"
40.5153957905291,33.9071800693011,48.8955294249632,7335.39414947517,1.00011388422359,"rmse",1,TRUE,300
-1794.13646948351,-1811.06151907654,-1779.86779983431,5176.24815356412,1.00008200994619,"log_lik_sum",1,TRUE,300
