"mean","lower","upper","ESS","Rhat","var","ivar","converged","ess.thres"
12.3907146085022,10.6478760123824,14.8169057716204,6764.1643585317,0.999956628736591,"rmse",1,TRUE,300
-1466.15952184435,-1483.52866286247,-1451.71628755854,6246.73366474308,0.999872613890461,"log_lik_sum",1,TRUE,300
