"mean","lower","upper","ESS","Rhat","var","ivar","converged","ess.thres"
23.0906079376493,19.1747215179338,28.7136239342567,6727.03101397652,0.999785978027405,"rmse",1,TRUE,300
-1647.13526492001,-1664.44195896359,-1632.68823495073,5098.13688043909,1.00052440293718,"log_lik_sum",1,TRUE,300
