"mean","lower","upper","ESS","Rhat","var","ivar","converged","ess.thres"
7.86132653287441,6.82004058092942,9.35585265771339,7112.86295928814,1.00035254584282,"rmse",1,TRUE,300
-1380.36516276233,-1397.10317701496,-1365.93169097915,5605.82093562471,1.00045080364372,"log_lik_sum",1,TRUE,300
