"mean","lower","upper","ESS","Rhat","var","ivar","converged","ess.thres"
3.75336775884436,3.3388314778562,4.4581953597317,6497.06170470192,0.999945796647039,"rmse",1,TRUE,300
-981.81840373564,-1000.70450740826,-965.952077844089,5151.24582188503,1.00033029622908,"log_lik_sum",1,TRUE,300
