"mean","lower","upper","ESS","Rhat","var","ivar","converged","ess.thres"
36.0694259797235,29.7749694371489,46.6523320517506,7160.72943752898,1.0000763887044,"rmse",1,TRUE,300
-1512.10623060157,-1531.00577128213,-1496.11261772614,4919.09166321857,1.00027266818585,"log_lik_sum",1,TRUE,300
