"mean","lower","upper","ESS","Rhat","var","ivar","converged","ess.thres"
9.13279387197562,7.71882288223711,11.1397743835097,6469.69425515213,0.99992502178438,"rmse",1,TRUE,300
-1085.85881264881,-1104.5125611522,-1069.34083059339,4017.41582428957,1.00008720123864,"log_lik_sum",1,TRUE,300
