"mean","lower","upper","ESS","Rhat","var","ivar","converged","ess.thres"
21.0770849488583,18.5055009592151,25.1819860488773,6984.52629565889,1.00051173736482,"rmse",1,TRUE,300
-1846.03500837288,-1864.930477947,-1829.45412426527,6357.84489168516,1.00053460819672,"log_lik_sum",1,TRUE,300
