"mean","lower","upper","ESS","Rhat","var","ivar","converged","ess.thres"
13.3365998783604,11.4823764814341,15.783428364015,7091.47112989714,1.00033231342425,"rmse",1,TRUE,300
-1507.15412013782,-1525.13681351305,-1492.04206001706,6184.78286109962,1.00019552397134,"log_lik_sum",1,TRUE,300
