"mean","lower","upper","ESS","Rhat","var","ivar","converged","ess.thres"
7.42921235171531,5.70246256642015,10.8211869156828,7012.80721260957,0.999694057804069,"rmse",1,TRUE,300
-1028.1716003619,-1048.07167016773,-1011.25496224553,5532.682652123,0.999842689423523,"log_lik_sum",1,TRUE,300
