"mean","lower","upper","ESS","Rhat","var","ivar","converged","ess.thres"
38.9809452085142,34.9387944391359,44.3907142759837,6626.66926010869,1.00003322893282,"rmse",1,TRUE,300
-1816.40776177564,-1833.64000360439,-1801.80287762155,5074.97059559668,1.00070651548147,"log_lik_sum",1,TRUE,300
