"mean","lower","upper","ESS","Rhat","var","ivar","converged","ess.thres"
43.9668688153063,39.2716856326942,49.8397538051569,7385.65368057195,0.999786334527828,"rmse",1,TRUE,300
-1883.87051923615,-1900.70092729302,-1869.5892949975,5930.55213145059,0.999941814235777,"log_lik_sum",1,TRUE,300
