"mean","lower","upper","ESS","Rhat","var","ivar","converged","ess.thres"
17.3894475818437,15.4573813223604,20.1935838857584,6854.07626151099,0.999759404360932,"rmse",1,TRUE,300
-1670.82077010627,-1688.88957835967,-1655.2770063396,6002.96242138596,0.999685583662892,"log_lik_sum",1,TRUE,300
