"mean","lower","upper","ESS","Rhat","var","ivar","converged","ess.thres"
19.8724308264415,16.6928834409708,24.8555730672542,7239.69617373745,0.999990247298491,"rmse",1,TRUE,300
-1588.85649481616,-1606.2603018703,-1574.12583081064,6590.76454926635,0.999683506079208,"log_lik_sum",1,TRUE,300
