"mean","lower","upper","ESS","Rhat","var","ivar","converged","ess.thres"
56.9406914311524,51.0153856273689,64.1250961403159,5856.8183675137,1.00020428302855,"rmse",1,TRUE,300
-2016.69056342362,-2033.86865593284,-2002.02090849105,2508.4283440066,1.00178649522993,"log_lik_sum",1,TRUE,300
