"mean","lower","upper","ESS","Rhat","var","ivar","converged","ess.thres"
70.7132745520855,61.7284039969447,84.993615579358,6892.25863715289,0.999789459684997,"rmse",1,TRUE,300
-1896.66287593171,-1913.93096200745,-1881.82289467258,5851.14129623363,0.999907632896984,"log_lik_sum",1,TRUE,300
