"mean","lower","upper","ESS","Rhat","var","ivar","converged","ess.thres"
10.3808241861625,8.52922172318749,13.0763177225396,6831.71198038818,0.999837931138199,"rmse",1,TRUE,300
-1313.38648299909,-1333.43927746985,-1297.00363013713,6093.94200159791,0.999852279508206,"log_lik_sum",1,TRUE,300
