"mean","lower","upper","ESS","Rhat","var","ivar","converged","ess.thres"
16.1474542928754,13.5406456162645,20.1778509767247,6613.29837014175,0.999865384674452,"rmse",1,TRUE,300
-1356.70312157956,-1375.62832974971,-1340.53586935666,3862.83724105421,1.00205676609738,"log_lik_sum",1,TRUE,300
