"mean","lower","upper","ESS","Rhat","var","ivar","converged","ess.thres"
10.5135189707654,8.67799546730142,13.4297274790714,7284.81830810537,0.999963620989289,"rmse",1,TRUE,300
-1357.36393828069,-1375.65905226933,-1341.85257691499,6225.39690848108,0.999757890718598,"log_lik_sum",1,TRUE,300
