"mean","lower","upper","ESS","Rhat","var","ivar","converged","ess.thres"
23.9196629678132,20.9775766447327,27.4400347370138,6787.27936346201,0.999691254008255,"rmse",1,TRUE,300
-1383.08321802997,-1401.34194079633,-1367.72835585846,5236.68226376418,0.999838232699463,"log_lik_sum",1,TRUE,300
